"Player Details","","","","","","Receiving","","","","","","","","","","","","","","","","","","","","","","","Advanced","","","","","","","","","","","","","","","","","","","","","","","","","","","FPTS","","","","","",""
"Rank","Name","Team","POS","G","Season","RTE","RTE %","aDOT","AY","AY Share","TGT","TGT/G","TGT %","TPRR","REC","CR %","YDS","RecYDS/G","TM YDS %","YPRR","YPT","YPR","YAC","YAC/REC","YACO","YACO/REC","TD","TM TD %","i20 TGT","EZTGT","EZTD","DP TGT","1READ","1READ %","MTF","MTF/REC","1D","1D/RR","DRP","DRP %","CTGT","CTGT %","DESIGN","DESIGN %","CT","CC","CC %","HERO","RATE","THREAT","YPTOE","WIDE RTE %","SLOT RTE %","INLINE RTE %","BACK RTE %","FP/RR","FP/G","FP","XFP","XFP/G","XFP/RR","RecXFP"
"1","Trey McBride","ARZ","TE","17","2025","48","94.1","6.1","67","21.6","11","0.6","27.5","0.23","11","100.0","120","7.1","45.8","2.50","10.91","10.91","53","4.82","20","1.82","0","0.0","0","0","0","1","9","40.9","2","0.18","4","0.083","0","","11","100.0","2","18.2","1","1","100.0","0","112.1","29.7","3.9","","100.0","","","0.48","1.4","23.0","18.7","1.1","0.39","18.7"
"2","Josh Downs","IND","WR","16","2025","40","97.6","8.4","92","29.7","11","0.7","28.9","0.28","10","90.9","106","6.6","39.4","2.65","9.64","10.60","19","1.90","11","1.10","0","0.0","1","0","0","1","7","26.9","1","0.10","6","0.150","0","","11","100.0","0","","4","3","75.0","2","106.8","30.6","2.1","","100.0","","","0.52","1.3","20.6","17.2","1.1","0.43","17.2"
"3","Juwan Johnson","NO","TE","17","2025","22","100.0","11.2","56","51.4","5","0.3","27.8","0.23","4","80.0","100","5.9","52.4","4.55","20.00","25.00","50","12.50","15","3.75","1","100.0","0","0","0","1","2","18.2","2","0.50","3","0.136","1","20.0","5","100.0","0","","1","1","100.0","0","158.3","29.4","11.4","","100.0","","","0.91","1.2","20.0","9.0","0.5","0.41","9.0"
"4","Rashee Rice","KC","WR","8","2025","18","94.7","7.6","53","44.5","7","0.9","36.8","0.39","5","71.4","90","11.3","63.8","5.00","12.86","18.00","50","10.00","26","5.20","0","0.0","0","0","0","0","6","46.2","2","0.40","3","0.167","0","","6","85.7","0","","1","0","0.0","0","113.7","38.9","5.7","","100.0","","","0.78","1.8","14.0","10.0","1.2","0.56","10.0"
"5","Brandin Cooks","BUF, NO","WR","15","2025","6","100.0","39.5","79","71.8","2","0.1","40.0","0.33","2","100.0","86","5.7","69.9","14.33","43.00","43.00","7","3.50","","","0","0.0","0","0","0","2","2","50.0","0","","2","0.333","0","","2","100.0","0","","1","1","100.0","1","118.8","40.0","29.3","","100.0","","","1.77","0.7","10.6","5.8","0.4","0.97","5.8"
"6","Amon-Ra St. Brown","DET","WR","17","2025","16","94.1","8.5","51","54.3","6","0.4","40.0","0.38","6","100.0","83","4.9","46.1","5.19","13.83","13.83","32","5.33","4","0.67","0","0.0","0","0","0","0","5","55.6","1","0.17","3","0.188","0","","6","100.0","0","","0","0","0.0","0","118.8","42.9","6.1","","100.0","","","0.89","0.8","14.3","9.2","0.5","0.58","9.2"
"7","Michael Wilson","ARZ","WR","17","2025","21","91.3","9.3","37","21.8","4","0.2","22.2","0.19","4","100.0","69","4.1","40.4","3.29","17.25","17.25","32","8.00","14","3.50","1","100.0","0","0","0","0","4","33.3","1","0.25","4","0.190","0","","4","100.0","0","","0","0","0.0","0","158.3","22.2","9.7","","100.0","","","0.80","1.0","16.9","7.4","0.4","0.35","7.4"
"8","Deebo Samuel","WAS","WR","16","2025","35","100.0","0.9","6","2.9","7","0.4","25.9","0.20","5","71.4","65","4.1","30.0","1.86","9.29","13.00","52","10.40","14","2.80","0","0.0","0","0","0","0","5","38.5","3","0.60","3","0.086","1","14.3","7","100.0","3","42.9","2","1","50.0","1","60.7","26.9","3.6","","100.0","","","0.33","0.7","11.5","10.9","0.7","0.31","10.9"
"9","Emeka Egbuka","TB","WR","17","2025","12","92.3","18.0","90","89.1","5","0.3","50.0","0.42","2","40.0","65","3.8","61.3","5.42","13.00","32.50","18","9.00","3","1.50","0","0.0","0","0","0","1","5","55.6","0","","2","0.167","1","20.0","3","60.0","0","","0","0","0.0","0","47.9","55.6","2.5","","100.0","","","0.71","0.5","8.5","8.1","0.5","0.68","8.1"
"10","Davante Adams","LA","WR","14","2025","7","100.0","19.0","38","40.9","2","0.1","28.6","0.29","2","100.0","65","4.6","72.2","9.29","32.50","32.50","27","13.50","3","1.50","0","0.0","0","0","0","1","1","25.0","0","","2","0.286","0","","2","100.0","0","","0","0","0.0","0","118.8","28.6","21.6","","100.0","","","1.21","0.6","8.5","3.9","0.3","0.56","3.9"
"11","Tyquan Thornton","KC","WR","14","2025","9","81.8","44.0","44","50.0","1","0.1","11.1","0.11","1","100.0","61","4.4","36.3","6.78","61.00","61.00","17","17.00","8","8.00","0","0.0","0","0","0","1","1","25.0","0","","1","0.111","0","","1","100.0","0","","1","1","100.0","1","118.8","12.5","46.0","","100.0","","","0.79","0.5","7.1","3.5","0.3","0.39","3.5"
"12","Colston Loveland","CHI","TE","16","2025","11","73.3","16.0","16","11.3","1","0.1","6.7","0.09","1","100.0","58","3.6","45.0","5.27","58.00","58.00","42","42.00","35","35.00","1","100.0","0","0","0","0","1","16.7","2","2.00","1","0.091","0","","1","100.0","0","","0","0","0.0","0","158.3","7.1","47.8","","100.0","","","1.16","0.8","12.8","1.7","0.1","0.16","1.7"
"13","Puka Nacua","LA","WR","16","2025","10","100.0","10.3","41","69.5","4","0.3","44.4","0.40","4","100.0","57","3.6","52.3","5.70","14.25","14.25","16","4.00","11","2.75","0","0.0","0","0","0","0","4","80.0","0","","3","0.300","0","","4","100.0","0","","1","1","100.0","1","118.8","50.0","6.4","","100.0","","","0.97","0.6","9.7","6.1","0.4","0.61","6.1"
"14","Dalton Schultz","HST","TE","17","2025","23","95.8","7.4","37","22.0","5","0.3","22.7","0.22","4","80.0","56","3.3","30.8","2.43","11.20","14.00","30","7.50","6","1.50","0","0.0","0","0","0","0","2","18.2","0","","3","0.130","0","","4","80.0","0","","0","0","0.0","0","113.3","25.0","3.9","","100.0","","","0.42","0.6","9.6","7.6","0.4","0.33","7.6"
"15","Bo Melton","GB","WR","9","2025","8","100.0","21.0","84","91.3","4","0.4","57.1","0.50","2","50.0","55","6.1","78.6","6.88","13.75","27.50","2","1.00","1","0.50","1","100.0","0","0","0","1","3","75.0","0","","2","0.250","0","","4","100.0","0","","2","1","50.0","0","135.4","66.7","3.0","","100.0","","","1.69","1.5","13.5","8.0","0.9","1.00","8.0"
"16","Travis Kelce","KC","TE","17","2025","24","96.0","5.6","39","34.5","7","0.4","31.8","0.29","6","85.7","55","3.2","37.2","2.29","7.86","9.17","20","3.33","6","1.00","0","0.0","0","0","0","0","5","35.7","0","","3","0.125","1","14.3","7","100.0","1","14.3","0","0","0.0","0","59.8","35.0","1.0","","100.0","","","0.48","0.7","11.5","12.0","0.7","0.50","12.0"
"17","Tyler Higbee","LA","TE","10","2025","8","100.0","11.0","33","47.1","3","0.3","42.9","0.38","3","100.0","53","5.3","72.6","6.63","17.67","17.67","20","6.67","2","0.67","0","0.0","0","0","0","1","3","60.0","0","","3","0.375","0","","3","100.0","0","","0","0","0.0","0","118.8","42.9","8.5","","100.0","","","1.04","0.8","8.3","4.6","0.5","0.58","4.6"
"18","Darren Waller","MIA","TE","9","2025","8","88.9","17.0","51","55.4","3","0.3","33.3","0.38","3","100.0","51","5.7","92.7","6.38","17.00","17.00","9","3.00","3","1.00","1","100.0","1","1","1","2","2","40.0","0","","2","0.250","0","","3","100.0","0","","1","1","100.0","0","158.3","37.5","8.3","","100.0","","","1.76","1.6","14.1","6.9","0.8","0.86","6.9"
"19","Sam LaPorta","DET","TE","9","2025","11","84.6","8.5","34","61.8","4","0.4","33.3","0.36","3","75.0","50","5.6","43.1","4.55","12.50","16.67","21","7.00","6","2.00","0","0.0","1","0","0","0","3","33.3","0","","2","0.182","0","","3","75.0","0","","0","0","0.0","0","116.7","36.4","4.1","","100.0","","","0.73","0.9","8.0","6.1","0.7","0.55","6.1"
"20","Keenan Allen","LAC","WR","17","2025","16","100.0","11.3","45","28.8","4","0.2","30.8","0.25","4","100.0","49","2.9","57.6","3.06","12.25","12.25","4","1.00","1","0.25","0","0.0","0","0","0","0","2","25.0","1","0.25","3","0.188","0","","4","100.0","0","","1","1","100.0","0","117.7","30.8","3.7","","100.0","","","0.56","0.5","8.9","6.3","0.4","0.40","6.3"
"21","Ladd McConkey","LAC","WR","16","2025","41","97.6","12.4","124","45.3","10","0.6","34.5","0.24","6","60.0","47","2.9","37.3","1.15","4.70","7.83","3","0.50","2","0.33","0","0.0","0","0","0","2","7","41.2","1","0.17","1","0.024","3","30.0","9","90.0","0","","2","0","0.0","0","71.7","41.7","-3.2","","100.0","","","0.26","0.7","10.7","15.3","1.0","0.37","15.3"
"22","Ja'Marr Chase","CIN","WR","16","2025","16","88.9","4.3","26","26.8","6","0.4","35.3","0.38","5","83.3","46","2.9","44.2","2.88","7.67","9.20","25","5.00","11","2.20","0","0.0","0","0","0","0","5","38.5","1","0.20","3","0.188","0","","6","100.0","1","16.7","1","0","0.0","0","98.6","37.5","1.4","","100.0","","","0.60","0.6","9.6","10.3","0.6","0.65","10.3"
"23","Rome Odunze","CHI","WR","12","2025","21","80.8","20.0","40","22.3","2","0.2","8.7","0.10","2","100.0","46","3.8","17.2","2.19","23.00","23.00","6","3.00","2","1.00","0","0.0","0","0","0","1","2","15.4","0","","1","0.048","0","","2","100.0","0","","0","0","0.0","0","118.8","9.1","11.6","","100.0","","","0.31","0.6","6.6","3.5","0.3","0.17","3.5"
"24","Chig Okonkwo","TEN","TE","17","2025","27","84.4","5.8","52","47.3","9","0.5","29.0","0.33","6","66.7","45","2.6","33.8","1.67","5.00","7.50","15","2.50","13","2.17","0","0.0","0","0","0","0","7","31.8","1","0.17","2","0.074","2","22.2","9","100.0","1","11.1","3","2","66.7","0","38.9","33.3","-2.0","","100.0","","","0.39","0.6","10.5","13.8","0.8","0.51","13.8"
"25","Xavier Smith","LA","WR","16","2025","12","85.7","21.5","43","42.2","2","0.1","14.3","0.17","2","100.0","45","2.8","26.0","3.75","22.50","22.50","2","1.00","1","0.50","0","0.0","0","0","0","1","1","12.5","0","","2","0.167","0","","2","100.0","0","","0","0","0.0","1","118.8","15.4","11.9","","100.0","","","0.54","0.4","6.5","3.3","0.2","0.27","3.3"
"26","Tyrell Shavers","BUF","WR","17","2025","3","100.0","46.0","46","80.7","1","0.1","50.0","0.33","1","100.0","43","2.5","78.2","14.33","43.00","43.00","0","","","","1","100.0","0","1","1","1","0","0.0","0","","1","0.333","0","","1","100.0","0","","0","0","0.0","0","158.3","50.0","28.0","","100.0","","","3.77","0.7","11.3","4.1","0.2","1.37","4.1"
"27","Kyle Pitts","ATL","TE","17","2025","10","90.9","4.3","13","21.3","3","0.2","27.3","0.30","3","100.0","43","2.5","46.7","4.30","14.33","14.33","30","10.00","2","0.67","0","0.0","0","0","0","0","2","25.0","0","","2","0.200","0","","3","100.0","1","33.3","0","0","0.0","0","118.8","27.3","8.0","","100.0","","","0.73","0.4","7.3","4.5","0.3","0.45","4.5"
"28","A.J. Brown","PHI","WR","15","2025","6","85.7","5.5","11","61.1","2","0.1","40.0","0.33","2","100.0","39","2.6","55.7","6.50","19.50","19.50","28","14.00","3","1.50","0","0.0","0","0","0","0","2","66.7","1","0.50","2","0.333","0","","2","100.0","0","","1","1","100.0","0","118.8","40.0","12.9","","100.0","","","0.98","0.4","5.9","2.8","0.2","0.47","2.8"
"29","Tutu Atwell","LA","WR","10","2025","15","100.0","38.0","38","19.2","1","0.1","7.1","0.07","1","100.0","38","3.8","14.3","2.53","38.00","38.00","0","","","","0","0.0","0","0","0","1","0","0.0","0","","1","0.067","0","","1","100.0","0","","0","0","0.0","0","118.8","7.1","26.3","","100.0","","","0.32","0.5","4.8","2.2","0.2","0.15","2.2"
"30","Chimere Dike","TEN","WR","17","2025","28","96.6","18.5","74","31.9","4","0.2","14.3","0.14","1","25.0","38","2.2","20.1","1.36","9.50","38.00","3","3.00","2","2.00","0","0.0","0","0","0","1","4","21.1","0","","1","0.036","0","","1","25.0","0","","1","1","100.0","0","66.7","16.0","-1.0","","100.0","","","0.17","0.3","4.8","9.8","0.6","0.35","9.8"
"31","Brock Bowers","LV","TE","12","2025","13","86.7","11.8","47","64.4","4","0.3","33.3","0.31","3","75.0","38","3.2","41.8","2.92","9.50","12.67","14","4.67","3","1.00","0","0.0","1","1","0","1","2","25.0","0","","2","0.154","0","","3","75.0","0","","0","0","0.0","0","104.2","33.3","0.7","","100.0","","","0.52","0.6","6.8","7.9","0.7","0.61","7.9"
"32","CeeDee Lamb","DAL","WR","14","2025","19","100.0","10.7","75","57.3","7","0.5","38.9","0.37","3","42.9","37","2.6","29.8","1.95","5.29","12.33","11","3.67","4","1.33","0","0.0","0","0","0","0","6","46.2","0","","2","0.105","2","28.6","5","71.4","1","14.3","1","1","100.0","0","59.8","38.9","-3.3","","100.0","","","0.35","0.5","6.7","13.3","0.9","0.70","13.3"
"33","Mike Gesicki","CIN","TE","13","2025","21","100.0","18.5","37","21.8","2","0.2","11.1","0.10","1","50.0","37","2.8","22.4","1.76","18.50","37.00","14","14.00","7","7.00","0","0.0","0","0","0","1","2","14.3","0","","1","0.048","0","","1","50.0","0","","0","0","0.0","0","56.3","11.1","7.5","","100.0","","","0.22","0.4","4.7","5.7","0.4","0.27","5.7"
"34","Hunter Henry","NE","TE","17","2025","16","94.1","15.0","30","18.4","2","0.1","13.3","0.13","2","100.0","36","2.1","36.4","2.25","18.00","18.00","6","3.00","2","1.00","0","0.0","0","0","0","1","0","0.0","0","","2","0.125","0","","2","100.0","0","","1","1","100.0","0","118.8","15.4","8.5","","100.0","","","0.35","0.3","5.6","3.4","0.2","0.21","3.4"
"35","Nico Collins","HST","WR","15","2025","12","92.3","11.0","33","48.5","3","0.2","27.3","0.25","3","100.0","36","2.4","58.1","3.00","12.00","12.00","3","1.00","1","0.33","0","0.0","0","0","0","1","3","33.3","0","","2","0.167","0","","3","100.0","0","","2","2","100.0","0","116.7","27.3","3.1","","100.0","","","0.55","0.4","6.6","5.5","0.4","0.46","5.5"
"36","Ray-Ray McCloud","ATL, NYG","WR","6","2025","3","100.0","5.5","11","78.6","2","0.3","66.7","0.67","2","100.0","36","6.0","100.0","12.00","18.00","18.00","25","12.50","20","10.00","0","0.0","0","0","0","0","2","66.7","2","1.00","2","0.667","0","","2","100.0","0","","0","0","0.0","0","118.8","66.7","10.6","","100.0","","","1.87","0.9","5.6","2.9","0.5","0.96","2.9"
"37","Wan'Dale Robinson","NYG","WR","16","2025","31","91.2","5.6","39","17.5","7","0.4","24.1","0.23","5","71.4","35","2.2","28.0","1.13","5.00","7.00","21","4.20","4","0.80","0","0.0","1","0","0","0","6","30.0","2","0.40","1","0.032","0","","5","71.4","2","28.6","0","0","0.0","0","82.4","25.9","-1.9","","100.0","","","0.27","0.5","8.5","12.2","0.8","0.39","12.2"
"38","Jake Ferguson","DAL","TE","17","2025","30","93.8","5.0","25","7.4","5","0.3","16.1","0.17","5","100.0","35","2.1","17.1","1.17","7.00","7.00","10","2.00","2","0.40","0","0.0","0","0","0","0","4","21.1","0","","0","0.000","0","","5","100.0","0","","2","2","100.0","1","95.8","16.7","0.4","","100.0","","","0.25","0.4","7.5","9.1","0.5","0.30","9.1"
"39","Theo Johnson","NYG","TE","15","2025","26","96.3","7.7","46","21.1","6","0.4","26.1","0.23","3","50.0","33","2.2","32.4","1.27","5.50","11.00","14","4.67","1","0.33","0","0.0","0","0","0","0","5","29.4","0","","2","0.077","1","16.7","4","66.7","0","","0","0","0.0","0","66.7","27.3","-2.0","","100.0","","","0.24","0.4","6.3","8.8","0.6","0.34","8.8"
"40","Marquise Brown","KC","WR","16","2025","13","92.9","5.3","16","17.2","3","0.2","25.0","0.23","3","100.0","33","2.1","28.0","2.54","11.00","11.00","17","5.67","11","3.67","0","0.0","0","0","0","0","3","30.0","4","1.33","2","0.154","0","","3","100.0","1","33.3","0","0","0.0","0","112.5","27.3","3.8","","100.0","","","0.48","0.4","6.3","4.8","0.3","0.37","4.8"
"41","Jaylin Noel","HST","WR","17","2025","16","100.0","9.3","37","28.7","4","0.2","30.8","0.25","3","75.0","33","1.9","35.9","2.06","8.25","11.00","17","5.67","3","1.00","0","0.0","0","0","0","2","4","33.3","0","","1","0.063","0","","3","75.0","2","50.0","1","1","100.0","0","59.4","30.8","0.0","","100.0","","","0.39","0.4","6.3","6.4","0.4","0.40","6.4"
"42","Tyler Lockett","LV, TEN","WR","17","2025","32","91.4","4.6","23","19.8","5","0.3","15.6","0.16","5","100.0","33","1.9","25.4","1.03","6.60","6.60","10","2.00","2","0.40","0","0.0","0","0","0","0","4","18.2","0","","0","0.000","0","","5","100.0","1","20.0","2","2","100.0","0","94.2","17.9","-0.1","","100.0","","","0.26","0.5","8.3","7.5","0.4","0.23","7.5"
"43","Brenton Strange","JAX","TE","12","2025","11","78.6","4.7","14","11.7","3","0.3","30.0","0.27","3","100.0","33","2.8","28.7","3.00","11.00","11.00","19","6.33","3","1.00","0","0.0","0","0","0","0","2","25.0","0","","2","0.182","0","","3","100.0","0","","1","1","100.0","0","112.5","30.0","4.7","","100.0","","","0.57","0.5","6.3","4.2","0.3","0.38","4.2"
"44","Ryan Flournoy","DAL","WR","15","2025","13","92.9","6.5","26","51.0","4","0.3","28.6","0.31","3","75.0","32","2.1","27.6","2.46","8.00","10.67","11","3.67","3","1.00","0","0.0","0","0","0","0","1","14.3","0","","3","0.231","0","","3","75.0","0","","1","1","100.0","0","97.9","28.6","1.1","","100.0","","","0.48","0.4","6.2","5.7","0.4","0.43","5.7"
"45","DJ Moore","CHI","WR","17","2025","9","81.8","10.0","20","46.5","2","0.1","20.0","0.22","2","100.0","32","1.9","53.3","3.56","16.00","16.00","12","6.00","1","0.50","0","0.0","0","0","0","0","1","20.0","0","","2","0.222","0","","2","100.0","1","50.0","0","0","0.0","0","118.8","20.0","7.6","","100.0","","","0.58","0.3","5.2","2.6","0.2","0.29","2.6"
"46","Ja'Tavion Sanders","CAR","TE","13","2025","12","85.7","6.3","25","58.1","4","0.3","36.4","0.33","4","100.0","31","2.4","66.0","2.58","7.75","7.75","6","1.50","1","0.25","0","0.0","0","0","0","0","2","40.0","0","","1","0.083","0","","4","100.0","0","","0","0","0.0","0","99.0","40.0","0.7","","100.0","","","0.59","0.5","7.1","6.6","0.5","0.55","6.6"
"47","Jaylin Lane","WAS","WR","15","2025","7","100.0","5.3","16","44.4","3","0.2","50.0","0.43","3","100.0","29","1.9","74.4","4.14","9.67","9.67","13","4.33","3","1.00","0","0.0","1","0","0","0","2","40.0","0","","2","0.286","0","","3","100.0","0","","0","0","0.0","0","106.9","50.0","3.2","","100.0","","","0.84","0.4","5.9","4.2","0.3","0.60","4.2"
"48","David Sills","ATL","WR","17","2025","10","90.9","9.0","27","31.0","3","0.2","27.3","0.30","2","66.7","29","1.7","38.2","2.90","9.67","14.50","14","7.00","5","2.50","0","0.0","0","0","0","0","2","50.0","0","","1","0.100","0","","2","66.7","0","","0","0","0.0","0","97.9","33.3","1.9","","100.0","","","0.49","0.3","4.9","4.0","0.2","0.40","4.0"
"49","Luther Burden","CHI","WR","15","2025","14","93.3","5.0","25","43.1","5","0.3","38.5","0.36","4","80.0","28","1.9","31.5","2.00","5.60","7.00","25","6.25","7","1.75","0","0.0","1","0","0","1","4","50.0","1","0.25","2","0.143","0","","4","80.0","3","60.0","0","0","0.0","0","90.0","45.5","-1.5","","100.0","","","0.49","0.5","6.8","7.9","0.5","0.57","7.9"
"50","Travis Hunter","JAX","WR","7","2025","16","88.9","22.5","45","22.3","2","0.3","11.8","0.13","1","50.0","28","4.0","27.2","1.75","14.00","28.00","2","2.00","1","1.00","0","0.0","0","0","0","1","2","20.0","0","","1","0.063","0","","1","50.0","0","","0","0","0.0","0","95.8","11.8","1.5","","100.0","","","0.24","0.5","3.8","4.4","0.6","0.28","4.4"
"51","Travis Etienne","JAX","RB","17","2025","3","100.0","7.5","15","27.8","2","0.1","66.7","0.67","2","100.0","28","1.6","100.0","9.33","14.00","14.00","13","6.50","3","1.50","1","100.0","1","1","1","1","2","100.0","1","0.50","1","0.333","0","","2","100.0","1","50.0","0","0","0.0","0","158.3","66.7","5.9","","100.0","","","3.60","0.6","10.8","4.6","0.3","1.53","4.6"
"52","Mark Andrews","BLT","TE","17","2025","19","90.5","5.8","23","20.2","4","0.2","23.5","0.21","3","75.0","28","1.6","22.2","1.47","7.00","9.33","10","3.33","7","2.33","0","0.0","0","0","0","0","3","30.0","1","0.33","1","0.053","0","","4","100.0","0","","1","0","0.0","0","93.8","25.0","0.0","","100.0","","","0.31","0.3","5.8","5.7","0.3","0.30","5.7"
"53","Jalen Nailor","MIN","WR","17","2025","26","92.9","11.0","22","8.0","2","0.1","9.1","0.08","2","100.0","28","1.6","10.6","1.08","14.00","14.00","6","3.00","4","2.00","0","0.0","0","0","0","1","1","7.1","0","","1","0.038","0","","2","100.0","0","","0","0","0.0","0","118.8","9.5","5.9","","100.0","","","0.18","0.3","4.8","3.1","0.2","0.12","3.1"
"54","Jackson Hawes","BUF","TE","17","2025","2","66.7","22.0","22","84.6","1","0.1","50.0","0.50","1","100.0","26","1.5","86.7","13.00","26.00","26.00","4","4.00","1","1.00","1","100.0","0","0","0","1","0","0.0","0","","1","0.500","0","","1","100.0","0","","0","0","0.0","0","158.3","50.0","15.4","","100.0","","","4.80","0.6","9.6","2.3","0.1","1.13","2.3"
"55","Elic Ayomanor","TEN","WR","16","2025","9","90.0","20.0","40","58.8","2","0.1","22.2","0.22","1","50.0","26","1.6","39.4","2.89","13.00","26.00","2","2.00","","","0","0.0","0","0","0","1","2","33.3","0","","1","0.111","0","","1","50.0","0","","1","1","100.0","0","95.8","25.0","2.1","","100.0","","","0.40","0.2","3.6","3.6","0.2","0.40","3.6"
"56","Cade Otton","TB","TE","16","2025","16","80.0","7.0","21","15.3","3","0.2","17.6","0.19","3","100.0","26","1.6","20.2","1.63","8.67","8.67","5","1.67","3","1.00","0","0.0","0","0","0","0","1","11.1","0","","1","0.063","0","","3","100.0","0","","1","1","100.0","0","102.8","18.8","1.3","","100.0","","","0.35","0.4","5.6","4.6","0.3","0.29","4.6"
"57","Pat Freiermuth","PIT","TE","17","2025","20","90.9","7.3","22","19.6","3","0.2","15.0","0.15","3","100.0","26","1.5","16.3","1.30","8.67","8.67","4","1.33","2","0.67","1","50.0","2","1","1","0","2","16.7","0","","1","0.050","0","","3","100.0","1","33.3","2","2","100.0","0","142.4","16.7","1.4","","100.0","","","0.58","0.7","11.6","5.5","0.3","0.27","5.5"
"58","Jalen Coker","CAR","WR","11","2025","10","90.9","3.5","7","43.8","2","0.2","22.2","0.20","2","100.0","26","2.4","41.3","2.60","13.00","13.00","19","9.50","5","2.50","0","0.0","0","0","0","0","1","16.7","2","1.00","2","0.200","0","","2","100.0","0","","0","0","0.0","0","118.8","22.2","6.5","","100.0","","","0.46","0.4","4.6","3.0","0.3","0.30","3.0"
"59","Isaiah Likely","BLT","TE","14","2025","12","75.0","4.7","14","60.9","3","0.2","20.0","0.25","3","100.0","25","1.8","34.2","2.08","8.33","8.33","11","3.67","3","1.00","0","0.0","0","0","0","0","3","30.0","0","","1","0.083","0","","3","100.0","0","","0","0","0.0","0","101.4","23.1","1.8","","100.0","","","0.46","0.4","5.5","4.2","0.3","0.35","4.2"
"60","Matthew Golden","GB","WR","14","2025","10","90.9","5.0","15","26.3","3","0.2","33.3","0.30","3","100.0","25","1.8","56.8","2.50","8.33","8.33","10","3.33","","","0","0.0","0","0","0","0","3","42.9","0","","2","0.200","0","","3","100.0","1","33.3","0","0","0.0","0","101.4","37.5","1.4","","100.0","","","0.55","0.4","5.5","4.3","0.3","0.43","4.3"
"61","Christian Watson","GB","WR","10","2025","5","100.0","22.0","22","45.8","1","0.1","20.0","0.20","1","100.0","25","2.5","86.2","5.00","25.00","25.00","3","3.00","3","3.00","0","0.0","0","0","0","1","0","0.0","0","","1","0.200","0","","1","100.0","0","","1","1","100.0","0","118.8","20.0","13.1","","100.0","","","0.70","0.4","3.5","1.7","0.2","0.34","1.7"
"62","Kenneth Gainwell","PIT","RB","17","2025","3","100.0","-1.5","-3","-30.0","2","0.1","66.7","0.67","2","100.0","24","1.4","100.0","8.00","12.00","12.00","27","13.50","10","5.00","0","0.0","0","0","0","0","2","100.0","1","0.50","2","0.667","0","","2","100.0","1","50.0","0","0","0.0","0","116.7","66.7","5.9","","100.0","","","1.47","0.3","4.4","2.8","0.2","0.92","2.8"
"63","Michael Pittman","IND","WR","17","2025","19","95.0","12.3","37","37.0","3","0.2","20.0","0.16","2","66.7","24","1.4","20.3","1.26","8.00","12.00","8","4.00","6","3.00","0","0.0","0","0","0","1","3","30.0","0","","1","0.053","0","","2","66.7","0","","1","1","100.0","0","51.4","20.0","-0.8","","100.0","","","0.23","0.3","4.4","6.6","0.4","0.35","6.6"
"64","Olamide Zaccheaus","CHI","WR","16","2025","13","72.2","4.5","9","10.2","2","0.1","14.3","0.15","2","100.0","23","1.4","18.5","1.77","11.50","11.50","14","7.00","1","0.50","0","0.0","0","0","0","0","1","12.5","0","","1","0.077","0","","2","100.0","0","","0","0","0.0","0","114.6","15.4","5.3","","100.0","","","0.33","0.3","4.3","3.0","0.2","0.23","3.0"
"65","Darius Cooper","PHI","WR","13","2025","5","100.0","6.5","13","33.3","2","0.2","40.0","0.40","2","100.0","23","1.8","48.9","4.60","11.50","11.50","10","5.00","5","2.50","0","0.0","0","0","0","0","0","0.0","0","","1","0.200","0","","2","100.0","0","","0","0","0.0","0","114.6","40.0","4.0","","100.0","","","0.86","0.3","4.3","3.0","0.2","0.61","3.0"
"66","Chase Brown","CIN","RB","17","2025","5","100.0","-3.5","-7","233.3","2","0.1","40.0","0.40","2","100.0","23","1.4","40.4","4.60","11.50","11.50","30","15.00","6","3.00","0","0.0","0","0","0","0","2","50.0","1","0.50","0","0.000","0","","2","100.0","2","100.0","0","0","0.0","0","114.6","40.0","5.7","","100.0","","","0.86","0.3","4.3","2.9","0.2","0.58","2.9"
"67","Mack Hollins","NE","WR","15","2025","12","100.0","11.5","23","17.2","2","0.1","22.2","0.17","2","100.0","22","1.5","25.0","1.83","11.00","11.00","-1","-0.50","-1","-0.50","0","0.0","0","0","0","0","1","14.3","0","","1","0.083","0","","2","100.0","0","","1","1","100.0","0","112.5","25.0","1.7","","100.0","","","0.35","0.3","4.2","3.8","0.3","0.32","3.8"
"68","Greg Dortch","ARZ","WR","12","2025","18","94.7","6.8","34","34.7","5","0.4","31.3","0.28","3","60.0","22","1.8","42.3","1.22","4.40","7.33","28","9.33","","","0","0.0","0","0","0","1","2","28.6","0","","1","0.056","0","","3","60.0","0","","2","0","0.0","0","70.4","33.3","-2.7","","100.0","","","0.29","0.4","5.2","8.1","0.7","0.45","8.1"
"69","Calvin Austin","PIT","WR","14","2025","20","95.2","10.3","31","29.8","3","0.2","15.0","0.15","2","66.7","21","1.5","11.0","1.05","7.00","10.50","3","1.50","2","1.00","0","0.0","0","0","0","0","0","0.0","1","0.50","1","0.050","0","","2","66.7","0","","1","1","100.0","0","86.8","16.7","-1.3","","100.0","","","0.21","0.3","4.1","4.3","0.3","0.22","4.3"
"70","Sterling Shepard","TB","WR","13","2025","12","92.3","12.7","38","26.8","3","0.2","25.0","0.25","2","66.7","21","1.6","14.9","1.75","7.00","10.50","6","3.00","","","0","0.0","0","0","0","1","2","33.3","0","","1","0.083","0","","2","66.7","1","33.3","0","0","0.0","0","86.8","27.3","-1.7","","100.0","","","0.34","0.3","4.1","5.1","0.4","0.43","5.1"
"71","Christian Kirk","HST","WR","13","2025","26","100.0","9.0","27","19.3","3","0.2","13.0","0.12","2","66.7","21","1.6","12.0","0.81","7.00","10.50","4","2.00","2","1.00","0","0.0","1","0","0","0","2","22.2","0","","1","0.038","0","","2","66.7","0","","0","0","0.0","0","86.8","15.0","-0.5","","100.0","","","0.16","0.3","4.1","4.3","0.3","0.17","4.3"
"72","Tyreek Hill","MIA","WR","4","2025","3","100.0","7.0","14","48.3","2","0.5","66.7","0.67","2","100.0","21","5.3","58.3","7.00","10.50","10.50","7","3.50","2","1.00","0","0.0","0","0","0","0","2","66.7","2","1.00","2","0.667","0","","2","100.0","0","","0","0","0.0","0","110.4","66.7","3.3","","100.0","","","1.37","1.0","4.1","4.4","1.1","1.46","4.4"
"73","Dalton Kincaid","BUF","TE","12","2025","9","100.0","2.3","9","21.4","4","0.3","57.1","0.44","4","100.0","20","1.7","37.7","2.22","5.00","5.00","11","2.75","6","1.50","0","0.0","0","0","0","0","4","66.7","0","","0","0.000","0","","4","100.0","1","25.0","0","0","0.0","0","87.5","57.1","-0.8","","100.0","","","0.67","0.5","6.0","5.6","0.5","0.62","5.6"
"74","Evan Engram","DEN","TE","16","2025","18","94.7","3.3","13","11.5","4","0.3","22.2","0.22","3","75.0","20","1.3","21.1","1.11","5.00","6.67","12","4.00","4","1.33","0","0.0","0","0","0","0","4","44.4","0","","0","0.000","0","","3","75.0","1","25.0","1","1","100.0","0","85.4","22.2","-1.2","","100.0","","","0.28","0.3","5.0","5.7","0.4","0.31","5.7"
"75","Isaiah Davis","NYJ","RB","16","2025","3","100.0","-2.5","-5","0.0","2","0.1","66.7","0.67","2","100.0","20","1.3","100.0","6.67","10.00","10.00","25","12.50","2","1.00","0","0.0","0","0","0","0","1","50.0","0","","1","0.333","0","","2","100.0","1","50.0","0","0","0.0","0","108.3","66.7","4.2","","100.0","","","1.33","0.3","4.0","2.9","0.2","0.97","2.9"
"76","Pat Bryant","DEN","WR","15","2025","23","92.0","5.0","10","6.4","2","0.1","9.1","0.09","2","100.0","19","1.3","25.3","0.83","9.50","9.50","9","4.50","4","2.00","0","0.0","0","0","0","0","2","16.7","1","0.50","1","0.043","0","","2","100.0","0","","0","0","0.0","0","106.3","9.5","3.0","","100.0","","","0.17","0.3","3.9","3.0","0.2","0.13","3.0"
"77","Chris Godwin","TB","WR","9","2025","12","100.0","8.5","17","17.7","2","0.2","22.2","0.17","2","100.0","19","2.1","35.2","1.58","9.50","9.50","2","1.00","1","0.50","0","0.0","0","0","0","0","2","40.0","0","","1","0.083","0","","2","100.0","0","","0","0","0.0","0","106.3","22.2","1.9","","100.0","","","0.33","0.4","3.9","3.0","0.3","0.25","3.0"
"78","Chris Olave","NO","WR","16","2025","20","100.0","18.3","73","67.0","4","0.3","28.6","0.20","2","50.0","19","1.2","17.3","0.95","4.75","9.50","4","2.00","1","0.50","0","0.0","0","0","0","1","4","80.0","0","","1","0.050","1","25.0","3","75.0","0","","0","0","0.0","0","63.5","33.3","-4.5","","100.0","","","0.20","0.2","3.9","5.8","0.4","0.29","5.8"
"79","Jerry Jeudy","CLV","WR","17","2025","10","100.0","9.3","28","52.8","3","0.2","33.3","0.30","2","66.7","18","1.1","34.6","1.80","6.00","9.00","1","0.50","1","0.50","0","0.0","0","0","0","0","3","42.9","0","","1","0.100","0","","2","66.7","0","","0","0","0.0","0","82.6","37.5","-1.9","","100.0","","","0.38","0.2","3.8","4.5","0.3","0.45","4.5"
"80","Zay Flowers","BLT","WR","17","2025","15","100.0","-0.3","-1","-1.5","4","0.2","28.6","0.27","4","100.0","18","1.1","17.5","1.20","4.50","4.50","19","4.75","1","0.25","0","0.0","1","0","0","0","4","44.4","1","0.25","0","0.000","0","","4","100.0","3","75.0","0","0","0.0","0","85.4","33.3","-0.8","","100.0","","","0.32","0.3","4.8","6.7","0.4","0.45","6.7"
"81","Kendrick Bourne","SF","WR","16","2025","10","90.9","6.7","20","26.0","3","0.2","27.3","0.30","1","33.3","18","1.1","24.0","1.80","6.00","18.00","0","","","","0","0.0","0","0","0","0","1","20.0","0","","1","0.100","2","66.7","3","100.0","0","","0","0","0.0","0","54.9","27.3","-1.4","","100.0","","","0.28","0.2","2.8","4.8","0.3","0.48","4.8"
"82","Luke Musgrave","GB","TE","17","2025","17","100.0","5.0","10","4.6","2","0.1","14.3","0.12","2","100.0","17","1.0","22.4","1.00","8.50","8.50","7","3.50","1","0.50","0","0.0","0","0","0","0","2","22.2","0","","1","0.059","0","","2","100.0","0","","0","0","0.0","0","102.1","14.3","2.0","","100.0","","","0.22","0.2","3.7","3.1","0.2","0.18","3.1"
"83","Troy Franklin","DEN","WR","17","2025","25","89.3","7.3","29","18.7","4","0.2","15.4","0.16","3","75.0","17","1.0","8.3","0.68","4.25","5.67","4","1.33","2","0.67","0","0.0","1","0","0","0","3","23.1","0","","0","0.000","0","","3","75.0","0","","0","0","0.0","0","82.3","16.0","-2.9","","100.0","","","0.19","0.3","4.7","6.2","0.4","0.25","6.2"
"84","De'Von Achane","MIA","RB","16","2025","9","100.0","0.0","0","0.0","4","0.3","44.4","0.44","3","75.0","17","1.1","54.8","1.89","4.25","5.67","14","4.67","3","1.00","0","0.0","0","0","0","0","4","66.7","0","","1","0.111","1","25.0","4","100.0","3","75.0","1","1","100.0","0","82.3","57.1","-2.2","","100.0","","","0.52","0.3","4.7","5.9","0.4","0.66","5.9"
"85","Noah Gray","KC","TE","16","2025","9","81.8","13.5","27","40.9","2","0.1","20.0","0.22","1","50.0","17","1.1","23.0","1.89","8.50","17.00","7","7.00","","","0","0.0","0","0","0","0","2","25.0","0","","1","0.111","0","","1","50.0","0","","0","0","0.0","0","79.2","22.2","-1.2","","100.0","","","0.30","0.2","2.7","4.0","0.3","0.45","4.0"
"86","Christian McCaffrey","SF","RB","17","2025","13","100.0","4.7","14","13.0","3","0.2","25.0","0.23","2","66.7","16","0.9","29.6","1.23","5.33","8.00","-1","-0.50","-1","-0.50","0","0.0","0","0","0","0","1","25.0","0","","1","0.077","1","33.3","3","100.0","0","","0","0","0.0","0","79.9","27.3","-1.3","","100.0","","","0.28","0.2","3.6","4.7","0.3","0.36","4.7"
"87","Tez Johnson","TB","WR","16","2025","13","100.0","17.0","17","13.0","1","0.1","7.7","0.08","1","100.0","16","1.0","8.4","1.23","16.00","16.00","-1","-1.00","-1","-1.00","0","0.0","0","0","0","0","1","16.7","0","","1","0.077","0","","1","100.0","0","","1","1","100.0","0","118.8","7.7","4.3","","100.0","","","0.20","0.2","2.6","1.6","0.1","0.12","1.6"
"88","Xavier Worthy","KC","WR","14","2025","18","94.7","8.2","41","30.1","5","0.4","27.8","0.28","4","80.0","16","1.1","11.4","0.89","3.20","4.00","4","1.00","4","1.00","0","0.0","0","0","0","1","3","37.5","1","0.25","0","0.000","0","","4","80.0","2","40.0","0","0","0.0","0","80.0","31.3","-4.1","","100.0","","","0.31","0.4","5.6","7.7","0.6","0.43","7.7"
"89","Greg Dulcich","MIA","TE","10","2025","3","75.0","10.0","10","23.3","1","0.1","25.0","0.33","1","100.0","16","1.6","37.2","5.33","16.00","16.00","6","6.00","2","2.00","0","0.0","0","0","0","0","1","33.3","0","","1","0.333","0","","1","100.0","0","","0","0","0.0","0","118.8","25.0","8.2","","100.0","","","0.87","0.3","2.6","1.4","0.1","0.47","1.4"
"90","Tyler Warren","IND","TE","17","2025","29","93.5","6.3","25","9.5","4","0.2","14.8","0.14","2","50.0","16","0.9","9.4","0.55","4.00","8.00","7","3.50","2","1.00","0","0.0","0","0","0","0","3","14.3","0","","1","0.034","0","","3","75.0","1","25.0","2","1","50.0","0","60.4","15.4","-3.7","","100.0","","","0.12","0.2","3.6","7.2","0.4","0.25","7.2"
"91","Xavier Restrepo","TEN","WR","2","2025","5","100.0","8.5","17","188.9","2","1.0","40.0","0.40","1","50.0","15","7.5","45.5","3.00","7.50","15.00","4","4.00","3","3.00","0","0.0","0","0","0","0","2","66.7","0","","1","0.200","0","","2","100.0","0","","1","0","0.0","0","75.0","40.0","-0.1","","100.0","","","0.50","1.3","2.5","2.9","1.5","0.59","2.9"
"92","Lil'Jordan Humphrey","NYG, DEN","WR","10","2025","7","100.0","11.0","22","16.4","2","0.2","28.6","0.29","1","50.0","15","1.5","30.6","2.14","7.50","15.00","5","5.00","1","1.00","0","0.0","0","0","0","0","1","33.3","0","","1","0.143","0","","1","50.0","0","","0","0","0.0","0","75.0","28.6","-0.8","","100.0","","","0.36","0.3","2.5","3.3","0.3","0.47","3.3"
"93","Dylan Sampson","CLV","RB","15","2025","1","100.0","4.0","4","100.0","1","0.1","100.0","1.00","1","100.0","14","0.9","100.0","14.00","14.00","14.00","10","10.00","11","11.00","0","0.0","0","0","0","0","0","0.0","1","1.00","0","0.000","0","","1","100.0","0","","0","0","0.0","0","118.8","100.0","7.3","","100.0","","","2.40","0.2","2.4","1.4","0.1","1.37","1.4"
"94","Jake Tonges","SF","TE","16","2025","5","71.4","14.0","28","103.7","2","0.1","28.6","0.40","1","50.0","14","0.9","27.5","2.80","7.00","14.00","0","","","","0","0.0","0","0","0","0","2","33.3","0","","1","0.200","0","","1","50.0","0","","1","1","100.0","0","72.9","28.6","-3.3","","100.0","","","0.48","0.2","2.4","4.0","0.2","0.79","4.0"
"95","John Metchie","NYJ, PHI","WR","16","2025","7","87.5","11.0","22","43.1","2","0.1","28.6","0.29","1","50.0","14","0.9","18.4","2.00","7.00","14.00","7","7.00","-1","-1.00","0","0.0","0","0","0","0","2","50.0","0","","1","0.143","0","","2","100.0","0","","1","0","0.0","0","72.9","28.6","-1.7","","100.0","","","0.34","0.2","2.4","3.4","0.2","0.48","3.4"
"96","Bijan Robinson","ATL","RB","17","2025","2","100.0","6.0","12","100.0","2","0.1","100.0","1.00","2","100.0","14","0.8","100.0","7.00","7.00","7.00","2","1.00","1","0.50","0","0.0","0","0","0","0","2","100.0","0","","0","0.000","0","","2","100.0","0","","1","1","100.0","0","95.8","100.0","-0.3","","100.0","","","1.70","0.2","3.4","3.0","0.2","1.50","3.0"
"97","Gage Larvadain","CLV","WR","13","2025","6","100.0","8.0","8","20.0","1","0.1","20.0","0.17","1","100.0","13","1.0","35.1","2.17","13.00","13.00","5","5.00","2","2.00","0","0.0","0","0","0","0","1","25.0","0","","1","0.167","0","","1","100.0","0","","0","0","0.0","0","118.8","20.0","5.5","","100.0","","","0.38","0.2","2.3","1.6","0.1","0.27","1.6"
"98","Cedric Tillman","CLV","WR","13","2025","11","84.6","6.5","13","37.1","2","0.2","16.7","0.18","1","50.0","13","1.0","22.0","1.18","6.50","13.00","1","1.00","1","1.00","0","0.0","0","0","0","0","2","33.3","0","","1","0.091","0","","1","50.0","0","","0","0","0.0","0","70.8","20.0","-0.6","","100.0","","","0.21","0.2","2.3","3.1","0.2","0.28","3.1"
"99","Darnell Mooney","ATL","WR","15","2025","10","100.0","10.0","10","12.0","1","0.1","12.5","0.10","1","100.0","13","0.9","21.7","1.30","13.00","13.00","3","3.00","-1","-1.00","0","0.0","0","0","0","0","1","20.0","1","1.00","1","0.100","0","","1","100.0","0","","0","0","0.0","0","118.8","12.5","5.5","","100.0","","","0.23","0.2","2.3","1.4","0.1","0.14","1.4"
"100","Malik Nabers","NYG","WR","4","2025","2","100.0","13.0","13","48.1","1","0.3","50.0","0.50","1","100.0","13","3.3","100.0","6.50","13.00","13.00","0","","","","0","0.0","0","0","0","0","0","0.0","0","","1","0.500","0","","1","100.0","0","","0","0","0.0","0","118.8","50.0","4.1","","100.0","","","1.15","0.6","2.3","1.7","0.4","0.83","1.7"
"101","Terry McLaurin","WAS","WR","10","2025","3","75.0","8.0","8","160.0","1","0.1","33.3","0.33","1","100.0","13","1.3","65.0","4.33","13.00","13.00","5","5.00","1","1.00","0","0.0","0","0","0","0","1","50.0","0","","1","0.333","0","","1","100.0","0","","0","0","0.0","0","118.8","33.3","5.5","","100.0","","","0.77","0.2","2.3","1.7","0.2","0.56","1.7"
"102","Gunnar Helm","TEN","TE","16","2025","6","85.7","2.5","5","13.9","2","0.1","28.6","0.33","2","100.0","13","0.8","86.7","2.17","6.50","6.50","8","4.00","4","2.00","0","0.0","0","0","0","0","1","33.3","1","0.50","0","0.000","0","","2","100.0","0","","1","1","100.0","0","93.8","40.0","0.2","","100.0","","","0.55","0.2","3.3","2.7","0.2","0.45","2.7"
"103","Tetairoa McMillan","CAR","WR","17","2025","7","87.5","8.0","8","80.0","1","0.1","16.7","0.14","1","100.0","12","0.7","28.6","1.71","12.00","12.00","4","4.00","3","3.00","0","0.0","0","0","0","0","1","33.3","1","1.00","1","0.143","0","","1","100.0","0","","1","1","100.0","0","116.7","20.0","4.5","","100.0","","","0.31","0.1","2.2","1.3","0.1","0.19","1.3"
"104","DK Metcalf","PIT","WR","15","2025","11","91.7","9.0","9","23.1","1","0.1","8.3","0.09","1","100.0","12","0.8","8.2","1.09","12.00","12.00","3","3.00","","","0","0.0","0","0","0","0","1","20.0","0","","0","0.000","0","","1","100.0","0","","0","0","0.0","0","116.7","8.3","4.5","","100.0","","","0.20","0.1","2.2","1.4","0.1","0.13","1.4"
"105","Xavier Hutchinson","HST","WR","17","2025","10","100.0","3.5","7","12.5","2","0.1","22.2","0.20","2","100.0","12","0.7","15.8","1.20","6.00","6.00","5","2.50","1","0.50","0","0.0","1","0","0","0","2","50.0","0","","1","0.100","0","","2","100.0","0","","0","0","0.0","0","91.7","28.6","0.2","","100.0","","","0.32","0.2","3.2","3.5","0.2","0.35","3.5"
"106","Tee Higgins","CIN","WR","15","2025","7","87.5","6.0","6","19.4","1","0.1","14.3","0.14","1","100.0","12","0.8","35.3","1.71","12.00","12.00","6","6.00","4","4.00","0","0.0","0","0","0","0","1","20.0","0","","1","0.143","0","","1","100.0","0","","0","0","0.0","0","116.7","14.3","5.1","","100.0","","","0.31","0.1","2.2","1.2","0.1","0.18","1.2"
"107","Khalil Shakir","BUF","WR","16","2025","23","88.5","3.0","6","4.1","2","0.1","9.5","0.09","2","100.0","12","0.8","5.5","0.52","6.00","6.00","6","3.00","3","1.50","0","0.0","0","0","0","0","1","8.3","0","","0","0.000","0","","2","100.0","0","","0","0","0.0","0","91.7","10.0","0.6","","100.0","","","0.14","0.2","3.2","2.9","0.2","0.13","2.9"
"108","Jonnu Smith","PIT","TE","17","2025","17","85.0","-0.3","-1","-1.9","3","0.2","16.7","0.18","2","66.7","12","0.7","11.4","0.71","4.00","6.00","17","8.50","5","2.50","0","0.0","1","0","0","0","2","15.4","1","0.50","0","0.000","0","","3","100.0","1","33.3","1","0","0.0","0","74.3","17.6","-1.8","","100.0","","","0.19","0.2","3.2","4.4","0.3","0.26","4.4"
"109","Van Jefferson","TEN","WR","16","2025","6","85.7","11.0","11","23.4","1","0.1","14.3","0.17","1","100.0","11","0.7","12.6","1.83","11.00","11.00","0","","","","0","0.0","0","0","0","0","0","0.0","0","","0","0.000","0","","1","100.0","0","","1","1","100.0","0","112.5","14.3","2.7","","100.0","","","0.35","0.1","2.1","1.7","0.1","0.29","1.7"
"110","James Mitchell","CAR","TE","5","2025","1","100.0","1.0","1","100.0","1","0.2","100.0","1.00","1","100.0","11","2.2","100.0","11.00","11.00","11.00","10","10.00","3","3.00","0","0.0","0","0","0","0","1","100.0","0","","1","1.000","0","","1","100.0","0","","0","0","0.0","0","112.5","100.0","5.2","","100.0","","","2.10","0.4","2.1","1.4","0.3","1.39","1.4"
"111","AJ Barner","SEA","TE","17","2025","5","100.0","4.0","4","8.3","1","0.1","20.0","0.20","1","100.0","10","0.6","28.6","2.00","10.00","10.00","6","6.00","4","4.00","0","0.0","0","0","0","0","1","25.0","0","","1","0.200","0","","1","100.0","0","","0","0","0.0","0","108.3","20.0","3.9","","100.0","","","0.40","0.1","2.0","1.4","0.1","0.27","1.4"
"112","Mason Tipton","NO","WR","13","2025","6","85.7","0.0","0","0.0","1","0.1","16.7","0.17","1","100.0","10","0.8","16.1","1.67","10.00","10.00","10","10.00","","","0","0.0","0","0","0","0","1","25.0","1","1.00","1","0.167","0","","1","100.0","0","","0","0","0.0","0","108.3","16.7","4.0","","100.0","","","0.33","0.2","2.0","1.5","0.1","0.24","1.5"
"113","Marvin Mims","DEN","WR","15","2025","10","100.0","3.0","15","25.9","5","0.3","55.6","0.50","3","60.0","10","0.7","15.4","1.00","2.00","3.33","21","7.00","2","0.67","0","0.0","0","0","0","1","5","62.5","0","","0","0.000","0","","3","60.0","3","60.0","0","0","0.0","0","64.6","55.6","-4.1","","100.0","","","0.40","0.3","4.0","7.5","0.5","0.75","7.5"
"114","Jaylen Warren","PIT","RB","16","2025","2","100.0","-2.0","-2","28.6","1","0.1","50.0","0.50","1","100.0","9","0.6","64.3","4.50","9.00","9.00","11","11.00","6","6.00","0","0.0","0","0","0","0","0","0.0","1","1.00","0","0.000","0","","1","100.0","0","","0","0","0.0","0","104.2","50.0","2.8","","100.0","","","0.95","0.1","1.9","1.4","0.1","0.72","1.4"
"115","Brashard Smith","KC","RB","17","2025","4","100.0","-3.0","-3","-75.0","1","0.1","25.0","0.25","1","100.0","9","0.5","20.0","2.25","9.00","9.00","12","12.00","2","2.00","0","0.0","0","0","0","0","1","25.0","0","","0","0.000","0","","1","100.0","1","100.0","0","0","0.0","0","104.2","25.0","2.9","","100.0","","","0.48","0.1","1.9","1.6","0.1","0.39","1.6"
"116","Drake London","ATL","WR","12","2025","18","90.0","11.0","22","16.3","2","0.2","12.5","0.11","1","50.0","9","0.8","6.7","0.50","4.50","9.00","3","3.00","1","1.00","0","0.0","0","0","0","0","2","16.7","0","","1","0.056","0","","1","50.0","0","","0","0","0.0","0","62.5","13.3","-4.0","","100.0","","","0.11","0.2","1.9","2.9","0.2","0.16","2.9"
"117","Jeremy McNichols","WAS","RB","17","2025","1","100.0","6.0","6","100.0","1","0.1","100.0","1.00","1","100.0","8","0.5","100.0","8.00","8.00","8.00","2","2.00","1","1.00","0","0.0","0","0","0","0","1","100.0","0","","0","0.000","0","","1","100.0","0","","0","0","0.0","0","100.0","100.0","0.3","","100.0","","","1.80","0.1","1.8","1.4","0.1","1.38","1.4"
"118","Oronde Gadsden","LAC","TE","15","2025","31","100.0","8.7","26","11.8","3","0.2","13.6","0.10","1","33.3","8","0.5","12.1","0.26","2.67","8.00","1","1.00","","","0","0.0","0","0","0","0","2","14.3","0","","0","0.000","0","","2","66.7","0","","1","0","0.0","0","42.4","15.0","-5.3","","100.0","","","0.06","0.1","1.8","4.8","0.3","0.16","4.8"
"119","Hunter Long","JAX","TE","9","2025","4","100.0","3.0","3","-300.0","1","0.1","25.0","0.25","1","100.0","8","0.9","30.8","2.00","8.00","8.00","5","5.00","2","2.00","0","0.0","0","0","0","0","0","0.0","0","","0","0.000","0","","1","100.0","0","","0","0","0.0","0","100.0","25.0","1.7","","100.0","","","0.45","0.2","1.8","1.4","0.2","0.34","1.4"
"120","Tucker Kraft","GB","TE","8","2025","8","100.0","6.0","6","9.1","1","0.1","12.5","0.13","1","100.0","8","1.0","18.2","1.00","8.00","8.00","2","2.00","1","1.00","0","0.0","0","0","0","0","1","14.3","0","","0","0.000","0","","1","100.0","0","","0","0","0.0","0","100.0","12.5","0.9","","100.0","","","0.23","0.2","1.8","1.7","0.2","0.21","1.7"
"121","Zach Ertz","WAS","TE","13","2025","15","83.3","7.0","14","10.7","2","0.2","13.3","0.13","1","50.0","8","0.6","12.9","0.53","4.00","8.00","3","3.00","1","1.00","0","0.0","0","0","0","0","2","20.0","0","","0","0.000","1","50.0","2","100.0","0","","0","0","0.0","0","60.4","14.3","-2.9","","100.0","","","0.12","0.1","1.8","3.0","0.2","0.20","3.0"
"122","Adam Thielen","PIT, MIN","WR","16","2025","15","88.2","10.0","20","21.3","2","0.1","12.5","0.13","1","50.0","8","0.5","7.7","0.53","4.00","8.00","0","","","","0","0.0","0","0","0","0","2","22.2","0","","0","0.000","0","","1","50.0","0","","1","1","100.0","0","60.4","14.3","-4.3","","100.0","","","0.12","0.1","1.8","3.1","0.2","0.20","3.1"
"123","Jimmy Horn","CAR","WR","13","2025","2","100.0","-5.0","-5","166.7","1","0.1","50.0","0.50","1","100.0","7","0.5","63.6","3.50","7.00","7.00","12","12.00","5","5.00","0","0.0","1","0","0","0","0","0.0","1","1.00","0","0.000","0","","1","100.0","0","","0","0","0.0","0","95.8","50.0","2.8","","100.0","","","0.85","0.1","1.7","1.0","0.1","0.52","1.0"
"124","Jakobi Meyers","JAX, LV","WR","16","2025","14","93.3","6.0","6","16.2","1","0.1","9.1","0.07","1","100.0","7","0.4","9.1","0.50","7.00","7.00","1","1.00","","","0","0.0","0","0","0","0","1","14.3","0","","0","0.000","0","","1","100.0","0","","0","0","0.0","0","95.8","10.0","0.1","","100.0","","","0.12","0.1","1.7","1.4","0.1","0.10","1.4"
"125","Elijah Higgins","ARZ","TE","17","2025","13","92.9","-2.0","-2","-7.4","1","0.1","10.0","0.08","1","100.0","7","0.4","11.7","0.54","7.00","7.00","9","9.00","7","7.00","0","0.0","0","0","0","0","0","0.0","2","2.00","0","0.000","0","","1","100.0","0","","0","0","0.0","0","95.8","11.1","2.1","","100.0","","","0.13","0.1","1.7","1.5","0.1","0.12","1.5"
"126","Tommy Tremble","CAR","TE","17","2025","3","60.0","4.0","4","50.0","1","0.1","20.0","0.33","1","100.0","7","0.4","31.8","2.33","7.00","7.00","3","3.00","1","1.00","0","0.0","0","0","0","0","1","25.0","0","","0","0.000","0","","1","100.0","0","","0","0","0.0","0","95.8","20.0","0.9","","100.0","","","0.57","0.1","1.7","1.5","0.1","0.50","1.5"
"127","Marquez Valdes-Scantling","SF, PIT","WR","10","2025","5","83.3","-1.0","-1","-3.3","1","0.1","20.0","0.20","1","100.0","7","0.7","20.0","1.40","7.00","7.00","8","8.00","2","2.00","0","0.0","0","0","0","0","1","20.0","0","","0","0.000","0","","1","100.0","1","100.0","0","0","0.0","0","95.8","20.0","0.8","","100.0","","","0.34","0.2","1.7","1.5","0.1","0.29","1.5"
"128","Brycen Tremayne","CAR","WR","16","2025","1","100.0","6.0","6","100.0","1","0.1","100.0","1.00","1","100.0","7","0.4","100.0","7.00","7.00","7.00","1","1.00","","","0","0.0","0","0","0","0","1","100.0","0","","0","0.000","0","","1","100.0","0","","0","0","0.0","0","95.8","100.0","0.1","","100.0","","","1.70","0.1","1.7","1.3","0.1","1.31","1.3"
"129","Malik Washington","MIA","WR","17","2025","9","90.0","-3.0","-6","120.0","2","0.1","22.2","0.22","2","100.0","7","0.4","16.3","0.78","3.50","3.50","13","6.50","7","3.50","0","0.0","0","0","0","0","2","28.6","1","0.50","0","0.000","0","","2","100.0","2","100.0","0","0","0.0","0","81.3","22.2","-1.5","","100.0","","","0.30","0.2","2.7","3.1","0.2","0.35","3.1"
"130","Kylen Granson","PHI","TE","17","2025","7","100.0","5.0","5","21.7","1","0.1","16.7","0.14","1","100.0","7","0.4","30.4","1.00","7.00","7.00","2","2.00","","","0","0.0","0","0","0","0","1","50.0","0","","0","0.000","0","","1","100.0","0","","0","0","0.0","0","95.8","33.3","0.5","","100.0","","","0.24","0.1","1.7","1.5","0.1","0.21","1.5"
"131","Michael Bandy","DEN","WR","4","2025","3","100.0","6.0","6","13.3","1","0.3","33.3","0.33","1","100.0","6","1.5","100.0","2.00","6.00","6.00","0","","","","0","0.0","0","0","0","0","1","50.0","0","","1","0.333","0","","1","100.0","0","","0","0","0.0","0","91.7","33.3","-0.9","","100.0","","","0.53","0.4","1.6","1.4","0.4","0.47","1.4"
"132","Tai Felton","MIN","WR","14","2025","1","100.0","6.0","6","100.0","1","0.1","100.0","1.00","1","100.0","6","0.4","100.0","6.00","6.00","6.00","0","","","","0","0.0","0","0","0","0","1","100.0","0","","1","1.000","0","","1","100.0","0","","0","0","0.0","0","91.7","100.0","-0.9","","100.0","","","1.60","0.1","1.6","1.4","0.1","1.36","1.4"
"133","Harold Fannin","CLV","TE","16","2025","16","84.2","5.0","5","4.3","1","0.1","6.7","0.06","1","100.0","6","0.4","3.8","0.38","6.00","6.00","1","1.00","1","1.00","0","0.0","0","0","0","0","1","12.5","0","","0","0.000","0","","1","100.0","0","","0","0","0.0","0","91.7","7.7","-0.5","","100.0","","","0.10","0.1","1.6","1.4","0.1","0.09","1.4"
"134","Dallas Goedert","PHI","TE","15","2025","14","100.0","9.5","19","13.9","2","0.1","16.7","0.14","1","50.0","6","0.4","4.2","0.43","3.00","6.00","1","1.00","","","0","0.0","0","0","0","0","2","25.0","0","","0","0.000","0","","1","50.0","0","","0","0","0.0","0","56.3","16.7","-5.4","","100.0","","","0.11","0.1","1.6","2.9","0.2","0.21","2.9"
"135","Dawson Knox","BUF","TE","17","2025","7","87.5","5.0","5","5.6","1","0.1","16.7","0.14","1","100.0","6","0.4","6.5","0.86","6.00","6.00","1","1.00","","","0","0.0","0","0","0","0","1","33.3","0","","0","0.000","0","","1","100.0","0","","0","0","0.0","0","91.7","20.0","-0.5","","100.0","","","0.23","0.1","1.6","1.4","0.1","0.21","1.4"
"136","T.J. Hockenson","MIN","TE","15","2025","20","90.9","4.5","9","4.5","2","0.1","11.8","0.10","1","50.0","6","0.4","4.7","0.30","3.00","6.00","4","4.00","1","1.00","0","0.0","0","0","0","0","1","10.0","0","","0","0.000","1","50.0","2","100.0","0","","0","0","0.0","0","56.3","11.8","-3.8","","100.0","","","0.08","0.1","1.6","4.3","0.3","0.22","4.3"
"137","RJ Harvey","DEN","RB","17","2025","1","100.0","-3.0","-3","100.0","1","0.1","100.0","1.00","1","100.0","6","0.4","100.0","6.00","6.00","6.00","9","9.00","1","1.00","0","0.0","0","0","0","0","1","100.0","0","","1","1.000","0","","1","100.0","1","100.0","0","0","0.0","0","91.7","100.0","-0.1","","100.0","","","1.60","0.1","1.6","1.6","0.1","1.61","1.6"
"138","Tory Horton","SEA","WR","8","2025","2","100.0","6.0","6","100.0","1","0.1","100.0","0.50","1","100.0","6","0.8","100.0","3.00","6.00","6.00","0","","","","0","0.0","0","0","0","0","1","100.0","0","","0","0.000","0","","1","100.0","0","","0","0","0.0","0","91.7","100.0","-0.9","","100.0","","","0.80","0.2","1.6","1.7","0.2","0.83","1.7"
"139","Savion Williams","GB","WR","12","2025","5","100.0","4.0","4","19.0","1","0.1","20.0","0.20","1","100.0","6","0.5","15.8","1.20","6.00","6.00","2","2.00","","","0","0.0","0","0","0","0","0","0.0","0","","0","0.000","0","","1","100.0","0","","0","0","0.0","0","91.7","20.0","0.0","","100.0","","","0.32","0.1","1.6","1.5","0.1","0.30","1.5"
"140","Jalen Tolbert","DAL","WR","13","2025","13","100.0","-3.0","-3","-4.5","1","0.1","8.3","0.08","1","100.0","6","0.5","23.1","0.46","6.00","6.00","9","9.00","3","3.00","0","0.0","0","0","0","0","1","16.7","1","1.00","0","0.000","0","","1","100.0","1","100.0","0","0","0.0","0","91.7","8.3","1.1","","100.0","","","0.12","0.1","1.6","1.2","0.1","0.09","1.2"
"141","Tyler Johnson","NYJ","WR","12","2025","2","100.0","5.0","5","50.0","1","0.1","50.0","0.50","1","100.0","5","0.4","45.5","2.50","5.00","5.00","0","","","","0","0.0","0","0","0","0","0","0.0","0","","0","0.000","0","","1","100.0","0","","0","0","0.0","0","87.5","50.0","-1.4","","100.0","","","0.75","0.1","1.5","1.5","0.1","0.77","1.5"
"142","Jauan Jennings","SF","WR","15","2025","9","81.8","5.7","17","50.0","3","0.2","30.0","0.33","1","33.3","4","0.3","9.8","0.44","1.33","4.00","0","","","","0","0.0","0","0","0","0","2","33.3","0","","0","0.000","0","","2","66.7","0","","2","1","50.0","0","42.4","30.0","-5.0","","100.0","","","0.16","0.1","1.4","4.4","0.3","0.49","4.4"
"143","Ian Thomas","LV","TE","15","2025","1","100.0","3.0","3","100.0","1","0.1","100.0","1.00","1","100.0","4","0.3","100.0","4.00","4.00","4.00","1","1.00","1","1.00","0","0.0","0","0","0","0","1","100.0","0","","0","0.000","0","","1","100.0","0","","0","0","0.0","0","83.3","100.0","-2.3","","100.0","","","1.40","0.1","1.4","1.3","0.1","1.35","1.3"
"144","Jordan Addison","MIN","WR","14","2025","6","85.7","2.0","2","11.8","1","0.1","16.7","0.17","1","100.0","4","0.3","19.0","0.67","4.00","4.00","2","2.00","2","2.00","0","0.0","0","0","0","0","1","33.3","1","1.00","0","0.000","0","","1","100.0","0","","1","1","100.0","0","83.3","25.0","-1.3","","100.0","","","0.23","0.1","1.4","1.3","0.1","0.21","1.3"
"145","Dontayvion Wicks","GB","WR","14","2025","12","100.0","4.0","4","6.3","1","0.1","8.3","0.08","1","100.0","4","0.3","4.9","0.33","4.00","4.00","0","","","","0","0.0","0","0","0","0","1","12.5","0","","1","0.083","0","","1","100.0","0","","0","0","0.0","0","83.3","8.3","-2.0","","100.0","","","0.12","0.1","1.4","2.9","0.2","0.25","2.9"
"146","KaVontae Turpin","DAL","WR","15","2025","22","100.0","2.0","4","2.2","2","0.1","10.0","0.09","1","50.0","4","0.3","2.5","0.18","2.00","4.00","-2","-2.00","-1","-1.00","0","0.0","0","0","0","0","1","9.1","0","","0","0.000","1","50.0","2","100.0","1","50.0","0","0","0.0","0","56.3","10.5","-4.2","","100.0","","","0.06","0.1","1.4","3.1","0.2","0.14","3.1"
"147","Stefon Diggs","NE","WR","17","2025","23","100.0","11.0","22","15.3","2","0.1","12.5","0.09","1","50.0","4","0.2","5.3","0.17","2.00","4.00","1","1.00","1","1.00","0","0.0","0","0","0","0","2","25.0","0","","0","0.000","0","","1","50.0","0","","0","0","0.0","0","56.3","14.3","-6.7","","100.0","","","0.06","0.1","1.4","3.6","0.2","0.16","3.6"
"148","Isaiah Williams","NYJ","WR","15","2025","18","94.7","1.3","4","5.6","3","0.2","23.1","0.17","2","66.7","4","0.3","8.9","0.22","1.33","2.00","4","2.00","2","1.00","0","0.0","0","0","0","0","2","25.0","0","","0","0.000","1","33.3","3","100.0","0","","0","0","0.0","0","70.1","27.3","-4.1","","100.0","","","0.13","0.2","2.4","4.8","0.3","0.26","4.8"
"149","Anthony Gould","IND","WR","11","2025","4","100.0","-5.0","-5","-5.5","1","0.1","25.0","0.25","1","100.0","3","0.3","100.0","0.75","3.00","3.00","8","8.00","1","1.00","0","0.0","0","0","0","0","1","25.0","0","","0","0.000","0","","1","100.0","1","100.0","0","0","0.0","0","79.2","25.0","-1.2","","100.0","","","0.33","0.1","1.3","2.0","0.2","0.51","2.0"
"150","Ameer Abdullah","IND","RB","13","2025","1","100.0","-3.0","-3","100.0","1","0.1","100.0","1.00","1","100.0","3","0.2","100.0","3.00","3.00","3.00","6","6.00","1","1.00","0","0.0","0","0","0","0","0","0.0","0","","0","0.000","0","","1","100.0","0","","0","0","0.0","0","79.2","100.0","-3.1","","100.0","","","1.30","0.1","1.3","1.5","0.1","1.49","1.5"
"151","David Njoku","CLV","TE","12","2025","7","77.8","7.5","15","27.3","2","0.2","22.2","0.29","1","50.0","3","0.3","2.3","0.43","1.50","3.00","1","1.00","1","1.00","0","0.0","0","0","0","0","2","25.0","0","","0","0.000","1","50.0","2","100.0","0","","0","0","0.0","0","56.3","22.2","-6.7","","100.0","","","0.19","0.1","1.3","3.0","0.2","0.42","3.0"
"152","Terrance Ferguson","LA","TE","13","2025","6","100.0","9.0","18","52.9","2","0.2","40.0","0.33","1","50.0","3","0.2","10.3","0.50","1.50","3.00","0","","","","0","0.0","0","0","0","0","2","100.0","0","","0","0.000","1","50.0","2","100.0","0","","1","1","100.0","0","56.3","40.0","-7.0","","100.0","","","0.22","0.1","1.3","3.0","0.2","0.50","3.0"
"153","Drake Dabney","GB","TE","2","2025","3","100.0","2.0","2","28.6","1","0.5","50.0","0.33","1","100.0","3","1.5","100.0","1.00","3.00","3.00","1","1.00","1","1.00","0","0.0","0","0","0","0","0","0.0","0","","0","0.000","0","","1","100.0","0","","1","1","100.0","0","79.2","50.0","-3.4","","100.0","","","0.43","0.7","1.3","1.4","0.7","0.46","1.4"
"154","Roman Wilson","PIT","WR","13","2025","3","100.0","0.0","0","0.0","1","0.1","33.3","0.33","1","100.0","3","0.2","17.6","1.00","3.00","3.00","3","3.00","","","0","0.0","0","0","0","0","1","33.3","0","","1","0.333","0","","1","100.0","1","100.0","0","0","0.0","0","79.2","33.3","-3.0","","100.0","","","0.43","0.1","1.3","1.4","0.1","0.47","1.4"
"155","Tom Kennedy","DET","WR","6","2025","3","100.0","2.0","2","11.8","1","0.2","50.0","0.33","1","100.0","2","0.3","4.3","0.67","2.00","2.00","0","","","","0","0.0","0","0","0","0","1","50.0","0","","0","0.000","0","","1","100.0","0","","0","0","0.0","0","79.2","50.0","-3.3","","100.0","","","0.40","0.2","1.2","1.4","0.2","0.46","1.4"
"156","Tyjae Spears","TEN","RB","13","2025","1","100.0","-6.0","-6","100.0","1","0.1","100.0","1.00","1","100.0","1","0.1","100.0","1.00","1.00","1.00","7","7.00","6","6.00","0","0.0","0","0","0","0","1","100.0","1","1.00","0","0.000","0","","1","100.0","1","100.0","0","0","0.0","0","79.2","100.0","-4.1","","100.0","","","1.10","0.1","1.1","1.2","0.1","1.18","1.2"
"157","Jayden Reed","GB","WR","7","2025","9","100.0","-1.0","-1","-2.0","1","0.1","14.3","0.11","1","100.0","1","0.1","1.4","0.11","1.00","1.00","2","2.00","","","0","0.0","0","0","0","0","1","20.0","0","","0","0.000","0","","1","100.0","1","100.0","0","0","0.0","0","79.2","14.3","-5.2","","100.0","","","0.12","0.2","1.1","1.6","0.2","0.18","1.6"
"158","Cooper Kupp","SEA","WR","16","2025","14","93.3","3.5","14","14.4","4","0.3","28.6","0.29","1","25.0","1","0.1","1.1","0.07","0.25","1.00","-1","-1.00","","","0","0.0","0","0","0","0","3","25.0","0","","0","0.000","1","25.0","3","75.0","0","","2","0","0.0","0","39.6","28.6","-5.6","","100.0","","","0.08","0.1","1.1","5.8","0.4","0.42","5.8"
"159","Demarcus Robinson","SF","WR","14","2025","11","100.0","-1.0","-1","-1.1","1","0.1","10.0","0.09","1","100.0","-1","-0.1","-2.8","-0.09","-1.00","-1.00","0","","","","0","0.0","0","0","0","0","0","0.0","0","","0","0.000","0","","1","100.0","0","","0","0","0.0","0","79.2","10.0","-7.2","","100.0","","","0.08","0.1","0.9","1.4","0.1","0.13","1.4"
"160","Rasheen Ali","BLT","RB","15","2025","1","100.0","-6.0","-6","100.0","1","0.1","100.0","1.00","1","100.0","-5","-0.3","100.0","-5.00","-5.00","-5.00","1","1.00","","","0","0.0","0","0","0","0","1","100.0","0","","0","0.000","0","","1","100.0","1","100.0","0","0","0.0","0","79.2","100.0","-10.1","","100.0","","","0.50","0.0","0.5","1.3","0.1","1.34","1.3"
"161","Dylan Drummond","ATL","WR","9","2025","2","100.0","0.0","0","0.0","0","0.0","0.0","","0","","0","0.0","0.0","","0.00","","0","","","","0","0.0","0","0","0","0","0","0.0","0","","0","0.000","0","","0","","0","","0","0","0.0","0","0.0","","","","100.0","","","0.00","","0.0","0.0","0.0","0.00","0.0"
"162","Darius Slayton","NYG","WR","14","2025","6","75.0","35.0","35","109.4","1","0.1","14.3","0.17","0","","0","0.0","0.0","","0.00","","0","","","","0","0.0","0","1","0","1","1","33.3","0","","0","0.000","0","","1","100.0","0","","1","0","0.0","0","39.6","16.7","-13.7","","100.0","","","0.00","","0.0","4.1","0.3","0.68","4.1"
"163","Garrett Wilson","NYJ","WR","7","2025","2","100.0","10.0","10","76.9","1","0.1","50.0","0.50","0","","0","0.0","0.0","","0.00","","0","","","","0","0.0","0","0","0","0","1","100.0","0","","0","0.000","0","","0","","0","","0","0","0.0","0","39.6","50.0","-7.5","","100.0","","","0.00","","0.0","1.4","0.2","0.68","1.4"
"164","Casey Washington","ATL","WR","7","2025","2","100.0","0.0","0","0.0","0","0.0","0.0","","0","","0","0.0","0.0","","0.00","","0","","","","0","0.0","0","0","0","0","0","0.0","0","","0","0.000","0","","0","","0","","0","0","0.0","0","0.0","","","","100.0","","","0.00","","0.0","0.0","0.0","0.00","0.0"
"165","George Kittle","SF","TE","11","2025","7","87.5","0.0","0","0.0","0","0.0","0.0","","0","","0","0.0","0.0","","0.00","","0","","","","0","0.0","0","0","0","0","0","0.0","0","","0","0.000","0","","0","","0","","0","0","0.0","0","0.0","","","","100.0","","","0.00","","0.0","0.0","0.0","0.00","0.0"
"166","Jameson Williams","DET","WR","17","2025","9","90.0","0.0","0","0.0","0","0.0","0.0","","0","","0","0.0","0.0","","0.00","","0","","","","0","0.0","0","0","0","0","0","0.0","0","","0","0.000","0","","0","","0","","0","0","0.0","0","0.0","","","","100.0","","","0.00","","0.0","0.0","0.0","0.00","0.0"
"167","Jack Bech","LV","WR","16","2025","1","100.0","0.0","0","0.0","0","0.0","0.0","","0","","0","0.0","0.0","","0.00","","0","","","","0","0.0","0","0","0","0","0","0.0","0","","0","0.000","0","","0","","0","","0","0","0.0","0","0.0","","","","100.0","","","0.00","","0.0","0.0","0.0","0.00","0.0"
"168","Arian Smith","NYJ","WR","16","2025","7","100.0","0.0","0","0.0","0","0.0","0.0","","0","","0","0.0","0.0","","0.00","","0","","","","0","0.0","0","0","0","0","0","0.0","0","","0","0.000","0","","0","","0","","0","0","0.0","0","0.0","","","","100.0","","","0.00","","0.0","0.0","0.0","0.00","0.0"
"169","Isaac TeSlaa","DET","WR","17","2025","3","50.0","0.0","0","0.0","0","0.0","0.0","","0","","0","0.0","0.0","","0.00","","0","","","","0","0.0","0","0","0","0","0","0.0","0","","0","0.000","0","","0","","0","","0","0","0.0","0","0.0","","","","100.0","","","0.00","","0.0","0.0","0.0","0.00","0.0"
"170","Taysom Hill","NO","TE","13","2025","3","100.0","0.0","0","0.0","0","0.0","0.0","","0","","0","0.0","0.0","","0.00","","0","","","","0","0.0","0","0","0","0","0","0.0","0","","0","0.000","0","","0","","0","","0","0","0.0","0","0.0","","","","100.0","","","0.00","","0.0","0.0","0.0","0.00","0.0"
"171","Chuba Hubbard","CAR","RB","15","2025","1","100.0","0.0","0","0.0","0","0.0","0.0","","0","","0","0.0","0.0","","0.00","","0","","","","0","0.0","0","0","0","0","0","0.0","0","","0","0.000","0","","0","","0","","0","0","0.0","0","0.0","","","","100.0","","","0.00","","0.0","0.0","0.0","0.00","0.0"
"172","Saquon Barkley","PHI","RB","16","2025","1","100.0","0.0","0","0.0","0","0.0","0.0","","0","","0","0.0","0.0","","0.00","","0","","","","0","0.0","0","0","0","0","0","0.0","0","","0","0.000","0","","0","","0","","0","0","0.0","0","0.0","","","","100.0","","","0.00","","0.0","0.0","0.0","0.00","0.0"
"173","Derius Davis","LAC","WR","11","2025","1","100.0","0.0","0","0.0","0","0.0","0.0","","0","","0","0.0","0.0","","0.00","","0","","","","0","0.0","0","0","0","0","0","0.0","0","","0","0.000","0","","0","","0","","0","0","0.0","0","0.0","","","","100.0","","","0.00","","0.0","0.0","0.0","0.00","0.0"
"174","Jahdae Walker","CHI","WR","7","2025","1","100.0","23.0","23","100.0","1","0.1","100.0","1.00","0","","0","0.0","0.0","","0.00","","0","","","","0","0.0","0","0","0","1","0","0.0","0","","0","0.000","0","","0","","0","","0","0","0.0","0","39.6","100.0","-10.2","","100.0","","","0.00","","0.0","1.2","0.2","1.16","1.2"
"175","Jakobie Keeney-James","GB","WR","1","2025","1","100.0","0.0","0","0.0","0","0.0","0.0","","0","","0","0.0","0.0","","0.00","","0","","","","0","0.0","0","0","0","0","0","0.0","0","","0","0.000","0","","0","","0","","0","0","0.0","0","0.0","","","","100.0","","","0.00","","0.0","0.0","0.0","0.00","0.0"
"176","Elijah Moore","BUF","WR","9","2025","1","100.0","0.0","0","0.0","0","0.0","0.0","","0","","0","0.0","0.0","","0.00","","0","","","","0","0.0","0","0","0","0","0","0.0","0","","0","0.000","0","","0","","0","","0","0","0.0","0","0.0","","","","100.0","","","0.00","","0.0","0.0","0.0","0.00","0.0"
"177","Jalin Hyatt","NYG","WR","8","2025","2","100.0","0.0","0","0.0","0","0.0","0.0","","0","","0","0.0","0.0","","0.00","","0","","","","0","0.0","0","0","0","0","0","0.0","0","","0","0.000","0","","0","","0","","0","0","0.0","0","0.0","","","","100.0","","","0.00","","0.0","0.0","0.0","0.00","0.0"
"178","Britain Covey","PHI","WR","6","2025","2","100.0","0.0","0","0.0","0","0.0","0.0","","0","","0","0.0","0.0","","0.00","","0","","","","0","0.0","0","0","0","0","0","0.0","0","","0","0.000","0","","0","","0","","0","0","0.0","0","0.0","","","","100.0","","","0.00","","0.0","0.0","0.0","0.00","0.0"
"179","Blake Corum","LA","RB","17","2025","2","100.0","-2.0","-2","-25.0","1","0.1","50.0","0.50","0","","0","0.0","0.0","","0.00","","0","","","","0","0.0","1","0","0","0","0","0.0","0","","0","0.000","1","100.0","1","100.0","0","","0","0","0.0","0","39.6","50.0","-6.2","","100.0","","","0.00","","0.0","2.2","0.1","1.10","2.2"
"180","Kevin Austin","NO","WR","8","2025","5","100.0","-9.0","-9","-14.8","1","0.1","25.0","0.20","0","","0","0.0","0.0","","0.00","","0","","","","0","0.0","0","0","0","0","1","33.3","0","","0","0.000","1","100.0","1","100.0","0","","0","0","0.0","0","39.6","25.0","-2.5","","100.0","","","0.00","","0.0","1.1","0.1","0.22","1.1"
"181","Kenneth Walker","SEA","RB","17","2025","4","100.0","0.0","0","0.0","0","0.0","0.0","","0","","0","0.0","0.0","","0.00","","0","","","","0","0.0","0","0","0","0","0","0.0","0","","0","0.000","0","","0","","0","","0","0","0.0","0","0.0","","","","100.0","","","0.00","","0.0","1.8","0.1","0.45","1.8"
"182","Quentin Johnston","LAC","WR","14","2025","7","100.0","0.0","0","0.0","0","0.0","0.0","","0","","0","0.0","0.0","","0.00","","0","","","","0","0.0","0","0","0","0","0","0.0","0","","0","0.000","0","","0","","0","","0","0","0.0","0","0.0","","","","100.0","","","0.00","","0.0","0.0","0.0","0.00","0.0"
"183","Gabe Davis","BUF","WR","6","2025","2","100.0","0.0","0","0.0","0","0.0","0.0","","0","","0","0.0","0.0","","0.00","","0","","","","0","0.0","0","0","0","0","0","0.0","0","","0","0.000","0","","0","","0","","0","0","0.0","0","0.0","","","","100.0","","","0.00","","0.0","0.0","0.0","0.00","0.0"
"184","Russell Gage","SF","WR","1","2025","1","100.0","0.0","0","0.0","0","0.0","0.0","","0","","0","0.0","0.0","","0.00","","0","","","","0","0.0","0","0","0","0","0","0.0","0","","0","0.000","0","","0","","0","","0","0","0.0","0","0.0","","","","100.0","","","0.00","","0.0","0.0","0.0","0.00","0.0"
"185","Adam Trautman","DEN","TE","17","2025","3","50.0","11.0","11","183.3","1","0.1","16.7","0.33","0","","0","0.0","0.0","","0.00","","0","","","","0","0.0","0","0","0","0","1","20.0","0","","0","0.000","0","","0","","0","","0","0","0.0","0","39.6","16.7","-8.7","","100.0","","","0.00","","0.0","1.7","0.1","0.55","1.7"
"186","Devontez Walker","BLT","WR","11","2025","1","100.0","0.0","0","0.0","0","0.0","0.0","","0","","0","0.0","0.0","","0.00","","0","","","","0","0.0","0","0","0","0","0","0.0","0","","0","0.000","0","","0","","0","","0","0","0.0","0","0.0","","","","100.0","","","0.00","","0.0","0.0","0.0","0.00","0.0"
"187","Ben Sims","GB, MIN","TE","9","2025","2","100.0","12.0","12","200.0","1","0.1","50.0","0.50","0","","0","0.0","0.0","","0.00","","0","","","","0","0.0","0","0","0","0","1","100.0","0","","0","0.000","0","","1","100.0","0","","1","0","0.0","0","39.6","50.0","-8.7","","100.0","","","0.00","","0.0","1.5","0.2","0.73","1.5"
"188","Mike Evans","TB","WR","8","2025","5","100.0","0.0","0","0.0","0","0.0","0.0","","0","","0","0.0","0.0","","0.00","","0","","","","0","0.0","0","0","0","0","0","0.0","0","","0","0.000","0","","0","","0","","0","0","0.0","0","0.0","","","","100.0","","","0.00","","0.0","1.5","0.2","0.29","1.5"
"189","Tyrone Tracy","NYG","RB","15","2025","1","100.0","0.0","0","0.0","0","0.0","0.0","","0","","0","0.0","0.0","","0.00","","0","","","","0","0.0","0","0","0","0","0","0.0","0","","0","0.000","0","","0","","0","","0","0","0.0","0","0.0","","","","100.0","","","0.00","","0.0","0.0","0.0","0.00","0.0"
"190","Jamari Thrash","CLV","WR","9","2025","7","100.0","0.0","0","0.0","0","0.0","0.0","","0","","0","0.0","0.0","","0.00","","0","","","","0","0.0","0","0","0","0","0","0.0","0","","0","0.000","0","","0","","0","","0","0","0.0","0","0.0","","","","100.0","","","0.00","","0.0","0.0","0.0","0.00","0.0"
"191","Drew Sample","CIN","TE","17","2025","3","100.0","0.0","0","0.0","0","0.0","0.0","","0","","0","0.0","0.0","","0.00","","0","","","","0","0.0","0","0","0","0","0","0.0","0","","0","0.000","0","","0","","0","","0","0","0.0","0","0.0","","","","100.0","","","0.00","","0.0","0.0","0.0","0.00","0.0"
"192","Xavier Legette","CAR","WR","15","2025","10","83.3","0.0","0","0.0","0","0.0","0.0","","0","","0","0.0","0.0","","0.00","","0","","","","0","0.0","0","0","0","0","0","0.0","0","","0","0.000","0","","0","","0","","0","0","0.0","0","0.0","","","","100.0","","","0.00","","0.0","0.0","0.0","0.00","0.0"
"193","Ben Skowronek","PIT","WR","16","2025","1","100.0","0.0","0","0.0","0","0.0","0.0","","0","","0","0.0","0.0","","0.00","","0","","","","0","0.0","0","0","0","0","0","0.0","0","","0","0.000","0","","0","","0","","0","0","0.0","0","0.0","","","","100.0","","","0.00","","0.0","0.0","0.0","0.00","0.0"
"194","Kyle Williams","NE","WR","17","2025","1","50.0","0.0","0","0.0","0","0.0","0.0","","0","","0","0.0","0.0","","0.00","","0","","","","0","0.0","0","0","0","0","0","0.0","0","","0","0.000","0","","0","","0","","0","0","0.0","0","0.0","","","","100.0","","","0.00","","0.0","0.0","0.0","0.00","0.0"
"195","Jacory Croskey-Merritt","WAS","RB","17","2025","2","100.0","0.0","0","0.0","0","0.0","0.0","","0","","0","0.0","0.0","","0.00","","0","","","","0","0.0","0","0","0","0","0","0.0","0","","0","0.000","0","","0","","0","","0","0","0.0","0","0.0","","","","100.0","","","0.00","","0.0","0.0","0.0","0.00","0.0"
"196","Devaughn Vele","NO","WR","13","2025","5","83.3","0.0","0","0.0","0","0.0","0.0","","0","","0","0.0","0.0","","0.00","","0","","","","0","0.0","0","0","0","0","0","0.0","0","","0","0.000","0","","0","","0","","0","0","0.0","0","0.0","","","","100.0","","","0.00","","0.0","0.0","0.0","0.00","0.0"
"197","Cole Kmet","CHI","TE","16","2025","7","87.5","0.0","0","0.0","0","0.0","0.0","","0","","0","0.0","0.0","","0.00","","0","","","","0","0.0","0","0","0","0","0","0.0","0","","0","0.000","0","","0","","0","","0","0","0.0","0","0.0","","","","100.0","","","0.00","","0.0","0.0","0.0","0.00","0.0"
"198","Malik Heath","GB","WR","11","2025","4","100.0","0.0","0","0.0","0","0.0","0.0","","0","","0","0.0","0.0","","0.00","","0","","","","0","0.0","0","0","0","0","0","0.0","0","","0","0.000","0","","0","","0","","0","0","0.0","0","0.0","","","","100.0","","","0.00","","0.0","0.0","0.0","0.00","0.0"
"199","James Proche","TEN","WR","9","2025","3","60.0","0.0","0","0.0","0","0.0","0.0","","0","","0","0.0","0.0","","0.00","","0","","","","0","0.0","0","0","0","0","0","0.0","0","","0","0.000","0","","0","","0","","0","0","0.0","0","0.0","","","","100.0","","","0.00","","0.0","0.0","0.0","0.00","0.0"
"200","Justin Jefferson","MIN","WR","17","2025","10","90.9","0.0","0","0.0","0","0.0","0.0","","0","","0","0.0","0.0","","0.00","","0","","","","0","0.0","0","0","0","0","0","0.0","0","","0","0.000","0","","0","","0","","0","0","0.0","0","0.0","","","","100.0","","","0.00","","0.0","0.0","0.0","0.00","0.0"
"201","Jordan Whittington","LA","WR","17","2025","4","100.0","0.0","0","0.0","0","0.0","0.0","","0","","0","0.0","0.0","","0.00","","0","","","","0","0.0","0","0","0","0","0","0.0","0","","0","0.000","0","","0","","0","","0","0","0.0","0","0.0","","","","100.0","","","0.00","","0.0","0.0","0.0","0.00","0.0"
"202","Tanner Hudson","CIN","TE","13","2025","1","100.0","0.0","0","0.0","0","0.0","0.0","","0","","0","0.0","0.0","","0.00","","0","","","","0","0.0","0","0","0","0","0","0.0","0","","0","0.000","0","","0","","0","","0","0","0.0","0","0.0","","","","100.0","","","0.00","","0.0","0.0","0.0","0.00","0.0"
"203","LeQuint Allen","JAX","RB","17","2025","3","100.0","0.0","0","0.0","0","0.0","0.0","","0","","0","0.0","0.0","","0.00","","0","","","","0","0.0","0","0","0","0","0","0.0","0","","0","0.000","0","","0","","0","","0","0","0.0","0","0.0","","","","100.0","","","0.00","","0.0","0.0","0.0","0.00","0.0"
"204","DeAndre Hopkins","BLT","WR","17","2025","3","75.0","0.0","0","0.0","0","0.0","0.0","","0","","0","0.0","0.0","","0.00","","0","","","","0","0.0","0","0","0","0","0","0.0","0","","0","0.000","0","","0","","0","","0","0","0.0","0","0.0","","","","100.0","","","0.00","","0.0","0.0","0.0","0.00","0.0"
"205","Ross Dwelley","DET","TE","10","2025","1","50.0","0.0","0","0.0","0","0.0","0.0","","0","","0","0.0","0.0","","0.00","","0","","","","0","0.0","0","0","0","0","0","0.0","0","","0","0.000","0","","0","","0","","0","0","0.0","0","0.0","","","","100.0","","","0.00","","0.0","0.0","0.0","0.00","0.0"
"206","Zach Charbonnet","SEA","RB","16","2025","2","100.0","0.0","0","0.0","0","0.0","0.0","","0","","0","0.0","0.0","","0.00","","0","","","","0","0.0","0","0","0","0","0","0.0","0","","0","0.000","0","","0","","0","","0","0","0.0","0","0.0","","","","100.0","","","0.00","","0.0","0.0","0.0","0.00","0.0"
"207","Brian Thomas","JAX","WR","14","2025","5","100.0","0.0","0","0.0","0","0.0","0.0","","0","","0","0.0","0.0","","0.00","","0","","","","0","0.0","0","0","0","0","0","0.0","0","","0","0.000","0","","0","","0","","0","0","0.0","0","0.0","","","","100.0","","","0.00","","0.0","0.0","0.0","0.00","0.0"
"208","TreVeyon Henderson","NE","RB","17","2025","1","100.0","0.0","0","0.0","0","0.0","0.0","","0","","0","0.0","0.0","","0.00","","0","","","","0","0.0","0","0","0","0","0","0.0","0","","0","0.000","0","","0","","0","","0","0","0.0","0","0.0","","","","100.0","","","0.00","","0.0","0.0","0.0","0.00","0.0"
"209","J.K. Dobbins","DEN","RB","10","2025","1","100.0","0.0","0","0.0","0","0.0","0.0","","0","","0","0.0","0.0","","0.00","","0","","","","0","0.0","0","0","0","0","0","0.0","0","","0","0.000","0","","0","","0","","0","0","0.0","0","0.0","","","","100.0","","","0.00","","0.0","0.0","0.0","0.00","0.0"
"210","Robert Tonyan","KC","TE","16","2025","1","50.0","0.0","0","0.0","0","0.0","0.0","","0","","0","0.0","0.0","","0.00","","0","","","","0","0.0","0","0","0","0","0","0.0","0","","0","0.000","0","","0","","0","","0","0","0.0","0","0.0","","","","100.0","","","0.00","","0.0","0.0","0.0","0.00","0.0"
"211","Parker Washington","JAX","WR","16","2025","13","92.9","29.5","59","38.8","2","0.1","18.2","0.15","0","","0","0.0","0.0","","0.00","","0","","","","0","0.0","0","0","0","2","0","0.0","0","","0","0.000","0","","0","","0","","0","0","0.0","0","39.6","18.2","-12.7","","100.0","","","0.00","","0.0","2.8","0.2","0.22","2.8"
"212","Ty Johnson","BUF","RB","17","2025","1","100.0","0.0","0","0.0","0","0.0","0.0","","0","","0","0.0","0.0","","0.00","","0","","","","0","0.0","0","0","0","0","0","0.0","0","","0","0.000","0","","0","","0","","0","0","0.0","0","0.0","","","","100.0","","","0.00","","0.0","0.0","0.0","0.00","0.0"
"213","Colby Parkinson","LA","TE","15","2025","1","100.0","0.0","0","0.0","0","0.0","0.0","","0","","0","0.0","0.0","","0.00","","0","","","","0","0.0","0","0","0","0","0","0.0","0","","0","0.000","0","","0","","0","","0","0","0.0","0","0.0","","","","100.0","","","0.00","","0.0","0.0","0.0","0.00","0.0"
"214","Anthony Firkser","DET","TE","7","2025","1","100.0","0.0","0","0.0","0","0.0","0.0","","0","","0","0.0","0.0","","0.00","","0","","","","0","0.0","0","0","0","0","0","0.0","0","","0","0.000","0","","0","","0","","0","0","0.0","0","0.0","","","","100.0","","","0.00","","0.0","0.0","0.0","0.00","0.0"
"215","Ashton Dulin","IND","WR","12","2025","1","100.0","0.0","0","0.0","0","0.0","0.0","","0","","0","0.0","0.0","","0.00","","0","","","","0","0.0","0","0","0","0","0","0.0","0","","0","0.000","0","","0","","0","","0","0","0.0","0","0.0","","","","100.0","","","0.00","","0.0","0.0","0.0","0.00","0.0"
"216","Mo Alie-Cox","IND","TE","17","2025","2","100.0","0.0","0","0.0","0","0.0","0.0","","0","","0","0.0","0.0","","0.00","","0","","","","0","0.0","0","0","0","0","0","0.0","0","","0","0.000","0","","0","","0","","0","0","0.0","0","0.0","","","","100.0","","","0.00","","0.0","0.0","0.0","0.00","0.0"
"217","Rashid Shaheed","SEA, NO","WR","18","2025","9","90.0","0.0","0","0.0","0","0.0","0.0","","0","","0","0.0","0.0","","0.00","","0","","","","0","0.0","0","0","0","0","0","0.0","0","","0","0.000","0","","0","","0","","0","0","0.0","0","0.0","","","","100.0","","","0.00","","0.0","0.0","0.0","0.00","0.0"
"218","DeVonta Smith","PHI","WR","17","2025","22","100.0","0.0","0","0.0","0","0.0","0.0","","0","","0","0.0","0.0","","0.00","","0","","","","0","0.0","0","0","0","0","0","0.0","0","","0","0.000","0","","0","","0","","0","0","0.0","0","0.0","","","","100.0","","","0.00","","0.0","1.4","0.1","0.06","1.4"
"219","Jalen Brooks","ARZ, DAL","WR","6","2025","2","100.0","21.0","21","84.0","1","0.2","50.0","0.50","0","","0","0.0","0.0","","0.00","","0","","","","0","0.0","0","0","0","1","0","0.0","0","","0","0.000","0","","0","","0","","0","0","0.0","0","39.6","50.0","-11.2","","100.0","","","0.00","","0.0","1.4","0.2","0.68","1.4"
"220","Konata Mumpfield","LA","WR","17","2025","3","100.0","0.0","0","0.0","0","0.0","0.0","","0","","0","0.0","0.0","","0.00","","0","","","","0","0.0","0","0","0","0","0","0.0","0","","0","0.000","0","","0","","0","","0","0","0.0","0","0.0","","","","100.0","","","0.00","","0.0","0.0","0.0","0.00","0.0"
"221","Xavier Weaver","ARZ","WR","9","2025","3","100.0","0.0","0","0.0","0","0.0","0.0","","0","","0","0.0","0.0","","0.00","","0","","","","0","0.0","0","0","0","0","0","0.0","0","","0","0.000","0","","0","","0","","0","0","0.0","0","0.0","","","","100.0","","","0.00","","0.0","0.0","0.0","0.00","0.0"
"222","Tanner Conner","MIA","TE","9","2025","2","66.7","0.0","0","0.0","0","0.0","0.0","","0","","0","0.0","0.0","","0.00","","0","","","","0","0.0","0","0","0","0","0","0.0","0","","0","0.000","0","","0","","0","","0","0","0.0","0","0.0","","","","100.0","","","0.00","","0.0","0.0","0.0","0.00","0.0"
"223","Tyler Goodson","IND","RB","11","2025","1","100.0","0.0","0","0.0","0","0.0","0.0","","0","","0","0.0","0.0","","0.00","","0","","","","0","0.0","0","0","0","0","0","0.0","0","","0","0.000","0","","0","","0","","0","0","0.0","0","0.0","","","","100.0","","","0.00","","0.0","0.0","0.0","0.00","0.0"
"224","Samaje Perine","CIN","RB","15","2025","1","100.0","0.0","0","0.0","0","0.0","0.0","","0","","0","0.0","0.0","","0.00","","0","","","","0","0.0","0","0","0","0","0","0.0","0","","0","0.000","0","","0","","0","","0","0","0.0","0","0.0","","","","100.0","","","0.00","","0.0","0.0","0.0","0.00","0.0"
"225","Simi Fehoko","ARZ","WR","7","2025","1","100.0","0.0","0","0.0","0","0.0","0.0","","0","","0","0.0","0.0","","0.00","","0","","","","0","0.0","0","0","0","0","0","0.0","0","","0","0.000","0","","0","","0","","0","0","0.0","0","0.0","","","","100.0","","","0.00","","0.0","0.0","0.0","0.00","0.0"
"226","Kyle Monangai","CHI","RB","17","2025","1","100.0","0.0","0","0.0","0","0.0","0.0","","0","","0","0.0","0.0","","0.00","","0","","","","0","0.0","0","0","0","0","0","0.0","0","","0","0.000","0","","0","","0","","0","0","0.0","0","0.0","","","","100.0","","","0.00","","0.0","0.0","0.0","0.00","0.0"
"227","Adonai Mitchell","NYJ, IND","WR","16","2025","4","100.0","0.0","0","0.0","0","0.0","0.0","","0","","0","0.0","0.0","","0.00","","0","","","","0","0.0","0","0","0","0","0","0.0","0","","0","0.000","0","","0","","0","","0","0","0.0","0","0.0","","","","100.0","","","0.00","","0.0","0.0","0.0","0.00","0.0"
"228","Omarion Hampton","LAC","RB","9","2025","1","100.0","0.0","0","0.0","0","0.0","0.0","","0","","0","0.0","0.0","","0.00","","0","","","","0","0.0","0","0","0","0","0","0.0","0","","0","0.000","0","","0","","0","","0","0","0.0","0","0.0","","","","100.0","","","0.00","","0.0","0.0","0.0","0.00","0.0"
"229","DeMario Douglas","NE","WR","17","2025","7","100.0","10.0","10","30.3","1","0.1","20.0","0.14","0","","0","0.0","0.0","","0.00","","0","","","","0","0.0","0","0","0","0","0","0.0","0","","0","0.000","0","","0","","0","","0","0","0.0","0","39.6","25.0","-7.5","","100.0","","","0.00","","0.0","1.4","0.1","0.19","1.4"
"230","Justin Watson","HST","WR","3","2025","2","100.0","0.0","0","0.0","0","0.0","0.0","","0","","0","0.0","0.0","","0.00","","0","","","","0","0.0","0","0","0","0","0","0.0","0","","0","0.000","0","","0","","0","","0","0","0.0","0","0.0","","","","100.0","","","0.00","","0.0","0.0","0.0","0.00","0.0"
"231","Grant Calcaterra","PHI","TE","15","2025","3","100.0","0.0","0","0.0","0","0.0","0.0","","0","","0","0.0","0.0","","0.00","","0","","","","0","0.0","0","0","0","0","0","0.0","0","","0","0.000","0","","0","","0","","0","0","0.0","0","0.0","","","","100.0","","","0.00","","0.0","0.0","0.0","0.00","0.0"
"232","Skyy Moore","SF","WR","17","2025","1","50.0","0.0","0","0.0","0","0.0","0.0","","0","","0","0.0","0.0","","0.00","","0","","","","0","0.0","0","0","0","0","0","0.0","0","","0","0.000","0","","0","","0","","0","0","0.0","0","0.0","","","","100.0","","","0.00","","0.0","0.0","0.0","0.00","0.0"
"233","Dareke Young","SEA","WR","9","2025","1","100.0","0.0","0","0.0","0","0.0","0.0","","0","","0","0.0","0.0","","0.00","","0","","","","0","0.0","0","0","0","0","0","0.0","0","","0","0.000","0","","0","","0","","0","0","0.0","0","0.0","","","","100.0","","","0.00","","0.0","0.0","0.0","0.00","0.0"
"234","Keaton Mitchell","BLT","RB","13","2025","1","100.0","-4.0","-4","100.0","1","0.1","100.0","1.00","1","100.0","0","0.0","0.0","","0.00","","4","4.00","","","0","0.0","0","0","0","0","1","100.0","0","","0","0.000","0","","1","100.0","1","100.0","0","0","0.0","0","79.2","100.0","-5.6","","100.0","","","1.00","0.1","1.0","1.9","0.1","1.89","1.9"
"235","Austin Ekeler","WAS","RB","2","2025","5","83.3","0.0","0","0.0","0","0.0","0.0","","0","","0","0.0","0.0","","0.00","","0","","","","0","0.0","0","0","0","0","0","0.0","0","","0","0.000","0","","0","","0","","0","0","0.0","0","0.0","","","","100.0","","","0.00","","0.0","0.0","0.0","0.00","0.0"
"236","Dee Eskridge","MIA","WR","13","2025","2","100.0","16.0","16","80.0","1","0.1","50.0","0.50","0","","0","0.0","0.0","","0.00","","0","","","","0","0.0","0","0","0","0","1","50.0","0","","0","0.000","0","","0","","0","","0","0","0.0","0","39.6","50.0","-10.1","","100.0","","","0.00","","0.0","2.0","0.2","1.02","2.0"
"237","Jahan Dotson","PHI","WR","17","2025","17","100.0","6.0","6","5.0","1","0.1","8.3","0.06","0","","0","0.0","0.0","","0.00","","0","","","","0","0.0","0","0","0","0","1","12.5","0","","0","0.000","0","","0","","0","","0","0","0.0","0","39.6","9.1","-6.9","","100.0","","","0.00","","0.0","1.2","0.1","0.07","1.2"
"238","Keleki Latu","BUF","TE","5","2025","2","100.0","0.0","0","0.0","0","0.0","0.0","","0","","0","0.0","0.0","","0.00","","0","","","","0","0.0","0","0","0","0","0","0.0","0","","0","0.000","0","","0","","0","","0","0","0.0","0","0.0","","","","100.0","","","0.00","","0.0","0.0","0.0","0.00","0.0"
"239","Darnell Washington","PIT","TE","16","2025","3","100.0","0.0","0","0.0","0","0.0","0.0","","0","","0","0.0","0.0","","0.00","","0","","","","0","0.0","0","0","0","0","0","0.0","0","","0","0.000","0","","0","","0","","0","0","0.0","0","0.0","","","","100.0","","","0.00","","0.0","0.0","0.0","0.00","0.0"
"240","Isaiah Bond","CLV","WR","16","2025","14","93.3","5.0","5","7.9","1","0.1","7.7","0.07","0","","0","0.0","0.0","","0.00","","0","","","","0","0.0","0","0","0","0","1","14.3","0","","0","0.000","0","","1","100.0","0","","1","0","0.0","0","39.6","7.7","-6.4","","100.0","","","0.00","","0.0","1.4","0.1","0.10","1.4"
"241","Alec Pierce","IND","WR","15","2025","3","60.0","0.0","0","0.0","0","0.0","0.0","","0","","0","0.0","0.0","","0.00","","0","","","","0","0.0","0","0","0","0","0","0.0","0","","0","0.000","0","","0","","0","","0","0","0.0","0","0.0","","","","100.0","","","0.00","","0.0","0.0","0.0","0.00","0.0"
"242","Jonathan Taylor","IND","RB","17","2025","7","100.0","0.0","0","0.0","0","0.0","0.0","","0","","0","0.0","0.0","","0.00","","0","","","","0","0.0","0","0","0","0","0","0.0","0","","0","0.000","0","","0","","0","","0","0","0.0","0","0.0","","","","100.0","","","0.00","","0.0","0.0","0.0","0.00","0.0"
"243","Thomas Fidone","NYG","TE","2","2025","1","100.0","0.0","0","0.0","0","0.0","0.0","","0","","0","0.0","0.0","","0.00","","0","","","","0","0.0","0","0","0","0","0","0.0","0","","0","0.000","0","","0","","0","","0","0","0.0","0","0.0","","","","100.0","","","0.00","","0.0","0.0","0.0","0.00","0.0"
"244","Gunner Olszewski","NYG","WR","16","2025","2","100.0","0.0","0","0.0","0","0.0","0.0","","0","","0","0.0","0.0","","0.00","","0","","","","0","0.0","0","0","0","0","0","0.0","0","","0","0.000","0","","0","","0","","0","0","0.0","0","0.0","","","","100.0","","","0.00","","0.0","0.0","0.0","0.00","0.0"
"245","JuJu Smith-Schuster","KC","WR","17","2025","13","76.5","4.0","4","8.2","1","0.1","6.3","0.08","0","","0","0.0","0.0","","0.00","","0","","","","0","0.0","0","0","0","0","0","0.0","0","","0","0.000","0","","0","","0","","0","0","0.0","0","39.6","7.1","-6.0","","100.0","","","0.00","","0.0","1.3","0.1","0.10","1.3"
"246","Javonte Williams","DAL","RB","16","2025","1","100.0","0.0","0","0.0","0","0.0","0.0","","0","","0","0.0","0.0","","0.00","","0","","","","0","0.0","0","0","0","0","0","0.0","0","","0","0.000","0","","0","","0","","0","0","0.0","0","0.0","","","","100.0","","","0.00","","0.0","0.0","0.0","0.00","0.0"
"247","Josh Reynolds","NYJ","WR","5","2025","8","100.0","0.0","0","0.0","0","0.0","0.0","","0","","0","0.0","0.0","","0.00","","0","","","","0","0.0","0","0","0","0","0","0.0","0","","0","0.000","0","","0","","0","","0","0","0.0","0","0.0","","","","100.0","","","0.00","","0.0","0.0","0.0","0.00","0.0"
"248","Jahmyr Gibbs","DET","RB","17","2025","1","100.0","0.0","0","0.0","0","0.0","0.0","","0","","0","0.0","0.0","","0.00","","0","","","","0","0.0","0","0","0","0","0","0.0","0","","0","0.000","0","","0","","0","","0","0","0.0","0","0.0","","","","100.0","","","0.00","","0.0","0.0","0.0","0.00","0.0"
"249","Alex Bachman","LV","WR","13","2025","1","100.0","0.0","0","0.0","0","0.0","0.0","","0","","0","0.0","0.0","","0.00","","0","","","","0","0.0","0","0","0","0","0","0.0","0","","0","0.000","0","","0","","0","","0","0","0.0","0","0.0","","","","100.0","","","0.00","","0.0","0.0","0.0","0.00","0.0"
"250","Keon Coleman","BUF","WR","13","2025","5","100.0","0.0","0","0.0","0","0.0","0.0","","0","","0","0.0","0.0","","0.00","","0","","","","0","0.0","0","0","0","0","0","0.0","0","","0","0.000","0","","0","","0","","0","0","0.0","0","0.0","","","","100.0","","","0.00","","0.0","0.0","0.0","0.00","0.0"
"251","Calvin Ridley","TEN","WR","7","2025","3","100.0","0.0","0","0.0","0","0.0","0.0","","0","","0","0.0","0.0","","0.00","","0","","","","0","0.0","0","0","0","0","0","0.0","0","","0","0.000","0","","0","","0","","0","0","0.0","0","0.0","","","","100.0","","","0.00","","0.0","0.0","0.0","0.00","0.0"
"252","Tyler Badie","DEN","RB","16","2025","1","100.0","0.0","0","0.0","0","0.0","0.0","","0","","0","0.0","0.0","","0.00","","0","","","","0","0.0","0","0","0","0","0","0.0","0","","0","0.000","0","","0","","0","","0","0","0.0","0","0.0","","","","100.0","","","0.00","","0.0","0.0","0.0","0.00","0.0"
"253","George Pickens","DAL","WR","17","2025","6","100.0","0.0","0","0.0","0","0.0","0.0","","0","","0","0.0","0.0","","0.00","","0","","","","0","0.0","0","0","0","0","0","0.0","0","","0","0.000","0","","0","","0","","0","0","0.0","0","0.0","","","","100.0","","","0.00","","0.0","0.0","0.0","0.00","0.0"
"254","Tylan Wallace","BLT","WR","14","2025","2","66.7","0.0","0","0.0","0","0.0","0.0","","0","","0","0.0","0.0","","0.00","","0","","","","0","0.0","0","0","0","0","0","0.0","0","","0","0.000","0","","0","","0","","0","0","0.0","0","0.0","","","","100.0","","","0.00","","0.0","0.0","0.0","0.00","0.0"
"255","Tre Harris","LAC","WR","17","2025","10","90.9","0.0","0","0.0","0","0.0","0.0","","0","","0","0.0","0.0","","0.00","","0","","","","0","0.0","0","0","0","0","0","0.0","0","","0","0.000","0","","0","","0","","0","0","0.0","0","0.0","","","","100.0","","","0.00","","0.0","0.0","0.0","0.00","0.0"
"256","Rashod Bateman","BLT","WR","13","2025","5","100.0","0.0","0","0.0","0","0.0","0.0","","0","","0","0.0","0.0","","0.00","","0","","","","0","0.0","0","0","0","0","0","0.0","0","","0","0.000","0","","0","","0","","0","0","0.0","0","0.0","","","","100.0","","","0.00","","0.0","0.0","0.0","0.00","0.0"
"257","Chris Moore","WAS","WR","14","2025","1","100.0","0.0","0","0.0","0","0.0","0.0","","0","","0","0.0","0.0","","0.00","","0","","","","0","0.0","0","0","0","0","0","0.0","0","","0","0.000","0","","0","","0","","0","0","0.0","0","0.0","","","","100.0","","","0.00","","0.0","0.0","0.0","0.00","0.0"
"258","Mason Kinsey","TEN","WR","10","2025","5","71.4","19.0","19","43.2","1","0.1","14.3","0.20","0","","0","0.0","0.0","","0.00","","0","","","","0","0.0","0","0","0","0","1","20.0","0","","0","0.000","1","100.0","1","100.0","0","","0","0","0.0","0","39.6","16.7","-11.9","","100.0","","","0.00","","0.0","1.4","0.1","0.29","1.4"
"259","Isaiah Hodgins","NYG","WR","7","2025","3","100.0","0.0","0","0.0","0","0.0","0.0","","0","","0","0.0","0.0","","0.00","","0","","","","0","0.0","0","0","0","0","0","0.0","0","","0","0.000","0","","0","","0","","0","0","0.0","0","0.0","","","","100.0","","","0.00","","0.0","0.0","0.0","0.00","0.0"
"260","Breece Hall","NYJ","RB","16","2025","2","100.0","0.0","0","0.0","0","0.0","0.0","","0","","0","0.0","0.0","","0.00","","0","","","","0","0.0","0","0","0","0","0","0.0","0","","0","0.000","0","","0","","0","","0","0","0.0","0","0.0","","","","100.0","","","0.00","","0.0","0.0","0.0","0.00","0.0"
"261","Jordan Mason","MIN","RB","16","2025","2","100.0","0.0","0","0.0","0","0.0","0.0","","0","","0","0.0","0.0","","0.00","","0","","","","0","0.0","0","0","0","0","0","0.0","0","","0","0.000","0","","0","","0","","0","0","0.0","0","0.0","","","","100.0","","","0.00","","0.0","0.0","0.0","0.00","0.0"
"262","Payne Durham","TB","TE","17","2025","1","100.0","0.0","0","0.0","0","0.0","0.0","","0","","0","0.0","0.0","","0.00","","0","","","","0","0.0","0","0","0","0","0","0.0","0","","0","0.000","0","","0","","0","","0","0","0.0","0","0.0","","","","100.0","","","0.00","","0.0","0.0","0.0","0.00","0.0"
"263","Josiah Deguara","ARZ","TE","12","2025","3","100.0","0.0","0","0.0","0","0.0","0.0","","0","","0","0.0","0.0","","0.00","","0","","","","0","0.0","0","0","0","0","0","0.0","0","","0","0.000","0","","0","","0","","0","0","0.0","0","0.0","","","","100.0","","","0.00","","0.0","0.0","0.0","0.00","0.0"
"264","Hunter Renfrow","CAR","WR","6","2025","5","100.0","0.0","0","0.0","0","0.0","0.0","","0","","0","0.0","0.0","","0.00","","0","","","","0","0.0","0","0","0","0","0","0.0","0","","0","0.000","0","","0","","0","","0","0","0.0","0","0.0","","","","100.0","","","0.00","","0.0","0.0","0.0","0.00","0.0"
"265","Scott Miller","PIT","WR","13","2025","1","100.0","0.0","0","0.0","0","0.0","0.0","","0","","0","0.0","0.0","","0.00","","0","","","","0","0.0","0","0","0","0","0","0.0","0","","0","0.000","0","","0","","0","","0","0","0.0","0","0.0","","","","100.0","","","0.00","","0.0","0.0","0.0","0.00","0.0"
"266","Daniel Bellinger","NYG","TE","16","2025","5","100.0","0.0","0","0.0","0","0.0","0.0","","0","","0","0.0","0.0","","0.00","","0","","","","0","0.0","0","0","0","0","0","0.0","0","","0","0.000","0","","0","","0","","0","0","0.0","0","0.0","","","","100.0","","","0.00","","0.0","0.0","0.0","0.00","0.0"
"267","Jaylen Waddle","MIA","WR","16","2025","7","100.0","0.0","0","0.0","0","0.0","0.0","","0","","0","0.0","0.0","","0.00","","0","","","","0","0.0","0","0","0","0","0","0.0","0","","0","0.000","0","","0","","0","","0","0","0.0","0","0.0","","","","100.0","","","0.00","","0.0","0.0","0.0","0.00","0.0"
"268","Jaylen Wright","MIA","RB","10","2025","1","100.0","-3.0","-3","100.0","1","0.1","100.0","1.00","1","100.0","0","0.0","0.0","","0.00","","3","3.00","2","2.00","0","0.0","0","0","0","0","1","100.0","0","","0","0.000","0","","1","100.0","1","100.0","0","0","0.0","0","79.2","100.0","-6.1","","100.0","","","1.00","0.1","1.0","1.5","0.2","1.54","1.5"
"269","Lucas Krull","DEN","TE","3","2025","1","100.0","0.0","0","0.0","0","0.0","0.0","","0","","0","0.0","0.0","","0.00","","0","","","","0","0.0","0","0","0","0","0","0.0","0","","0","0.000","0","","0","","0","","0","0","0.0","0","0.0","","","","100.0","","","0.00","","0.0","0.0","0.0","0.00","0.0"
"270","Noah Fant","CIN","TE","15","2025","3","75.0","0.0","0","0.0","0","0.0","0.0","","0","","0","0.0","0.0","","0.00","","0","","","","0","0.0","0","0","0","0","0","0.0","0","","0","0.000","0","","0","","0","","0","0","0.0","0","0.0","","","","100.0","","","0.00","","0.0","0.0","0.0","0.00","0.0"
"271","Jeremy Ruckert","NYJ","TE","17","2025","3","100.0","0.0","0","0.0","0","0.0","0.0","","0","","0","0.0","0.0","","0.00","","0","","","","0","0.0","0","0","0","0","0","0.0","0","","0","0.000","0","","0","","0","","0","0","0.0","0","0.0","","","","100.0","","","0.00","","0.0","0.0","0.0","0.00","0.0"
"272","Curtis Samuel","BUF","WR","6","2025","1","100.0","0.0","0","0.0","0","0.0","0.0","","0","","0","0.0","0.0","","0.00","","0","","","","0","0.0","0","0","0","0","0","0.0","0","","0","0.000","0","","0","","0","","0","0","0.0","0","0.0","","","","100.0","","","0.00","","0.0","0.0","0.0","0.00","0.0"
"273","Allen Lazard","NYJ","WR","10","2025","10","100.0","0.0","0","0.0","0","0.0","0.0","","0","","0","0.0","0.0","","0.00","","0","","","","0","0.0","0","0","0","0","0","0.0","0","","0","0.000","0","","0","","0","","0","0","0.0","0","0.0","","","","100.0","","","0.00","","0.0","0.0","0.0","0.00","0.0"
"274","Dyami Brown","JAX","WR","14","2025","3","100.0","0.0","0","0.0","0","0.0","0.0","","0","","0","0.0","0.0","","0.00","","0","","","","0","0.0","0","0","0","0","0","0.0","0","","0","0.000","0","","0","","0","","0","0","0.0","0","0.0","","","","100.0","","","0.00","","0.0","0.0","0.0","0.00","0.0"
"275","Colson Yankoff","WAS","TE","14","2025","1","100.0","0.0","0","0.0","0","0.0","0.0","","0","","0","0.0","0.0","","0.00","","0","","","","0","0.0","0","0","0","0","0","0.0","0","","0","0.000","0","","0","","0","","0","0","0.0","0","0.0","","","","100.0","","","0.00","","0.0","0.0","0.0","0.00","0.0"
"276","Elijah Arroyo","SEA","TE","13","2025","5","83.3","0.0","0","0.0","0","0.0","0.0","","0","","0","0.0","0.0","","0.00","","0","","","","0","0.0","0","0","0","0","0","0.0","0","","0","0.000","0","","0","","0","","0","0","0.0","0","0.0","","","","100.0","","","0.00","","0.0","0.0","0.0","0.00","0.0"
"277","Romeo Doubs","GB","WR","16","2025","6","100.0","0.0","0","0.0","0","0.0","0.0","","0","","0","0.0","0.0","","0.00","","0","","","","0","0.0","0","0","0","0","0","0.0","0","","0","0.000","0","","0","","0","","0","0","0.0","0","0.0","","","","100.0","","","0.00","","0.0","0.0","0.0","0.00","0.0"
"278","Ronnie Bell","NO","WR","2","2025","1","100.0","0.0","0","0.0","0","0.0","0.0","","0","","0","0.0","0.0","","0.00","","0","","","","0","0.0","0","0","0","0","0","0.0","0","","0","0.000","0","","0","","0","","0","0","0.0","0","0.0","","","","100.0","","","0.00","","0.0","0.0","0.0","0.00","0.0"
"279","Quintin Morris","JAX","TE","13","2025","2","100.0","0.0","0","0.0","0","0.0","0.0","","0","","0","0.0","0.0","","0.00","","0","","","","0","0.0","0","0","0","0","0","0.0","0","","0","0.000","0","","0","","0","","0","0","0.0","0","0.0","","","","100.0","","","0.00","","0.0","0.0","0.0","0.00","0.0"
"280","Emanuel Wilson","GB","RB","17","2025","1","100.0","0.0","0","0.0","0","0.0","0.0","","0","","0","0.0","0.0","","0.00","","0","","","","0","0.0","0","0","0","0","0","0.0","0","","0","0.000","0","","0","","0","","0","0","0.0","0","0.0","","","","100.0","","","0.00","","0.0","0.0","0.0","0.00","0.0"
"281","Brock Wright","DET","TE","11","2025","6","85.7","0.0","0","0.0","0","0.0","0.0","","0","","0","0.0","0.0","","0.00","","0","","","","0","0.0","0","0","0","0","0","0.0","0","","0","0.000","0","","0","","0","","0","0","0.0","0","0.0","","","","100.0","","","0.00","","0.0","0.0","0.0","0.00","0.0"
"282","Theo Wease","MIA","WR","3","2025","1","100.0","0.0","0","0.0","0","0.0","0.0","","0","","0","0.0","0.0","","0.00","","0","","","","0","0.0","0","0","0","0","0","0.0","0","","0","0.000","0","","0","","0","","0","0","0.0","0","0.0","","","","100.0","","","0.00","","0.0","0.0","0.0","0.00","0.0"
"283","Braxton Berrios","HST","WR","4","2025","8","100.0","1.0","1","2.0","1","0.3","12.5","0.13","0","","0","0.0","0.0","","0.00","","0","","","","0","0.0","0","0","0","0","0","0.0","0","","0","0.000","0","","0","","0","","0","0","0.0","0","39.6","12.5","-5.1","","100.0","","","0.00","","0.0","1.4","0.4","0.18","1.4"
"284","Ricky Pearsall","SF","WR","9","2025","6","100.0","0.0","0","0.0","0","0.0","0.0","","0","","0","0.0","0.0","","0.00","","0","","","","0","0.0","0","0","0","0","0","0.0","0","","0","0.000","0","","0","","0","","0","0","0.0","0","0.0","","","","100.0","","","0.00","","0.0","0.0","0.0","0.00","0.0"
"285","Andrew Ogletree","IND","TE","15","2025","2","100.0","5.0","5","45.5","1","0.1","50.0","0.50","0","","0","0.0","0.0","","0.00","","0","","","","0","0.0","0","0","0","0","1","50.0","0","","0","0.000","0","","1","100.0","0","","1","0","0.0","0","39.6","50.0","-6.5","","100.0","","","0.00","","0.0","1.5","0.1","0.73","1.5"
"286","Stone Smartt","NYJ","TE","8","2025","6","100.0","0.0","0","0.0","0","0.0","0.0","","0","","0","0.0","0.0","","0.00","","0","","","","0","0.0","0","0","0","0","0","0.0","0","","0","0.000","0","","0","","0","","0","0","0.0","0","0.0","","","","100.0","","","0.00","","0.0","0.0","0.0","0.00","0.0"
"287","Davis Allen","LA","TE","17","2025","1","100.0","0.0","0","0.0","0","0.0","0.0","","0","","0","0.0","0.0","","0.00","","0","","","","0","0.0","0","0","0","0","0","0.0","0","","0","0.000","0","","0","","0","","0","0","0.0","0","0.0","","","","100.0","","","0.00","","0.0","1.2","0.1","1.24","1.2"
"288","Malachi Corley","CLV","WR","13","2025","1","100.0","0.0","0","0.0","0","0.0","0.0","","0","","0","0.0","0.0","","0.00","","0","","","","0","0.0","0","0","0","0","0","0.0","0","","0","0.000","0","","0","","0","","0","0","0.0","0","0.0","","","","100.0","","","0.00","","0.0","0.0","0.0","0.00","0.0"
"289","Brian Robinson","SF","RB","17","2025","1","100.0","0.0","0","0.0","0","0.0","0.0","","0","","0","0.0","0.0","","0.00","","0","","","","0","0.0","0","0","0","0","0","0.0","0","","0","0.000","0","","0","","0","","0","0","0.0","0","0.0","","","","100.0","","","0.00","","0.0","0.0","0.0","0.00","0.0"
"290","Andre Baccellia","ARZ","WR","5","2025","2","100.0","0.0","0","0.0","0","0.0","0.0","","0","","0","0.0","0.0","","0.00","","0","","","","0","0.0","0","0","0","0","0","0.0","0","","0","0.000","0","","0","","0","","0","0","0.0","0","0.0","","","","100.0","","","0.00","","0.0","0.0","0.0","0.00","0.0"
"291","D'Ernest Johnson","ARZ, NE","RB","6","2025","1","100.0","0.0","0","0.0","0","0.0","0.0","","0","","0","0.0","0.0","","0.00","","0","","","","0","0.0","0","0","0","0","0","0.0","0","","0","0.000","0","","0","","0","","0","0","0.0","0","0.0","","","","100.0","","","0.00","","0.0","0.0","0.0","0.00","0.0"
"292","Austin Trammell","JAX","WR","6","2025","3","100.0","0.0","0","0.0","0","0.0","0.0","","0","","0","0.0","0.0","","0.00","","0","","","","0","0.0","0","0","0","0","0","0.0","0","","0","0.000","0","","0","","0","","0","0","0.0","0","0.0","","","","100.0","","","0.00","","0.0","0.0","0.0","0.00","0.0"
"293","Jonathan Mingo","DAL","WR","6","2025","1","100.0","0.0","0","0.0","0","0.0","0.0","","0","","0","0.0","0.0","","0.00","","0","","","","0","0.0","0","0","0","0","0","0.0","0","","0","0.000","0","","0","","0","","0","0","0.0","0","0.0","","","","100.0","","","0.00","","0.0","0.0","0.0","0.00","0.0"
"294","Jayden Higgins","HST","WR","17","2025","5","100.0","0.0","0","0.0","0","0.0","0.0","","0","","0","0.0","0.0","","0.00","","0","","","","0","0.0","0","0","0","0","0","0.0","0","","0","0.000","0","","0","","0","","0","0","0.0","0","0.0","","","","100.0","","","0.00","","0.0","0.0","0.0","0.00","0.0"
"295","Will Shipley","PHI","RB","15","2025","2","100.0","0.0","0","0.0","0","0.0","0.0","","0","","0","0.0","0.0","","0.00","","0","","","","0","0.0","0","0","0","0","0","0.0","0","","0","0.000","0","","0","","0","","0","0","0.0","0","0.0","","","","100.0","","","0.00","","0.0","0.0","0.0","0.00","0.0"
"296","Dante Pettis","NO","WR","8","2025","3","100.0","0.0","0","0.0","0","0.0","0.0","","0","","0","0.0","0.0","","0.00","","0","","","","0","0.0","0","0","0","0","0","0.0","0","","0","0.000","0","","0","","0","","0","0","0.0","0","0.0","","","","100.0","","","0.00","","0.0","0.0","0.0","0.00","0.0"
"297","Trent Sherfield","DEN, ARZ","WR","12","2025","4","100.0","29.0","29","74.4","1","0.1","33.3","0.25","0","","0","0.0","0.0","","0.00","","0","","","","0","0.0","0","0","0","1","1","50.0","0","","0","0.000","0","","0","","0","","0","0","0.0","0","39.6","33.3","-11.4","","100.0","","","0.00","","0.0","2.6","0.2","0.65","2.6"
"298","Jalen McMillan","TB","WR","4","2025","1","100.0","0.0","0","0.0","0","0.0","0.0","","0","","0","0.0","0.0","","0.00","","0","","","","0","0.0","0","0","0","0","0","0.0","0","","0","0.000","0","","0","","0","","0","0","0.0","0","0.0","","","","100.0","","","0.00","","0.0","0.0","0.0","0.00","0.0"
"299","Tahj Washington","MIA","WR","6","2025","1","100.0","44.0","44","100.0","1","0.2","100.0","1.00","0","","0","0.0","0.0","","0.00","","0","","","","0","0.0","0","0","0","1","0","0.0","0","","0","0.000","0","","0","","0","","0","0","0.0","0","0.0","100.0","-15.0","","100.0","","","0.00","","0.0","1.4","0.2","1.38","1.4"
"300","Bucky Irving","TB","RB","10","2025","1","100.0","0.0","0","0.0","0","0.0","0.0","","0","","0","0.0","0.0","","0.00","","0","","","","0","0.0","0","0","0","0","0","0.0","0","","0","0.000","0","","0","","0","","0","0","0.0","0","0.0","","","","100.0","","","0.00","","0.0","0.0","0.0","0.00","0.0"
"301","Marvin Harrison","ARZ","WR","12","2025","5","83.3","0.0","0","0.0","0","0.0","0.0","","0","","0","0.0","0.0","","0.00","","0","","","","0","0.0","0","0","0","0","0","0.0","0","","0","0.000","0","","0","","0","","0","0","0.0","0","0.0","","","","100.0","","","0.00","","0.0","0.0","0.0","0.00","0.0"
"302","Andrei Iosivas","CIN","WR","17","2025","25","86.2","7.0","14","8.0","2","0.1","7.7","0.08","0","","0","0.0","0.0","","0.00","","0","","","","0","0.0","0","0","0","0","1","5.9","0","","0","0.000","1","50.0","1","50.0","0","","0","0","0.0","0","0.0","7.7","-7.8","","100.0","","","0.00","","0.0","3.2","0.2","0.13","3.2"
"303","Alvin Kamara","NO","RB","11","2025","1","100.0","6.0","6","100.0","1","0.1","100.0","1.00","0","","0","0.0","0.0","","0.00","","0","","","","0","0.0","0","0","0","0","1","100.0","0","","0","0.000","1","100.0","1","100.0","0","","0","0","0.0","0","39.6","100.0","-7.7","","100.0","","","0.00","","0.0","1.5","0.1","1.47","1.5"
"304","Treylon Burks","WAS","WR","8","2025","3","100.0","0.0","0","0.0","0","0.0","0.0","","0","","0","0.0","0.0","","0.00","","0","","","","0","0.0","0","0","0","0","0","0.0","0","","0","0.000","0","","0","","0","","0","0","0.0","0","0.0","","","","100.0","","","0.00","","0.0","1.6","0.2","0.54","1.6"
"305","Kyren Williams","LA","RB","17","2025","2","100.0","0.0","0","0.0","0","0.0","0.0","","0","","0","0.0","0.0","","0.00","","0","","","","0","0.0","0","0","0","0","0","0.0","0","","0","0.000","0","","0","","0","","0","0","0.0","0","0.0","","","","100.0","","","0.00","","0.0","0.0","0.0","0.00","0.0"
"306","Dont'e Thornton","LV","WR","15","2025","7","77.8","0.0","0","0.0","0","0.0","0.0","","0","","0","0.0","0.0","","0.00","","0","","","","0","0.0","0","0","0","0","0","0.0","0","","0","0.000","0","","0","","0","","0","0","0.0","0","0.0","","","","100.0","","","0.00","","0.0","1.6","0.1","0.23","1.6"
"307","Courtland Sutton","DEN","WR","17","2025","5","83.3","0.0","0","0.0","0","0.0","0.0","","0","","0","0.0","0.0","","0.00","","0","","","","0","0.0","0","0","0","0","0","0.0","0","","0","0.000","0","","0","","0","","0","0","0.0","0","0.0","","","","100.0","","","0.00","","0.0","0.0","0.0","0.00","0.0"
"308","Tank Bigsby","JAX, PHI","RB","16","2025","1","100.0","0.0","0","0.0","0","0.0","0.0","","0","","0","0.0","0.0","","0.00","","0","","","","0","0.0","0","0","0","0","0","0.0","0","","0","0.000","0","","0","","0","","0","0","0.0","0","0.0","","","","100.0","","","0.00","","0.0","0.0","0.0","0.00","0.0"
"309","Nick Westbrook-Ikhine","MIA","WR","15","2025","4","66.7","0.0","0","0.0","0","0.0","0.0","","0","","0","0.0","0.0","","0.00","","0","","","","0","0.0","0","0","0","0","0","0.0","0","","0","0.000","0","","0","","0","","0","0","0.0","0","0.0","","","","100.0","","","0.00","","0.0","1.5","0.1","0.37","1.5"
"310","Brevyn Spann-Ford","DAL","TE","17","2025","3","100.0","0.0","0","0.0","0","0.0","0.0","","0","","0","0.0","0.0","","0.00","","0","","","","0","0.0","0","0","0","0","0","0.0","0","","0","0.000","0","","0","","0","","0","0","0.0","0","0.0","","","","100.0","","","0.00","","0.0","0.0","0.0","0.00","0.0"
"311","Michael Mayer","LV","TE","13","2025","5","100.0","0.0","0","0.0","0","0.0","0.0","","0","","0","0.0","0.0","","0.00","","0","","","","0","0.0","0","0","0","0","0","0.0","0","","0","0.000","0","","0","","0","","0","0","0.0","0","0.0","","","","100.0","","","0.00","","0.0","0.0","0.0","0.00","0.0"
"312","Luke Farrell","SF","TE","17","2025","2","100.0","0.0","0","0.0","0","0.0","0.0","","0","","0","0.0","0.0","","0.00","","0","","","","0","0.0","0","0","0","0","0","0.0","0","","0","0.000","0","","0","","0","","0","0","0.0","0","0.0","","","","100.0","","","0.00","","0.0","0.0","0.0","0.00","0.0"
"313","Kalif Raymond","DET","WR","15","2025","9","75.0","0.0","0","0.0","0","0.0","0.0","","0","","0","0.0","0.0","","0.00","","0","","","","0","0.0","0","0","0","0","0","0.0","0","","0","0.000","0","","0","","0","","0","0","0.0","0","0.0","","","","100.0","","","0.00","","0.0","0.0","0.0","0.00","0.0"
"314","Rico Dowdle","CAR","RB","17","2025","1","100.0","0.0","0","0.0","0","0.0","0.0","","0","","0","0.0","0.0","","0.00","","0","","","","0","0.0","0","0","0","0","0","0.0","0","","0","0.000","0","","0","","0","","0","0","0.0","0","0.0","","","","100.0","","","0.00","","0.0","0.0","0.0","0.00","0.0"
"315","Ben Sinnott","WAS","TE","16","2025","6","75.0","0.0","0","0.0","0","0.0","0.0","","0","","0","0.0","0.0","","0.00","","0","","","","0","0.0","0","0","0","0","0","0.0","0","","0","0.000","0","","0","","0","","0","0","0.0","0","0.0","","","","100.0","","","0.00","","0.0","0.0","0.0","0.00","0.0"
"316","Tre Tucker","LV","WR","17","2025","5","100.0","0.0","0","0.0","0","0.0","0.0","","0","","0","0.0","0.0","","0.00","","0","","","","0","0.0","0","0","0","0","0","0.0","0","","0","0.000","0","","0","","0","","0","0","0.0","0","0.0","","","","100.0","","","0.00","","0.0","0.0","0.0","0.00","0.0"
"317","Jack Stoll","NO","TE","15","2025","1","100.0","0.0","0","0.0","0","0.0","0.0","","0","","0","0.0","0.0","","0.00","","0","","","","0","0.0","0","0","0","0","0","0.0","0","","0","0.000","0","","0","","0","","0","0","0.0","0","0.0","","","","100.0","","","0.00","","0.0","0.0","0.0","0.00","0.0"
"318","Mason Taylor","NYJ","TE","13","2025","8","100.0","0.0","0","0.0","0","0.0","0.0","","0","","0","0.0","0.0","","0.00","","0","","","","0","0.0","0","0","0","0","0","0.0","0","","0","0.000","0","","0","","0","","0","0","0.0","0","0.0","","","","100.0","","","0.00","","0.0","0.0","0.0","0.00","0.0"
"319","Tip Reiman","ARZ","TE","4","2025","1","100.0","0.0","0","0.0","0","0.0","0.0","","0","","0","0.0","0.0","","0.00","","0","","","","0","0.0","0","0","0","0","0","0.0","0","","0","0.000","0","","0","","0","","0","0","0.0","0","0.0","","","","100.0","","","0.00","","0.0","0.0","0.0","0.00","0.0"
"320","Bhayshul Tuten","JAX","RB","15","2025","1","100.0","0.0","0","0.0","0","0.0","0.0","","0","","0","0.0","0.0","","0.00","","0","","","","0","0.0","0","0","0","0","0","0.0","0","","0","0.000","0","","0","","0","","0","0","0.0","0","0.0","","","","100.0","","","0.00","","0.0","0.0","0.0","0.00","0.0"
"321","Jaxon Smith-Njigba","SEA","WR","17","2025","7","100.0","8.7","26","66.7","3","0.2","42.9","0.43","0","","0","0.0","0.0","","0.00","","0","","","","0","0.0","0","0","0","0","3","60.0","0","","0","0.000","0","","1","33.3","0","","1","0","0.0","0","39.6","42.9","-7.6","","100.0","","","0.00","","0.0","4.9","0.3","0.70","4.9"
"322","Josh Palmer","BUF","WR","12","2025","4","100.0","16.0","16","94.1","1","0.1","50.0","0.25","0","","0","0.0","0.0","","0.00","","0","","","","0","0.0","0","0","0","0","0","0.0","0","","0","0.000","0","","0","","0","","0","0","0.0","0","39.6","50.0","-10.1","","100.0","","","0.00","","0.0","1.5","0.1","0.37","1.5"
"323","KhaDarel Hodge","ATL","WR","11","2025","1","100.0","0.0","0","0.0","0","0.0","0.0","","0","","0","0.0","0.0","","0.00","","0","","","","0","0.0","0","0","0","0","0","0.0","0","","0","0.000","0","","0","","0","","0","0","0.0","0","0.0","","","","100.0","","","0.00","","0.0","0.0","0.0","0.00","0.0"
"324","Zay Jones","ARZ","WR","8","2025","2","100.0","0.0","0","0.0","0","0.0","0.0","","0","","0","0.0","0.0","","0.00","","0","","","","0","0.0","0","0","0","0","0","0.0","0","","0","0.000","0","","0","","0","","0","0","0.0","0","0.0","","","","100.0","","","0.00","","0.0","0.0","0.0","0.00","0.0"
"325","Luke Schoonmaker","DAL","TE","17","2025","5","83.3","0.0","0","0.0","0","0.0","0.0","","0","","0","0.0","0.0","","0.00","","0","","","","0","0.0","0","0","0","0","0","0.0","0","","0","0.000","0","","0","","0","","0","0","0.0","0","0.0","","","","100.0","","","0.00","","0.0","0.0","0.0","0.00","0.0"
"326","Kameron Johnson","TB","WR","17","2025","1","100.0","0.0","0","0.0","0","0.0","0.0","","0","","0","0.0","0.0","","0.00","","0","","","","0","0.0","0","0","0","0","0","0.0","0","","0","0.000","0","","0","","0","","0","0","0.0","0","0.0","","","","100.0","","","0.00","","0.0","0.0","0.0","0.00","0.0"