"Player Details","","","","","","Receiving","","","","","","","","","","","","","","","","","","","","","","","Advanced","","","","","","","","","","","","","","","","","","","","","","","","","","","FPTS","","","","","",""
"Rank","Name","Team","POS","G","Season","RTE","RTE %","aDOT","AY","AY Share","TGT","TGT/G","TGT %","TPRR","REC","CR %","YDS","RecYDS/G","TM YDS %","YPRR","YPT","YPR","YAC","YAC/REC","YACO","YACO/REC","TD","TM TD %","i20 TGT","EZTGT","EZTD","DP TGT","1READ","1READ %","MTF","MTF/REC","1D","1D/RR","DRP","DRP %","CTGT","CTGT %","DESIGN","DESIGN %","CT","CC","CC %","HERO","RATE","THREAT","YPTOE","WIDE RTE %","SLOT RTE %","INLINE RTE %","BACK RTE %","FP/RR","FP/G","FP","XFP","XFP/G","XFP/RR","RecXFP"
"1","Wan'Dale Robinson","NYG","WR","16","2025","96","95.0","7.8","233","29.2","30","1.9","33.7","0.31","24","80.0","248","15.5","33.4","2.58","8.27","10.33","121","5.04","41","1.71","0","0.0","1","0","0","4","25","38.5","2","0.08","6","0.063","0","","24","80.0","8","26.7","2","2","100.0","0","101.1","34.9","0.8","","100.0","","","0.51","3.1","48.8","46.1","2.9","0.48","46.1"
"2","Trey McBride","ARZ","TE","17","2025","133","96.4","4.3","133","14.9","31","1.8","25.0","0.23","27","87.1","231","13.6","26.3","1.74","7.45","8.56","132","4.89","33","1.22","1","50.0","1","1","1","0","26","32.9","2","0.07","10","0.075","1","3.2","30","96.8","7","22.6","8","6","75.0","0","108.5","25.6","0.6","","100.0","","","0.42","3.3","56.1","47.7","2.8","0.36","47.7"
"3","Puka Nacua","LA","WR","16","2025","42","97.7","11.4","205","48.6","18","1.1","46.2","0.43","15","83.3","222","13.9","55.1","5.29","12.33","14.80","45","3.00","20","1.33","1","20.0","2","1","0","2","17","63.0","1","0.07","11","0.262","1","5.6","16","88.9","0","","3","3","100.0","1","136.6","47.4","3.7","","100.0","","","1.03","2.7","43.2","30.6","1.9","0.73","30.6"
"4","Hunter Henry","NE","TE","17","2025","65","91.5","7.8","124","17.8","16","0.9","24.6","0.25","14","87.5","194","11.4","27.2","2.98","12.13","13.86","97","6.93","16","1.14","0","0.0","0","0","0","2","11","25.6","0","","10","0.154","1","6.3","15","93.8","0","","2","1","50.0","0","117.2","25.8","4.5","","100.0","","","0.51","2.0","33.4","27.6","1.6","0.42","27.6"
"5","Chris Olave","NO","WR","16","2025","73","100.0","10.0","170","42.2","17","1.1","29.8","0.23","13","76.5","190","11.9","43.6","2.60","11.18","14.62","54","4.15","17","1.31","1","50.0","0","0","0","3","13","35.1","1","0.08","7","0.096","0","","15","88.2","3","17.6","3","1","33.3","0","107.5","30.9","3.1","","100.0","","","0.52","2.4","38.0","28.3","1.8","0.39","28.3"
"6","Josh Downs","IND","WR","16","2025","88","98.9","12.1","229","29.0","19","1.2","23.5","0.22","15","78.9","182","11.4","24.7","2.07","9.58","12.13","49","3.27","24","1.60","0","0.0","1","0","0","4","18","28.6","3","0.20","10","0.114","1","5.3","16","84.2","0","","2","1","50.0","0","106.6","24.4","0.9","","100.0","","","0.38","2.1","33.2","31.3","2.0","0.36","31.3"
"7","Zay Flowers","BLT","WR","17","2025","39","97.5","9.8","118","41.7","12","0.7","40.0","0.31","10","83.3","182","10.7","50.7","4.67","15.17","18.20","80","8.00","23","2.30","0","0.0","0","0","0","2","12","52.2","2","0.20","5","0.128","1","8.3","12","100.0","2","16.7","1","0","0.0","0","118.8","40.0","7.3","","100.0","","","0.72","1.7","28.2","23.0","1.4","0.59","23.0"
"8","Khalil Shakir","BUF","WR","16","2025","94","93.1","4.3","102","24.1","24","1.5","29.3","0.26","19","79.2","172","10.8","28.3","1.83","7.17","9.05","113","5.95","67","3.53","0","0.0","0","0","0","2","16","33.3","3","0.16","5","0.053","0","","22","91.7","5","20.8","6","3","50.0","0","96.5","31.2","0.5","","100.0","","","0.39","2.3","36.2","39.6","2.5","0.42","39.6"
"9","Amon-Ra St. Brown","DET","WR","17","2025","83","93.3","8.3","183","31.1","22","1.3","26.8","0.27","15","68.2","168","9.9","25.6","2.02","7.64","11.20","48","3.20","9","0.60","2","40.0","4","1","1","1","21","37.5","2","0.13","9","0.108","1","4.5","17","77.3","2","9.1","2","1","50.0","0","102.1","28.2","-0.1","","100.0","","","0.53","2.6","43.8","38.1","2.2","0.46","38.1"
"10","Troy Franklin","DEN","WR","17","2025","70","94.6","18.2","310","51.8","17","1.0","25.4","0.24","10","58.8","166","9.8","35.6","2.37","9.76","16.60","41","4.10","14","1.40","1","50.0","0","1","1","6","15","31.9","0","","6","0.086","2","11.8","13","76.5","3","17.6","2","1","50.0","0","71.8","26.2","-0.4","","100.0","","","0.47","1.9","32.6","34.0","2.0","0.49","34.0"
"11","Chig Okonkwo","TEN","TE","17","2025","53","84.1","7.9","111","33.0","14","0.8","23.7","0.26","12","85.7","153","9.0","36.4","2.89","10.93","12.75","68","5.67","21","1.75","0","0.0","0","0","0","2","11","29.7","2","0.17","5","0.094","0","","12","85.7","2","14.3","1","1","100.0","0","112.2","28.0","2.6","","100.0","","","0.52","1.6","27.3","22.1","1.3","0.42","22.1"
"12","Stefon Diggs","NE","WR","17","2025","70","95.9","8.9","124","31.6","14","0.8","23.0","0.20","13","92.9","136","8.0","25.7","1.94","9.71","10.46","41","3.15","11","0.85","0","0.0","0","0","0","3","10","25.6","3","0.23","5","0.071","0","","13","92.9","1","7.1","0","0","0.0","0","107.1","24.1","2.2","","100.0","","","0.38","1.6","26.6","23.8","1.4","0.34","23.8"
"13","Juwan Johnson","NO","TE","17","2025","72","91.1","8.5","127","22.2","15","0.9","22.4","0.21","13","86.7","134","7.9","25.5","1.86","8.93","10.31","31","2.38","10","0.77","0","0.0","0","0","0","1","11","23.4","0","","6","0.083","1","6.7","14","93.3","1","6.7","3","3","100.0","1","103.9","22.7","1.0","","100.0","","","0.37","1.6","26.4","23.6","1.4","0.33","23.6"
"14","Ja'Marr Chase","CIN","WR","16","2025","46","100.0","5.5","88","28.9","16","1.0","36.4","0.35","12","75.0","132","8.3","37.3","2.87","8.25","11.00","90","7.50","21","1.75","1","100.0","1","1","1","2","14","53.8","4","0.33","5","0.109","1","6.3","13","81.3","5","31.3","1","1","100.0","1","119.8","37.2","1.6","","100.0","","","0.68","2.0","31.2","24.5","1.5","0.53","24.5"
"15","Drake London","ATL","WR","12","2025","38","82.6","10.4","145","54.1","14","1.2","34.1","0.37","9","64.3","127","10.6","34.7","3.34","9.07","14.11","39","4.33","13","1.44","2","66.7","2","2","2","2","10","34.5","2","0.22","8","0.211","1","7.1","11","78.6","0","","2","1","50.0","0","103.3","37.8","0.7","","100.0","","","0.89","2.8","33.7","29.6","2.5","0.78","29.6"
"16","Rashee Rice","KC","WR","8","2025","31","96.9","3.2","35","18.6","11","1.4","39.3","0.35","9","81.8","125","15.6","49.8","4.03","11.36","13.89","92","10.22","12","1.33","0","0.0","0","0","0","0","9","52.9","2","0.22","6","0.194","1","9.1","10","90.9","6","54.5","1","1","100.0","0","114.0","42.3","4.8","","100.0","","","0.69","2.7","21.5","16.8","2.1","0.54","16.8"
"17","Travis Kelce","KC","TE","17","2025","52","91.2","7.7","85","26.2","11","0.6","22.4","0.21","9","81.8","124","7.3","34.8","2.38","11.27","13.78","54","6.00","11","1.22","1","100.0","0","0","0","1","8","24.2","4","0.44","5","0.096","1","9.1","10","90.9","0","","0","0","0.0","0","143.9","23.4","4.0","","100.0","","","0.53","1.6","27.4","16.8","1.0","0.32","16.8"
"18","Olamide Zaccheaus","CHI","WR","16","2025","55","90.2","5.6","79","29.7","14","0.9","25.9","0.25","11","78.6","120","7.5","37.5","2.18","8.57","10.91","67","6.09","25","2.27","1","100.0","3","0","0","1","11","33.3","1","0.09","5","0.091","0","","11","78.6","3","21.4","0","0","0.0","0","126.2","29.8","1.8","","100.0","","","0.53","1.8","29.0","22.9","1.4","0.42","22.9"
"19","Emeka Egbuka","TB","WR","17","2025","64","92.8","8.1","122","27.3","15","0.9","24.2","0.23","10","66.7","117","6.9","39.4","1.83","7.80","11.70","40","4.00","12","1.20","0","0.0","1","1","0","1","12","31.6","1","0.10","6","0.094","1","6.7","12","80.0","2","13.3","1","0","0.0","0","90.1","25.0","0.2","","100.0","","","0.34","1.3","21.7","25.2","1.5","0.39","25.2"
"20","Oronde Gadsden","LAC","TE","15","2025","33","94.3","10.0","70","27.9","7","0.5","22.6","0.21","6","85.7","111","7.4","33.9","3.36","15.86","18.50","53","8.83","47","7.83","0","0.0","1","1","0","1","6","31.6","2","0.33","3","0.091","0","","6","85.7","0","","0","0","0.0","0","118.8","23.3","7.4","","100.0","","","0.52","1.1","17.1","11.8","0.8","0.36","11.8"
"21","T.J. Hockenson","MIN","TE","15","2025","44","84.6","6.9","83","20.8","12","0.8","26.1","0.27","10","83.3","110","7.3","27.6","2.50","9.17","11.00","43","4.30","14","1.40","0","0.0","2","0","0","1","7","22.6","1","0.10","6","0.136","1","8.3","11","91.7","0","","2","2","100.0","0","104.9","27.3","1.9","","100.0","","","0.48","1.4","21.0","18.5","1.2","0.42","18.5"
"22","Jaxon Smith-Njigba","SEA","WR","17","2025","37","100.0","9.4","75","34.2","8","0.5","24.2","0.22","6","75.0","108","6.4","36.4","2.92","13.50","18.00","55","9.17","15","2.50","0","0.0","0","0","0","0","7","36.8","0","","4","0.108","0","","6","75.0","2","25.0","0","0","0.0","0","77.1","26.7","5.3","","100.0","","","0.45","1.0","16.8","14.7","0.9","0.40","14.7"
"23","Deebo Samuel","WAS","WR","16","2025","85","97.7","2.0","44","11.5","22","1.4","31.0","0.26","16","72.7","108","6.8","25.1","1.27","4.91","6.75","125","7.81","35","2.19","0","0.0","1","1","0","1","19","42.2","2","0.13","4","0.047","1","4.5","19","86.4","10","45.5","2","0","0.0","0","64.2","32.8","-1.2","","100.0","","","0.32","1.7","26.8","37.9","2.4","0.45","37.9"
"24","DeVonta Smith","PHI","WR","17","2025","88","95.7","5.3","96","15.6","18","1.1","23.1","0.20","14","77.8","107","6.3","19.2","1.22","5.94","7.64","81","5.79","11","0.79","0","0.0","1","0","0","2","12","26.1","0","","6","0.068","0","","16","88.9","5","27.8","4","2","50.0","0","91.4","24.0","-1.0","","100.0","","","0.28","1.5","24.7","28.4","1.7","0.32","28.4"
"25","Bijan Robinson","ATL","RB","17","2025","32","100.0","2.3","35","18.1","15","0.9","46.9","0.47","13","86.7","104","6.1","56.2","3.25","6.93","8.00","81","6.23","32","2.46","1","100.0","1","1","1","0","11","50.0","1","0.08","4","0.125","1","6.7","14","93.3","4","26.7","0","0","0.0","0","117.8","48.4","0.2","","100.0","","","0.92","1.7","29.4","25.6","1.5","0.80","25.6"
"26","Theo Johnson","NYG","TE","15","2025","50","86.2","11.5","92","18.9","8","0.5","17.0","0.16","7","87.5","104","6.9","20.8","2.08","13.00","14.86","10","1.43","9","1.29","0","0.0","0","0","0","2","5","17.2","0","","4","0.080","1","12.5","8","100.0","0","","3","3","100.0","0","118.8","17.4","3.9","","100.0","","","0.35","1.2","17.4","13.5","0.9","0.27","13.5"
"27","Marquise Brown","KC","WR","16","2025","44","97.8","28.0","140","36.1","5","0.3","14.3","0.11","3","60.0","102","6.4","27.3","2.32","20.40","34.00","17","5.67","7","2.33","0","0.0","0","0","0","3","4","16.7","1","0.33","2","0.045","0","","3","60.0","0","","0","0","0.0","0","64.6","14.7","8.4","","100.0","","","0.30","0.8","13.2","10.6","0.7","0.24","10.6"
"28","Ty Johnson","BUF","RB","17","2025","14","100.0","-1.3","-8","-16.0","6","0.4","60.0","0.43","5","83.3","100","5.9","52.4","7.14","16.67","20.00","104","20.80","46","9.20","1","33.3","0","0","0","0","5","71.4","1","0.20","3","0.214","0","","5","83.3","4","66.7","0","0","0.0","0","158.3","60.0","11.1","","100.0","","","1.50","1.2","21.0","9.0","0.5","0.64","9.0"
"29","Christian Kirk","HST","WR","13","2025","55","93.2","7.8","101","20.5","13","1.0","23.6","0.24","10","76.9","98","7.5","23.0","1.78","7.54","9.80","39","3.90","11","1.10","1","50.0","2","1","1","1","9","22.5","0","","5","0.091","0","","10","76.9","2","15.4","0","0","0.0","0","91.2","24.5","0.1","","100.0","","","0.47","2.0","25.8","22.2","1.7","0.40","22.2"
"30","Chimere Dike","TEN","WR","17","2025","87","91.6","4.6","69","17.1","15","0.9","18.1","0.17","12","80.0","95","5.6","20.1","1.09","6.33","7.92","56","4.67","4","0.33","1","50.0","1","0","0","0","12","23.5","0","","4","0.046","0","","12","80.0","6","40.0","1","1","100.0","0","115.3","19.2","-0.5","","100.0","","","0.32","1.6","27.5","26.8","1.6","0.31","26.8"
"31","JuJu Smith-Schuster","KC","WR","17","2025","36","76.6","4.6","46","14.6","10","0.6","25.0","0.28","9","90.0","95","5.6","21.8","2.64","9.50","10.56","54","6.00","10","1.11","0","0.0","1","0","0","0","8","28.6","0","","5","0.139","1","10.0","10","100.0","2","20.0","1","1","100.0","0","106.3","27.0","2.7","","100.0","","","0.51","1.1","18.5","14.2","0.8","0.39","14.2"
"32","Brock Bowers","LV","TE","12","2025","50","94.3","8.2","74","26.4","9","0.8","20.0","0.18","8","88.9","92","7.7","31.0","1.84","10.22","11.50","27","3.38","27","3.38","0","0.0","2","0","0","1","8","25.8","2","0.25","4","0.080","0","","8","88.9","0","","3","3","100.0","0","69.7","22.0","2.4","","100.0","","","0.34","1.4","17.2","14.6","1.2","0.29","14.6"
"33","Tyler Warren","IND","TE","17","2025","61","100.0","7.8","86","14.5","11","0.6","20.0","0.18","7","63.6","89","5.2","16.7","1.46","8.09","12.71","31","4.43","15","2.14","1","100.0","2","0","0","0","9","20.9","1","0.14","4","0.066","0","","8","72.7","0","","3","2","66.7","0","81.3","21.2","0.5","","100.0","","","0.36","1.3","21.9","21.3","1.3","0.35","21.3"
"34","Mark Andrews","BLT","TE","17","2025","59","93.7","8.4","117","26.5","14","0.8","27.5","0.24","11","78.6","85","5.0","22.6","1.44","6.07","7.73","16","1.45","3","0.27","1","100.0","1","1","1","1","10","28.6","1","0.09","5","0.085","1","7.1","12","85.7","0","","0","0","0.0","0","115.8","29.2","-1.8","","100.0","","","0.43","1.5","25.5","25.3","1.5","0.43","25.3"
"35","Cooper Kupp","SEA","WR","16","2025","52","91.2","9.3","93","25.5","10","0.6","19.6","0.19","7","70.0","84","5.3","23.3","1.62","8.40","12.00","51","7.29","8","1.14","0","0.0","2","1","0","2","8","27.6","2","0.29","3","0.058","0","","8","80.0","1","10.0","1","0","0.0","0","95.4","22.7","0.8","","100.0","","","0.28","0.9","14.4","18.5","1.2","0.36","18.5"
"36","Jordan Whittington","LA","WR","17","2025","43","78.2","9.6","67","18.7","7","0.4","13.2","0.16","6","85.7","84","4.9","17.9","1.95","12.00","14.00","35","5.83","8","1.33","0","0.0","0","0","0","1","5","14.7","0","","3","0.070","0","","6","85.7","0","","0","0","0.0","0","116.7","14.0","3.9","","100.0","","","0.33","0.8","14.4","11.0","0.6","0.26","11.0"
"37","Isaiah Likely","BLT","TE","14","2025","50","89.3","9.3","56","16.3","6","0.4","13.0","0.12","5","83.3","83","5.9","28.3","1.66","13.83","16.60","31","6.20","4","0.80","0","0.0","0","0","0","1","5","14.7","0","","4","0.080","0","","5","83.3","0","","1","1","100.0","0","118.8","13.6","5.9","","100.0","","","0.27","1.0","13.3","9.1","0.6","0.18","9.1"
"38","Cade Otton","TB","TE","16","2025","69","81.2","3.9","54","11.5","14","0.9","18.7","0.20","12","85.7","82","5.1","16.7","1.19","5.86","6.83","34","2.83","13","1.08","1","50.0","2","0","0","0","11","21.2","0","","3","0.043","0","","14","100.0","1","7.1","5","3","60.0","0","85.1","19.2","-0.6","","100.0","","","0.38","1.6","26.2","22.5","1.4","0.33","22.5"
"39","Courtland Sutton","DEN","WR","17","2025","32","91.4","11.4","103","53.6","9","0.5","26.5","0.28","7","77.8","81","4.8","35.7","2.53","9.00","11.57","28","4.00","13","1.86","0","0.0","1","0","0","3","7","30.4","1","0.14","3","0.094","0","","7","77.8","0","","0","0","0.0","0","104.2","30.0","1.5","","100.0","","","0.47","0.9","15.1","16.8","1.0","0.52","16.8"
"40","Tommy Tremble","CAR","TE","17","2025","27","87.1","4.2","21","19.1","5","0.3","18.5","0.19","4","80.0","80","4.7","47.1","2.96","16.00","20.00","58","14.50","43","10.75","0","0.0","1","0","0","0","4","22.2","5","1.25","2","0.074","1","20.0","5","100.0","0","","0","0","0.0","0","118.8","21.7","9.4","","100.0","","","0.44","0.7","12.0","8.0","0.5","0.30","8.0"
"41","Rashid Shaheed","NO, SEA","WR","18","2025","55","88.7","13.7","151","44.3","11","0.6","20.0","0.20","7","63.6","79","4.4","25.2","1.44","7.18","11.29","26","3.71","4","0.57","0","0.0","1","0","0","3","8","19.5","1","0.14","2","0.036","0","","7","63.6","1","9.1","0","0","0.0","0","45.5","21.6","-1.7","","100.0","","","0.27","0.8","14.9","18.3","1.0","0.33","18.3"
"42","Pat Bryant","DEN","WR","15","2025","52","86.7","10.9","76","17.5","7","0.5","12.5","0.13","4","57.1","79","5.3","18.2","1.52","11.29","19.75","31","7.75","7","1.75","0","0.0","0","0","0","1","4","12.1","0","","3","0.058","0","","4","57.1","0","","0","0","0.0","0","57.1","13.2","2.9","","100.0","","","0.23","0.8","11.9","10.4","0.7","0.20","10.4"
"43","Zach Ertz","WAS","TE","13","2025","56","86.2","10.0","60","16.1","6","0.5","11.3","0.11","6","100.0","78","6.0","17.8","1.39","13.00","13.00","18","3.00","6","1.00","0","0.0","0","0","0","0","4","12.9","0","","3","0.054","0","","6","100.0","0","","0","0","0.0","0","118.8","11.8","4.7","","100.0","","","0.25","1.1","13.8","11.1","0.9","0.20","11.1"
"44","Andrei Iosivas","CIN","WR","17","2025","59","92.2","13.0","78","19.7","6","0.4","9.8","0.10","5","83.3","76","4.5","18.8","1.29","12.67","15.20","11","2.20","","","1","50.0","0","0","0","1","2","5.4","2","0.40","5","0.085","0","","5","83.3","0","","0","0","0.0","0","118.8","10.5","3.8","","100.0","","","0.32","1.1","18.6","10.6","0.6","0.18","10.6"
"45","A.J. Brown","PHI","WR","15","2025","15","93.8","12.6","88","57.9","7","0.5","53.8","0.47","4","57.1","75","5.0","85.2","5.00","10.71","18.75","18","4.50","3","0.75","1","100.0","1","0","0","1","5","55.6","0","","3","0.200","0","","4","57.1","0","","0","0","0.0","0","133.9","58.3","1.9","","100.0","","","1.17","1.2","17.5","11.6","0.8","0.77","11.6"
"46","Alec Pierce","IND","WR","15","2025","15","83.3","24.0","120","84.5","5","0.3","29.4","0.33","3","60.0","75","5.0","53.6","5.00","15.00","25.00","12","4.00","3","1.00","0","0.0","0","0","0","2","5","38.5","0","","2","0.133","0","","4","80.0","0","","3","1","33.3","0","104.2","31.3","3.2","","100.0","","","0.70","0.7","10.5","10.3","0.7","0.68","10.3"
"47","Dawson Knox","BUF","TE","17","2025","32","80.0","15.0","60","33.3","4","0.2","12.9","0.13","4","100.0","73","4.3","23.2","2.28","18.25","18.25","13","3.25","4","1.00","1","50.0","1","1","1","0","2","10.0","0","","3","0.094","0","","4","100.0","0","","0","0","0.0","0","158.3","13.8","7.7","","100.0","","","0.54","1.0","17.3","7.5","0.4","0.23","7.5"
"48","Gunnar Helm","TEN","TE","16","2025","29","80.6","6.9","69","29.5","10","0.6","32.3","0.34","8","80.0","70","4.4","36.3","2.41","7.00","8.75","22","2.75","7","0.88","1","50.0","0","0","0","1","8","34.8","0","","2","0.069","0","","9","90.0","2","20.0","2","1","50.0","0","129.2","33.3","-0.2","","100.0","","","0.72","1.3","21.0","15.9","1.0","0.55","15.9"
"49","KaVontae Turpin","DAL","WR","15","2025","44","100.0","10.0","40","8.3","4","0.3","9.5","0.09","4","100.0","70","4.7","19.8","1.59","17.50","17.50","30","7.50","2","0.50","0","0.0","0","0","0","1","3","12.0","1","0.25","3","0.068","0","","4","100.0","0","","0","0","0.0","0","118.8","9.8","9.9","","100.0","","","0.25","0.7","11.0","6.1","0.4","0.14","6.1"
"50","Parker Washington","JAX","WR","16","2025","62","91.2","8.9","89","23.6","10","0.6","17.9","0.16","7","70.0","70","4.4","18.4","1.13","7.00","10.00","17","2.43","3","0.43","0","0.0","1","0","0","1","8","22.2","0","","1","0.016","1","10.0","8","80.0","0","","1","1","100.0","0","89.6","18.5","-0.8","","100.0","","","0.23","0.9","14.0","18.1","1.1","0.29","18.1"
"51","Cedric Tillman","CLV","WR","13","2025","21","80.8","14.8","59","30.1","4","0.3","17.4","0.19","3","75.0","70","5.4","30.4","3.33","17.50","23.33","21","7.00","4","1.33","0","0.0","0","0","0","0","4","23.5","0","","3","0.143","0","","3","75.0","0","","0","0","0.0","0","116.7","18.2","7.7","","100.0","","","0.48","0.8","10.0","7.0","0.5","0.33","7.0"
"52","Jaylin Noel","HST","WR","17","2025","33","97.1","17.3","69","29.4","4","0.2","13.8","0.12","3","75.0","69","4.1","28.2","2.09","17.25","23.00","17","5.67","7","2.33","0","0.0","0","0","0","2","3","17.6","0","","3","0.091","1","25.0","4","100.0","0","","1","1","100.0","0","116.7","14.8","7.3","","100.0","","","0.30","0.6","9.9","9.8","0.6","0.30","9.8"
"53","Justin Jefferson","MIN","WR","17","2025","33","100.0","8.0","64","30.3","8","0.5","28.6","0.24","5","62.5","68","4.0","27.9","2.06","8.50","13.60","42","8.40","9","1.80","0","0.0","0","0","0","0","8","40.0","0","","3","0.091","2","25.0","7","87.5","2","25.0","0","0","0.0","0","89.6","32.0","0.6","","100.0","","","0.36","0.7","11.8","11.9","0.7","0.36","11.9"
"54","Xavier Smith","LA","WR","16","2025","26","76.5","15.0","45","12.4","3","0.2","9.1","0.12","3","100.0","67","4.2","21.5","2.58","22.33","22.33","22","7.33","6","2.00","0","0.0","1","0","0","1","1","4.2","0","","2","0.077","0","","3","100.0","0","","0","0","0.0","0","118.8","9.4","13.5","","100.0","","","0.37","0.6","9.7","4.6","0.3","0.18","4.6"
"55","Tez Johnson","TB","WR","16","2025","28","93.3","11.2","56","25.0","5","0.3","18.5","0.18","4","80.0","66","4.1","32.0","2.36","13.20","16.50","23","5.75","3","0.75","1","100.0","0","0","0","1","5","27.8","0","","1","0.036","0","","4","80.0","0","","0","0","0.0","1","158.3","19.2","5.4","","100.0","","","0.59","1.0","16.6","10.6","0.7","0.38","10.6"
"56","Kyle Pitts","ATL","TE","17","2025","53","84.1","8.2","107","29.7","13","0.8","22.0","0.25","8","61.5","66","3.9","18.2","1.25","5.08","8.25","42","5.25","7","0.88","0","0.0","0","0","0","2","10","21.7","1","0.13","3","0.057","0","","10","76.9","3","23.1","3","1","33.3","0","74.5","24.1","-3.1","","100.0","","","0.28","0.9","14.6","21.3","1.3","0.40","21.3"
"57","Christian McCaffrey","SF","RB","17","2025","28","100.0","8.6","60","29.6","7","0.4","28.0","0.25","4","57.1","66","3.9","26.8","2.36","9.43","16.50","38","9.50","11","2.75","0","0.0","0","0","0","1","3","17.6","1","0.25","1","0.036","0","","4","57.1","1","14.3","0","0","0.0","0","89.0","29.2","1.8","","100.0","","","0.38","0.6","10.6","11.2","0.7","0.40","11.2"
"58","DeMario Douglas","NE","WR","17","2025","57","95.0","8.6","86","21.2","10","0.6","19.6","0.18","7","70.0","66","3.9","16.4","1.16","6.60","9.43","45","6.43","8","1.14","0","0.0","0","0","0","2","9","25.7","0","","3","0.053","0","","7","70.0","2","20.0","1","1","100.0","0","87.9","20.4","-1.2","","100.0","","","0.24","0.8","13.6","22.3","1.3","0.39","22.3"
"59","Keenan Allen","LAC","WR","17","2025","45","95.7","7.7","92","23.7","12","0.7","28.6","0.27","10","83.3","65","3.8","26.4","1.44","5.42","6.50","21","2.10","8","0.80","1","100.0","1","1","1","1","9","34.6","0","","4","0.089","0","","10","83.3","1","8.3","0","0","0.0","0","117.0","29.3","-1.7","","100.0","","","0.50","1.3","22.5","19.8","1.2","0.44","19.8"
"60","Tyquan Thornton","KC","WR","14","2025","21","87.5","30.0","60","30.8","2","0.1","11.1","0.10","2","100.0","65","4.6","37.6","3.10","32.50","32.50","5","2.50","-3","-1.50","0","0.0","0","0","0","2","1","10.0","0","","1","0.048","0","","2","100.0","0","","0","0","0.0","0","118.8","11.1","19.7","","100.0","","","0.40","0.6","8.5","4.7","0.3","0.22","4.7"
"61","Dallas Goedert","PHI","TE","15","2025","57","98.3","13.7","96","20.6","7","0.5","14.6","0.12","4","57.1","65","4.3","14.5","1.14","9.29","16.25","5","1.25","2","0.50","1","33.3","1","1","1","1","4","14.3","0","","2","0.035","0","","4","57.1","0","","2","2","100.0","0","128.0","14.9","1.1","","100.0","","","0.29","1.1","16.5","12.7","0.8","0.22","12.7"
"62","Ricky Pearsall","SF","WR","9","2025","22","91.7","13.6","109","57.1","8","0.9","38.1","0.36","5","62.5","64","7.1","31.4","2.91","8.00","12.80","9","1.80","2","0.40","0","0.0","0","1","0","1","7","50.0","0","","4","0.182","0","","5","62.5","0","","0","0","0.0","0","47.9","42.1","-0.9","","100.0","","","0.52","1.3","11.4","14.1","1.6","0.64","14.1"
"63","Brenton Strange","JAX","TE","12","2025","36","81.8","9.7","58","17.0","6","0.5","15.4","0.17","4","66.7","64","5.3","25.1","1.78","10.67","16.00","38","9.50","10","2.50","0","0.0","0","0","0","0","5","17.9","1","0.25","4","0.111","0","","5","83.3","0","","2","1","50.0","0","102.1","16.7","2.1","","100.0","","","0.29","0.9","10.4","8.4","0.7","0.23","8.4"
"64","Dontayvion Wicks","GB","WR","14","2025","28","96.6","13.3","93","40.4","7","0.5","28.0","0.25","4","57.1","64","4.6","39.5","2.29","9.14","16.00","17","4.25","9","2.25","0","0.0","0","0","0","3","7","41.2","2","0.50","3","0.107","0","","4","57.1","0","","0","0","0.0","0","48.2","31.8","0.3","","100.0","","","0.37","0.7","10.4","12.5","0.9","0.45","12.5"
"65","Jalen Nailor","MIN","WR","17","2025","49","86.0","16.3","98","27.3","6","0.4","12.0","0.12","4","66.7","63","3.7","14.5","1.29","10.50","15.75","21","5.25","14","3.50","0","0.0","1","0","0","2","4","12.5","1","0.25","2","0.041","0","","4","66.7","1","16.7","1","1","100.0","1","101.4","12.5","1.0","","100.0","","","0.21","0.6","10.3","9.4","0.6","0.19","9.4"
"66","Luther Burden","CHI","WR","15","2025","31","91.2","1.4","7","4.0","5","0.3","17.2","0.16","5","100.0","63","4.2","29.3","2.03","12.60","12.60","56","11.20","7","1.40","0","0.0","0","0","0","0","5","25.0","0","","4","0.129","0","","5","100.0","3","60.0","0","0","0.0","0","118.8","19.2","7.2","","100.0","","","0.36","0.8","11.3","7.0","0.5","0.22","7.0"
"67","Ryan Flournoy","DAL","WR","15","2025","26","100.0","6.3","38","18.7","6","0.4","24.0","0.23","6","100.0","61","4.1","28.1","2.35","10.17","10.17","23","3.83","14","2.33","0","0.0","0","0","0","0","5","29.4","0","","5","0.192","0","","6","100.0","0","","1","1","100.0","0","109.0","25.0","3.2","","100.0","","","0.47","0.8","12.1","9.0","0.6","0.35","9.0"
"68","Harold Fannin","CLV","TE","16","2025","36","80.0","6.1","61","44.2","10","0.6","23.8","0.28","6","60.0","60","3.8","35.1","1.67","6.00","10.00","31","5.17","19","3.17","0","0.0","0","0","0","0","6","24.0","3","0.50","2","0.056","0","","8","80.0","0","","1","0","0.0","0","37.5","28.6","-0.9","","100.0","","","0.33","0.8","12.0","14.7","0.9","0.41","14.7"
"69","Elic Ayomanor","TEN","WR","16","2025","25","86.2","9.8","78","55.3","8","0.5","29.6","0.32","5","62.5","59","3.7","39.9","2.36","7.38","11.80","12","2.40","4","0.80","0","0.0","1","1","0","1","7","38.9","0","","3","0.120","0","","5","62.5","0","","3","3","100.0","0","84.9","30.8","-0.7","","100.0","","","0.44","0.7","10.9","14.1","0.9","0.57","14.1"
"70","Elijah Higgins","ARZ","TE","17","2025","39","88.6","2.0","8","3.7","4","0.2","10.3","0.10","4","100.0","59","3.5","24.4","1.51","14.75","14.75","51","12.75","13","3.25","0","0.0","0","0","0","0","2","9.1","2","0.50","3","0.077","0","","4","100.0","1","25.0","0","0","0.0","0","118.8","10.5","8.7","","100.0","","","0.25","0.6","9.9","7.2","0.4","0.18","7.2"
"71","Evan Engram","DEN","TE","16","2025","47","88.7","7.0","49","15.5","7","0.4","14.0","0.15","3","42.9","59","3.7","16.4","1.26","8.43","19.67","50","16.67","8","2.67","0","0.0","1","0","0","1","5","15.6","1","0.33","1","0.021","1","14.3","4","57.1","0","","0","0","0.0","0","72.9","14.3","0.8","","100.0","","","0.19","0.6","8.9","13.8","0.9","0.29","13.8"
"72","Marvin Mims","DEN","WR","15","2025","22","100.0","5.4","43","25.7","8","0.5","38.1","0.36","6","75.0","58","3.9","55.8","2.64","7.25","9.67","39","6.50","11","1.83","0","0.0","1","0","0","2","6","42.9","0","","2","0.091","0","","6","75.0","3","37.5","0","0","0.0","0","94.8","40.0","0.6","","100.0","","","0.54","0.8","11.8","14.5","1.0","0.66","14.5"
"73","Travis Hunter","JAX","WR","7","2025","48","92.3","4.3","47","16.0","11","1.6","24.4","0.23","7","63.6","58","8.3","18.2","1.21","5.27","8.29","54","7.71","8","1.14","0","0.0","3","1","0","0","8","29.6","0","","2","0.042","2","18.2","9","81.8","2","18.2","1","1","100.0","0","39.2","26.2","-1.4","","100.0","","","0.27","1.8","12.8","18.1","2.6","0.38","18.1"
"74","DJ Moore","CHI","WR","17","2025","69","92.0","7.9","63","14.8","8","0.5","11.4","0.12","4","50.0","58","3.4","12.7","0.84","7.25","14.50","14","3.50","8","2.00","1","33.3","0","0","0","1","5","12.2","1","0.25","2","0.029","1","12.5","5","62.5","1","12.5","1","0","0.0","0","113.5","12.5","-0.1","","100.0","","","0.23","0.9","15.8","14.1","0.8","0.20","14.1"
"75","Cole Kmet","CHI","TE","16","2025","26","92.9","14.8","74","33.2","5","0.3","21.7","0.19","3","60.0","57","3.6","30.3","2.19","11.40","19.00","22","7.33","9","3.00","0","0.0","0","0","0","2","3","23.1","1","0.33","2","0.077","1","20.0","4","80.0","0","","1","0","0.0","0","99.6","27.8","2.4","","100.0","","","0.33","0.5","8.7","7.1","0.4","0.27","7.1"
"76","Jakobi Meyers","JAX, LV","WR","16","2025","56","96.6","9.6","86","19.9","9","0.6","16.1","0.16","6","66.7","57","3.6","12.4","1.02","6.33","9.50","33","5.50","14","2.33","0","0.0","1","1","0","2","8","19.5","4","0.67","3","0.054","0","","6","66.7","0","","1","0","0.0","0","84.0","16.7","-1.4","","100.0","","","0.21","0.7","11.7","14.5","0.9","0.26","14.5"
"77","Nico Collins","HST","WR","15","2025","19","95.0","4.5","9","11.0","2","0.1","11.1","0.11","2","100.0","56","3.7","32.0","2.95","28.00","28.00","47","23.50","40","20.00","1","100.0","0","0","0","0","2","16.7","0","","1","0.053","0","","2","100.0","1","50.0","0","0","0.0","0","158.3","11.8","21.0","","100.0","","","0.72","0.9","13.6","3.0","0.2","0.16","3.0"
"78","Jaylen Waddle","MIA","WR","16","2025","23","92.0","10.0","50","37.6","5","0.3","25.0","0.22","4","80.0","55","3.4","32.4","2.39","11.00","13.75","27","6.75","8","2.00","0","0.0","0","0","0","1","5","38.5","1","0.25","3","0.130","0","","5","100.0","1","20.0","1","0","0.0","0","72.9","27.8","2.6","","100.0","","","0.41","0.6","9.5","9.9","0.6","0.43","9.9"
"79","Kendrick Bourne","SF","WR","16","2025","27","90.0","14.7","44","20.5","3","0.2","11.5","0.11","3","100.0","54","3.4","17.9","2.00","18.00","18.00","10","3.33","2","0.67","0","0.0","0","0","0","1","3","15.8","0","","2","0.074","0","","3","100.0","0","","0","0","0.0","0","118.8","11.5","8.4","","100.0","","","0.31","0.5","8.4","5.1","0.3","0.19","5.1"
"80","Greg Dulcich","MIA","TE","10","2025","14","93.3","5.7","34","25.4","6","0.6","42.9","0.43","5","83.3","53","5.3","50.0","3.79","8.83","10.60","22","4.40","10","2.00","0","0.0","1","0","0","0","5","38.5","0","","2","0.143","0","","5","83.3","1","16.7","2","2","100.0","0","103.5","42.9","1.7","","100.0","","","0.66","0.9","9.3","9.4","0.9","0.67","9.4"
"81","Van Jefferson","TEN","WR","16","2025","18","94.7","7.8","39","40.6","5","0.3","33.3","0.28","4","80.0","53","3.3","54.6","2.94","10.60","13.25","32","8.00","6","1.50","0","0.0","1","1","0","1","4","40.0","0","","2","0.111","0","","4","80.0","1","20.0","0","0","0.0","0","110.8","35.7","3.1","","100.0","","","0.52","0.6","9.3","8.5","0.5","0.47","8.5"
"82","Colston Loveland","CHI","TE","16","2025","34","89.5","8.4","67","26.9","8","0.5","22.9","0.24","6","75.0","53","3.3","20.6","1.56","6.63","8.83","13","2.17","5","0.83","0","0.0","1","0","0","0","6","25.0","0","","5","0.147","0","","7","87.5","0","","2","1","50.0","0","92.2","24.2","-1.3","","100.0","","","0.33","0.7","11.3","13.4","0.8","0.39","13.4"
"83","Mike Gesicki","CIN","TE","13","2025","39","100.0","17.5","70","19.8","4","0.3","11.1","0.10","3","75.0","51","3.9","18.3","1.31","12.75","17.00","5","1.67","2","0.67","0","0.0","0","0","0","2","2","9.1","0","","2","0.051","0","","3","75.0","0","","0","0","0.0","0","77.1","11.8","1.9","","100.0","","","0.21","0.6","8.1","6.8","0.5","0.17","6.8"
"84","Dalton Schultz","HST","TE","17","2025","30","93.8","7.8","47","19.4","6","0.4","21.4","0.20","5","83.3","50","2.9","27.5","1.67","8.33","10.00","8","1.60","2","0.40","0","0.0","0","0","0","0","6","28.6","0","","4","0.133","0","","5","83.3","0","","0","0","0.0","0","101.4","22.2","0.9","","100.0","","","0.33","0.6","10.0","9.7","0.6","0.32","9.7"
"85","Xavier Hutchinson","HST","WR","17","2025","20","87.0","11.7","70","37.6","6","0.4","27.3","0.30","4","66.7","50","2.9","31.4","2.50","8.33","12.50","11","2.75","1","0.25","0","0.0","0","0","0","1","5","31.3","0","","2","0.100","0","","4","66.7","0","","0","0","0.0","0","52.8","28.6","0.0","","100.0","","","0.45","0.5","9.0","9.6","0.6","0.48","9.6"
"86","Xavier Worthy","KC","WR","14","2025","29","90.6","6.4","32","18.5","5","0.4","20.8","0.17","4","80.0","48","3.4","21.6","1.66","9.60","12.00","28","7.00","12","3.00","0","0.0","1","0","0","1","4","26.7","2","0.50","2","0.069","0","","4","80.0","1","20.0","1","1","100.0","0","106.7","22.7","2.3","","100.0","","","0.30","0.6","8.8","8.7","0.6","0.30","8.7"
"87","Jalen Coker","CAR","WR","11","2025","46","93.9","9.8","39","13.8","4","0.4","9.3","0.09","4","100.0","48","4.4","12.6","1.04","12.00","12.00","9","2.25","4","1.00","0","0.0","0","0","0","0","3","13.0","0","","4","0.087","0","","4","100.0","0","","1","1","100.0","1","116.7","10.0","4.1","","100.0","","","0.19","0.8","8.8","6.2","0.6","0.13","6.2"
"88","De'Von Achane","MIA","RB","16","2025","33","100.0","1.3","14","4.4","11","0.7","34.4","0.33","7","63.6","47","2.9","20.5","1.42","4.27","6.71","65","9.29","20","2.86","0","0.0","1","0","0","1","9","40.9","5","0.71","2","0.061","1","9.1","9","81.8","7","63.6","1","0","0.0","0","72.9","35.5","-2.3","","100.0","","","0.35","0.7","11.7","18.6","1.2","0.56","18.6"
"89","Jack Bech","LV","WR","16","2025","15","88.2","5.5","22","36.1","4","0.3","25.0","0.27","4","100.0","46","2.9","47.9","3.07","11.50","11.50","24","6.00","4","1.00","0","0.0","0","0","0","0","2","22.2","0","","3","0.200","0","","4","100.0","0","","1","1","100.0","0","114.6","28.6","5.0","","100.0","","","0.57","0.5","8.6","5.9","0.4","0.39","5.9"
"90","Jayden Reed","GB","WR","7","2025","22","95.7","13.8","55","33.3","4","0.6","22.2","0.18","3","75.0","45","6.4","36.6","2.05","11.25","15.00","9","3.00","3","1.00","0","0.0","0","0","0","1","1","10.0","0","","1","0.045","0","","3","75.0","0","","0","0","0.0","0","111.5","23.5","1.4","","100.0","","","0.34","1.1","7.5","5.6","0.8","0.26","5.6"
"91","Chris Godwin","TB","WR","9","2025","44","88.0","3.4","34","14.0","10","1.1","24.4","0.23","8","80.0","45","5.0","19.7","1.02","4.50","5.63","21","2.63","8","1.00","0","0.0","1","0","0","0","9","32.1","2","0.25","4","0.091","0","","9","90.0","1","10.0","2","2","100.0","0","85.4","25.6","-1.4","","100.0","","","0.28","1.4","12.5","14.5","1.6","0.33","14.5"
"92","Gunner Olszewski","NYG","WR","16","2025","8","88.9","11.7","35","63.6","3","0.2","33.3","0.38","3","100.0","45","2.8","40.2","5.63","15.00","15.00","10","3.33","2","0.67","1","50.0","0","1","1","1","2","33.3","0","","2","0.250","0","","3","100.0","0","","1","1","100.0","0","158.3","33.3","6.6","","100.0","","","1.69","0.8","13.5","5.9","0.4","0.74","5.9"
"93","Isaiah Williams","NYJ","WR","15","2025","42","91.3","2.9","26","12.9","9","0.6","25.0","0.21","7","77.8","44","2.9","33.3","1.05","4.89","6.29","27","3.86","8","1.14","0","0.0","1","0","0","0","8","27.6","0","","3","0.071","0","","7","77.8","4","44.4","0","0","0.0","0","87.0","26.5","-1.5","","100.0","","","0.27","0.8","11.4","12.7","0.8","0.30","12.7"
"94","Tre Harris","LAC","WR","17","2025","27","84.4","12.4","62","32.1","5","0.3","19.2","0.19","3","60.0","44","2.6","28.8","1.63","8.80","14.67","3","1.00","3","1.00","0","0.0","1","0","0","0","1","6.3","0","","3","0.111","0","","4","80.0","0","","2","1","50.0","0","88.8","21.7","-0.2","","100.0","","","0.27","0.4","7.4","7.7","0.5","0.29","7.7"
"95","Sterling Shepard","TB","WR","13","2025","46","85.2","6.3","44","14.5","7","0.5","14.0","0.15","5","71.4","44","3.4","12.6","0.96","6.29","8.80","20","4.00","3","0.60","0","0.0","0","0","0","0","5","13.2","0","","2","0.043","0","","7","100.0","3","42.9","2","0","0.0","0","87.8","14.6","-1.3","","100.0","","","0.20","0.7","9.4","11.1","0.9","0.24","11.1"
"96","Tetairoa McMillan","CAR","WR","17","2025","28","93.3","6.6","33","35.9","5","0.3","20.8","0.18","4","80.0","44","2.6","31.2","1.57","8.80","11.00","24","6.00","2","0.50","0","0.0","1","0","0","0","3","20.0","1","0.25","2","0.071","0","","4","80.0","1","20.0","1","1","100.0","0","63.8","20.8","1.5","","100.0","","","0.30","0.5","8.4","8.5","0.5","0.30","8.5"
"97","Quentin Johnston","LAC","WR","14","2025","17","94.4","1.0","3","4.1","3","0.2","20.0","0.18","3","100.0","44","3.1","23.2","2.59","14.67","14.67","41","13.67","2","0.67","0","0.0","1","0","0","0","2","20.0","1","0.33","1","0.059","0","","3","100.0","0","","0","0","0.0","0","118.8","21.4","9.1","","100.0","","","0.44","0.5","7.4","4.3","0.3","0.25","4.3"
"98","Darius Slayton","NYG","WR","14","2025","20","87.0","12.3","37","18.2","3","0.2","13.6","0.15","3","100.0","43","3.1","18.8","2.15","14.33","14.33","6","2.00","2","0.67","0","0.0","0","0","0","0","3","18.8","0","","2","0.100","0","","3","100.0","0","","1","1","100.0","0","118.8","13.6","5.0","","100.0","","","0.37","0.5","7.3","5.2","0.4","0.26","5.2"
"99","Ben Skowronek","PIT","WR","16","2025","3","33.3","14.0","28","133.3","2","0.1","22.2","0.67","2","100.0","43","2.7","41.0","14.33","21.50","21.50","15","7.50","2","1.00","1","100.0","0","0","0","0","1","14.3","0","","2","0.667","0","","2","100.0","0","","0","0","0.0","0","158.3","25.0","12.3","","100.0","","","4.10","0.8","12.3","3.1","0.2","1.04","3.1"
"100","Keon Coleman","BUF","WR","13","2025","19","86.4","11.5","23","24.5","2","0.2","10.5","0.11","2","100.0","42","3.2","23.2","2.21","21.00","21.00","19","9.50","3","1.50","0","0.0","0","0","0","0","1","12.5","0","","2","0.105","0","","2","100.0","0","","0","0","0.0","0","118.8","11.8","12.0","","100.0","","","0.33","0.5","6.2","3.2","0.2","0.17","3.2"
"101","Ladd McConkey","LAC","WR","16","2025","72","96.0","7.7","54","8.3","7","0.4","11.1","0.10","5","71.4","42","2.6","7.9","0.58","6.00","8.40","14","2.80","4","0.80","1","25.0","2","2","1","0","4","9.5","2","0.40","3","0.042","0","","5","71.4","0","","0","0","0.0","0","86.6","11.7","-1.4","","100.0","","","0.21","1.0","15.2","17.2","1.1","0.24","17.2"
"102","Garrett Wilson","NYJ","WR","7","2025","24","96.0","4.7","33","40.2","7","1.0","36.8","0.29","6","85.7","42","6.0","36.5","1.75","6.00","7.00","15","2.50","3","0.50","0","0.0","1","0","0","0","6","50.0","1","0.17","1","0.042","0","","6","85.7","1","14.3","0","0","0.0","0","91.7","38.9","-0.5","","100.0","","","0.43","1.5","10.2","11.6","1.7","0.48","11.6"
"103","Rome Odunze","CHI","WR","12","2025","60","88.2","15.5","170","38.8","11","0.9","18.0","0.18","3","27.3","41","3.4","11.9","0.68","3.73","13.67","22","7.33","2","0.67","0","0.0","0","1","0","3","8","20.5","0","","2","0.033","1","9.1","6","54.5","1","9.1","4","0","0.0","0","42.6","20.8","-5.5","","100.0","","","0.12","0.6","7.1","23.1","1.9","0.39","23.1"
"104","Michael Mayer","LV","TE","13","2025","11","100.0","9.7","29","49.2","3","0.2","37.5","0.27","2","66.7","40","3.1","55.6","3.64","13.33","20.00","16","8.00","4","2.00","0","0.0","0","0","0","0","3","50.0","0","","2","0.182","1","33.3","3","100.0","0","","0","0","0.0","0","109.7","37.5","5.2","","100.0","","","0.55","0.5","6.0","4.8","0.4","0.44","4.8"
"105","Marvin Harrison","ARZ","WR","12","2025","28","96.6","11.0","33","22.3","3","0.3","13.0","0.11","3","100.0","40","3.3","32.5","1.43","13.33","13.33","7","2.33","3","1.00","0","0.0","0","0","0","0","3","18.8","0","","2","0.071","0","","3","100.0","0","","0","0","0.0","0","118.8","14.3","4.4","","100.0","","","0.25","0.6","7.0","9.8","0.8","0.35","9.8"
"106","Jeremy McNichols","WAS","RB","17","2025","20","90.9","-0.5","-2","-1.8","4","0.2","21.1","0.20","4","100.0","40","2.4","28.4","2.00","10.00","10.00","42","10.50","24","6.00","0","0.0","0","0","0","0","0","0.0","2","0.50","1","0.050","0","","4","100.0","0","","0","0","0.0","0","108.3","25.0","4.0","","100.0","","","0.40","0.5","8.0","6.0","0.4","0.30","6.0"
"107","DK Metcalf","PIT","WR","15","2025","21","100.0","2.4","12","20.0","5","0.3","23.8","0.24","3","60.0","40","2.7","42.1","1.90","8.00","13.33","37","12.33","6","2.00","0","0.0","0","0","0","0","5","35.7","0","","2","0.095","0","","3","60.0","0","","0","0","0.0","0","85.4","27.8","2.3","","100.0","","","0.33","0.5","7.0","6.8","0.5","0.32","6.8"
"108","Demarcus Robinson","SF","WR","14","2025","25","89.3","13.0","39","19.9","3","0.2","12.0","0.12","3","100.0","40","2.9","18.5","1.60","13.33","13.33","10","3.33","1","0.33","1","100.0","0","1","1","1","2","11.8","0","","2","0.080","0","","3","100.0","1","33.3","0","0","0.0","0","158.3","12.0","4.6","","100.0","","","0.52","0.9","13.0","5.2","0.4","0.21","5.2"
"109","Tyler Lockett","LV, TEN","WR","17","2025","78","95.1","4.3","30","7.2","7","0.4","10.0","0.09","6","85.7","39","2.3","9.8","0.50","5.57","6.50","13","2.17","3","0.50","0","0.0","0","0","0","0","6","12.5","0","","3","0.038","0","","6","85.7","2","28.6","2","2","100.0","0","89.9","11.3","-1.0","","100.0","","","0.13","0.6","9.9","12.4","0.7","0.16","12.4"
"110","Devaughn Vele","NO","WR","13","2025","29","90.6","13.4","67","25.9","5","0.4","18.5","0.17","3","60.0","38","2.9","19.3","1.31","7.60","12.67","2","0.67","","","0","0.0","0","0","0","1","3","17.6","0","","2","0.069","0","","3","60.0","0","","1","1","100.0","0","83.8","20.0","-1.6","","100.0","","","0.23","0.5","6.8","11.2","0.9","0.39","11.2"
"111","Xavier Legette","CAR","WR","15","2025","43","97.7","11.2","67","35.1","6","0.4","16.7","0.14","4","66.7","38","2.5","16.2","0.88","6.33","9.50","1","0.25","-2","-0.50","0","0.0","1","1","0","2","6","25.0","2","0.50","1","0.023","0","","5","83.3","1","16.7","1","0","0.0","0","84.0","18.8","-1.3","","100.0","","","0.18","0.5","7.8","11.1","0.7","0.26","11.1"
"112","Brian Thomas","JAX","WR","14","2025","37","92.5","9.8","88","31.9","9","0.6","25.0","0.24","4","44.4","37","2.6","16.1","1.00","4.11","9.25","4","1.00","","","0","0.0","1","1","0","0","8","26.7","0","","2","0.054","1","11.1","7","77.8","0","","3","2","66.7","0","16.7","25.0","-4.0","","100.0","","","0.21","0.6","7.7","17.6","1.3","0.47","17.6"
"113","Ja'Tavion Sanders","CAR","TE","13","2025","37","90.2","5.5","33","12.2","6","0.5","15.8","0.16","5","83.3","36","2.8","18.3","0.97","6.00","7.20","21","4.20","13","2.60","0","0.0","1","0","0","0","5","21.7","3","0.60","1","0.027","0","","6","100.0","1","16.7","1","0","0.0","0","91.7","18.8","-1.2","","100.0","","","0.23","0.7","8.6","9.0","0.7","0.24","9.0"
"114","Jimmy Horn","CAR","WR","13","2025","21","95.5","18.0","54","27.6","3","0.2","14.3","0.14","2","66.7","36","2.8","28.8","1.71","12.00","18.00","12","6.00","3","1.50","0","0.0","0","0","0","2","2","22.2","0","","1","0.048","1","33.3","3","100.0","1","33.3","0","0","0.0","0","107.6","17.6","3.7","","100.0","","","0.27","0.4","5.6","4.9","0.4","0.23","4.9"
"115","Brevyn Spann-Ford","DAL","TE","17","2025","7","100.0","5.0","15","17.0","3","0.2","42.9","0.43","3","100.0","35","2.1","42.7","5.00","11.67","11.67","20","6.67","4","1.33","0","0.0","0","0","0","0","2","40.0","0","","1","0.143","0","","3","100.0","0","","0","0","0.0","0","115.3","42.9","4.6","","100.0","","","0.93","0.4","6.5","4.6","0.3","0.66","4.6"
"116","George Kittle","SF","TE","11","2025","22","81.5","7.3","29","16.0","4","0.4","16.0","0.18","3","75.0","35","3.2","19.1","1.59","8.75","11.67","20","6.67","4","1.33","0","0.0","0","0","0","0","2","14.3","0","","1","0.045","0","","4","100.0","0","","0","0","0.0","0","101.0","17.4","1.2","","100.0","","","0.30","0.6","6.5","6.4","0.6","0.29","6.4"
"117","Jake Ferguson","DAL","TE","17","2025","56","90.3","0.8","6","1.2","8","0.5","13.8","0.14","6","75.0","34","2.0","7.3","0.61","4.25","5.67","31","5.17","10","1.67","0","0.0","1","0","0","0","4","11.1","1","0.17","2","0.036","1","12.5","7","87.5","0","","0","0","0.0","0","82.3","14.3","-1.7","","100.0","","","0.15","0.5","8.4","12.9","0.8","0.23","12.9"
"118","Tutu Atwell","LA","WR","10","2025","16","84.2","31.0","31","21.1","1","0.1","5.6","0.06","1","100.0","34","3.4","19.9","2.13","34.00","34.00","3","3.00","2","2.00","0","0.0","0","0","0","1","0","0.0","0","","1","0.063","0","","1","100.0","0","","1","1","100.0","0","118.8","5.9","21.4","","100.0","","","0.28","0.4","4.4","6.0","0.6","0.38","6.0"
"119","Jameson Williams","DET","WR","17","2025","40","97.6","5.2","26","14.3","5","0.3","14.3","0.13","4","80.0","34","2.0","14.9","0.85","6.80","8.50","15","3.75","","","0","0.0","1","0","0","0","4","16.7","1","0.25","2","0.050","0","","5","100.0","1","20.0","1","0","0.0","0","95.0","14.7","0.1","","100.0","","","0.19","0.4","7.4","8.1","0.5","0.20","8.1"
"120","Isaiah Bond","CLV","WR","16","2025","33","86.8","15.5","31","10.8","2","0.1","5.9","0.06","2","100.0","33","2.1","25.4","1.00","16.50","16.50","2","1.00","","","0","0.0","0","0","0","0","2","8.0","0","","1","0.030","0","","2","100.0","0","","0","0","0.0","0","118.8","6.5","6.2","","100.0","","","0.16","0.3","5.3","3.0","0.2","0.09","3.0"
"121","Luke McCaffrey","WAS","WR","9","2025","12","92.3","22.0","22","26.2","1","0.1","10.0","0.08","1","100.0","33","3.7","43.4","2.75","33.00","33.00","11","11.00","","","1","100.0","0","0","0","1","0","0.0","0","","1","0.083","0","","1","100.0","0","","0","0","0.0","0","158.3","10.0","21.1","","100.0","","","0.86","1.1","10.3","1.2","0.1","0.10","1.2"
"122","Mason Taylor","NYJ","TE","13","2025","35","85.4","4.5","27","9.3","6","0.5","18.8","0.17","4","66.7","32","2.5","15.7","0.91","5.33","8.00","16","4.00","4","1.00","0","0.0","1","0","0","0","5","20.8","0","","2","0.057","1","16.7","5","83.3","0","","0","0","0.0","0","79.9","20.0","-1.2","","100.0","","","0.21","0.6","7.2","8.7","0.7","0.25","8.7"
"123","Malik Washington","MIA","WR","17","2025","58","93.5","8.9","98","24.4","11","0.6","20.0","0.19","5","45.5","31","1.8","11.3","0.53","2.82","6.20","32","6.40","6","1.20","1","100.0","1","1","1","1","6","15.8","4","0.80","3","0.052","0","","5","45.5","3","27.3","0","0","0.0","0","44.9","20.8","-4.9","","100.0","","","0.24","0.8","14.1","18.9","1.1","0.33","18.9"
"124","Kalif Raymond","DET","WR","15","2025","22","84.6","14.0","28","17.7","2","0.1","8.0","0.09","1","50.0","30","2.0","17.8","1.36","15.00","30.00","6","6.00","-1","-1.00","0","0.0","1","0","0","1","1","6.7","0","","1","0.045","1","50.0","2","100.0","0","","0","0","0.0","0","95.8","10.0","6.1","","100.0","","","0.18","0.3","4.0","4.2","0.3","0.19","4.2"
"125","Kameron Johnson","TB","WR","17","2025","7","100.0","10.5","21","41.2","2","0.1","28.6","0.29","2","100.0","30","1.8","34.9","4.29","15.00","15.00","9","4.50","2","1.00","0","0.0","0","0","0","0","2","40.0","0","","2","0.286","0","","2","100.0","0","","0","0","0.0","0","118.8","28.6","6.6","","100.0","","","0.71","0.3","5.0","3.3","0.2","0.46","3.3"
"126","Michael Pittman","IND","WR","17","2025","47","94.0","4.6","37","11.6","8","0.5","18.2","0.17","4","50.0","30","1.8","8.7","0.64","3.75","7.50","21","5.25","16","4.00","0","0.0","0","0","0","0","7","19.4","2","0.50","1","0.021","0","","6","75.0","1","12.5","3","1","33.3","0","59.4","19.5","-2.7","","100.0","","","0.15","0.4","7.0","11.4","0.7","0.24","11.4"
"127","David Sills","ATL","WR","17","2025","30","78.9","15.0","45","23.8","3","0.2","8.1","0.10","2","66.7","30","1.8","9.6","1.00","10.00","15.00","4","2.00","1","0.50","0","0.0","0","0","0","0","3","12.5","0","","2","0.067","0","","2","66.7","0","","0","0","0.0","0","99.3","9.7","-0.4","","100.0","","","0.17","0.3","5.0","4.7","0.3","0.16","4.7"
"128","Daniel Bellinger","NYG","TE","16","2025","23","88.5","20.0","20","15.6","1","0.1","4.3","0.04","1","100.0","29","1.8","14.3","1.26","29.00","29.00","9","9.00","3","3.00","0","0.0","0","0","0","1","1","6.3","0","","1","0.043","0","","1","100.0","0","","0","0","0.0","0","118.8","4.5","17.2","","100.0","","","0.17","0.2","3.9","2.1","0.1","0.09","2.1"
"129","Sam LaPorta","DET","TE","9","2025","29","82.9","8.6","43","17.8","5","0.6","15.6","0.17","4","80.0","29","3.2","13.1","1.00","5.80","7.25","1","0.25","1","0.25","1","33.3","1","1","1","0","3","16.7","0","","3","0.103","0","","4","80.0","0","","3","3","100.0","1","130.4","16.7","-1.9","","100.0","","","0.44","1.4","12.9","9.4","1.0","0.32","9.4"
"130","Dalton Kincaid","BUF","TE","12","2025","21","72.4","4.0","12","14.1","3","0.3","12.5","0.14","3","100.0","29","2.4","17.2","1.38","9.67","9.67","17","5.67","6","2.00","0","0.0","0","0","0","0","3","17.6","0","","1","0.048","0","","3","100.0","1","33.3","0","0","0.0","0","106.9","13.0","2.3","","100.0","","","0.28","0.5","5.9","4.8","0.4","0.23","4.8"
"131","Austin Trammell","JAX","WR","6","2025","10","90.9","15.5","62","39.5","4","0.7","36.4","0.40","2","50.0","28","4.7","44.4","2.80","7.00","14.00","1","0.50","","","0","0.0","0","0","0","1","3","33.3","0","","1","0.100","1","25.0","3","75.0","0","","2","2","100.0","0","33.3","40.0","-2.9","","100.0","","","0.48","0.8","4.8","7.0","1.2","0.70","7.0"
"132","David Njoku","CLV","TE","12","2025","18","78.3","10.3","62","55.4","6","0.5","28.6","0.33","3","50.0","28","2.3","29.8","1.56","4.67","9.33","8","2.67","3","1.00","1","100.0","1","1","1","1","4","26.7","0","","1","0.056","1","16.7","4","66.7","0","","0","0","0.0","0","102.8","31.6","-3.0","","100.0","","","0.66","1.0","11.8","9.4","0.8","0.52","9.4"
"133","Christian Watson","GB","WR","10","2025","16","84.2","9.3","37","48.7","4","0.4","23.5","0.25","2","50.0","28","2.8","31.5","1.75","7.00","14.00","11","5.50","7","3.50","0","0.0","2","2","0","0","3","27.3","0","","1","0.063","0","","2","50.0","0","","0","0","0.0","0","72.9","25.0","-0.9","","100.0","","","0.30","0.5","4.8","10.4","1.0","0.65","10.4"
"134","Elijah Moore","BUF","WR","9","2025","24","100.0","11.3","45","45.5","4","0.4","23.5","0.17","1","25.0","28","3.1","25.9","1.17","7.00","28.00","5","5.00","3","3.00","0","0.0","0","0","0","1","2","22.2","0","","1","0.042","2","50.0","3","75.0","1","25.0","2","1","50.0","0","16.7","25.0","-1.5","","100.0","","","0.16","0.4","3.8","6.4","0.7","0.27","6.4"
"135","Lil'Jordan Humphrey","DEN, NYG","WR","10","2025","13","92.9","12.0","24","16.1","2","0.2","16.7","0.15","2","100.0","27","2.7","18.8","2.08","13.50","13.50","3","1.50","","","1","50.0","1","1","1","0","1","14.3","1","0.50","2","0.154","0","","2","100.0","0","","1","1","100.0","0","158.3","18.2","4.4","","100.0","","","0.82","1.1","10.7","8.4","0.8","0.64","8.4"
"136","Jake Tonges","SF","TE","16","2025","21","87.5","3.5","21","12.4","6","0.4","26.1","0.29","4","66.7","27","1.7","11.4","1.29","4.50","6.75","17","4.25","7","1.75","1","100.0","1","1","1","0","4","22.2","0","","2","0.095","0","","5","83.3","1","16.7","1","0","0.0","0","116.0","27.3","-2.5","","100.0","","","0.60","0.8","12.7","12.0","0.8","0.57","12.0"
"137","CeeDee Lamb","DAL","WR","14","2025","35","97.2","4.0","24","13.8","6","0.4","17.6","0.17","5","83.3","27","1.9","10.5","0.77","4.50","5.40","15","3.00","3","0.60","0","0.0","2","0","0","0","6","28.6","1","0.20","2","0.057","0","","6","100.0","2","33.3","1","0","0.0","0","85.4","20.0","-2.0","","100.0","","","0.22","0.6","7.7","11.2","0.8","0.32","11.2"
"138","Kenneth Gainwell","PIT","RB","17","2025","8","100.0","1.0","5","45.5","5","0.3","62.5","0.63","4","80.0","26","1.5","57.8","3.25","5.20","6.50","22","5.50","3","0.75","0","0.0","1","0","0","0","3","75.0","0","","0","0.000","0","","4","80.0","2","40.0","0","0","0.0","0","88.3","62.5","-0.8","","100.0","","","0.83","0.4","6.6","6.9","0.4","0.87","6.9"
"139","Jeremy Ruckert","NYJ","TE","17","2025","10","71.4","4.7","14","25.0","3","0.2","23.1","0.30","3","100.0","26","1.5","56.5","2.60","8.67","8.67","13","4.33","5","1.67","1","50.0","1","1","1","0","2","18.2","0","","2","0.200","0","","3","100.0","0","","0","0","0.0","0","142.4","23.1","2.0","","100.0","","","1.16","0.7","11.6","7.3","0.4","0.73","7.3"
"140","Matthew Golden","GB","WR","14","2025","27","100.0","5.7","17","13.8","3","0.2","12.0","0.11","3","100.0","25","1.8","14.5","0.93","8.33","8.33","8","2.67","-2","-0.67","0","0.0","0","0","0","1","1","8.3","2","0.67","1","0.037","0","","3","100.0","1","33.3","0","0","0.0","0","101.4","15.8","1.3","","100.0","","","0.20","0.4","5.5","4.6","0.3","0.17","4.6"
"141","Adam Trautman","DEN","TE","17","2025","13","72.2","3.0","6","3.9","2","0.1","12.5","0.15","2","100.0","25","1.5","19.1","1.92","12.50","12.50","19","9.50","4","2.00","0","0.0","0","0","0","0","2","15.4","0","","1","0.077","0","","2","100.0","0","","0","0","0.0","0","118.8","13.3","6.4","","100.0","","","0.35","0.3","4.5","2.8","0.2","0.22","2.8"
"142","Treylon Burks","WAS","WR","8","2025","4","80.0","17.0","17","65.4","1","0.1","33.3","0.25","1","100.0","24","3.0","61.5","6.00","24.00","24.00","7","7.00","6","6.00","0","0.0","0","0","0","0","1","50.0","0","","1","0.250","0","","1","100.0","0","","0","0","0.0","0","118.8","33.3","12.3","","100.0","","","0.85","0.4","3.4","1.5","0.2","0.38","1.5"
"143","Tucker Kraft","GB","TE","8","2025","14","93.3","2.6","13","12.0","5","0.6","33.3","0.36","2","40.0","24","3.0","26.4","1.71","4.80","12.00","22","11.00","2","1.00","0","0.0","2","0","0","0","2","28.6","1","0.50","2","0.143","1","20.0","3","60.0","1","20.0","0","0","0.0","0","55.4","38.5","-1.5","","100.0","","","0.31","0.6","4.4","7.8","1.0","0.56","7.8"
"144","Jalen Tolbert","DAL","WR","13","2025","19","95.0","11.0","33","21.2","3","0.2","15.8","0.16","2","66.7","24","1.8","15.1","1.26","8.00","12.00","4","2.00","","","0","0.0","0","0","0","0","2","15.4","0","","1","0.053","0","","2","66.7","0","","0","0","0.0","0","91.0","15.8","-0.4","","100.0","","","0.23","0.3","4.4","4.7","0.4","0.24","4.7"
"145","Noah Gray","KC","TE","16","2025","20","80.0","7.0","21","9.1","3","0.2","13.0","0.15","2","66.7","24","1.5","9.5","1.20","8.00","12.00","11","5.50","2","1.00","0","0.0","0","0","0","0","2","11.8","0","","0","0.000","1","33.3","3","100.0","0","","0","0","0.0","0","91.0","13.0","1.0","","100.0","","","0.22","0.3","4.4","4.6","0.3","0.23","4.6"
"146","Romeo Doubs","GB","WR","16","2025","17","94.4","4.8","19","24.7","4","0.3","23.5","0.24","4","100.0","24","1.5","19.0","1.41","6.00","6.00","5","1.25","2","0.50","0","0.0","0","0","0","0","4","40.0","0","","2","0.118","0","","4","100.0","0","","1","1","100.0","0","91.7","23.5","-0.2","","100.0","","","0.38","0.4","6.4","7.9","0.5","0.46","7.9"
"147","Tim Patrick","JAX","WR","16","2025","12","92.3","8.0","32","36.0","4","0.3","33.3","0.33","2","50.0","23","1.4","24.0","1.92","5.75","11.50","19","9.50","4","2.00","0","0.0","2","1","0","0","3","37.5","0","","1","0.083","2","50.0","4","100.0","0","","1","0","0.0","0","67.7","33.3","-1.7","","100.0","","","0.36","0.3","4.3","8.7","0.5","0.73","8.7"
"148","Zay Jones","ARZ","WR","8","2025","20","95.2","7.5","15","11.5","2","0.3","11.1","0.10","2","100.0","22","2.8","17.7","1.10","11.00","11.00","7","3.50","3","1.50","0","0.0","0","0","0","0","2","18.2","0","","1","0.050","0","","2","100.0","0","","0","0","0.0","0","112.5","12.5","3.9","","100.0","","","0.21","0.5","4.2","2.8","0.3","0.14","2.8"
"149","Brandin Cooks","BUF, NO","WR","15","2025","50","98.0","12.5","75","18.3","6","0.4","13.0","0.12","3","50.0","21","1.4","6.1","0.42","3.50","7.00","7","2.33","2","0.67","0","0.0","0","0","0","1","3","8.8","0","","1","0.020","1","16.7","4","66.7","0","","2","1","50.0","0","58.3","13.0","-5.1","","100.0","","","0.10","0.3","5.1","9.4","0.6","0.19","9.4"
"150","Tee Higgins","CIN","WR","15","2025","8","80.0","11.0","22","43.1","2","0.1","20.0","0.25","1","50.0","21","1.4","28.4","2.63","10.50","21.00","11","11.00","5","5.00","0","0.0","0","0","0","0","2","22.2","0","","1","0.125","0","","1","50.0","0","","0","0","0.0","0","47.9","20.0","2.2","","100.0","","","0.39","0.2","3.1","2.5","0.2","0.32","2.5"
"151","Tyrell Shavers","BUF","WR","17","2025","15","65.2","16.0","16","13.0","1","0.1","4.3","0.07","1","100.0","21","1.2","8.0","1.40","21.00","21.00","5","5.00","","","0","0.0","0","0","0","0","1","5.9","0","","1","0.067","0","","1","100.0","0","","0","0","0.0","0","118.8","4.3","10.9","","100.0","","","0.21","0.2","3.1","1.5","0.1","0.10","1.5"
"152","Tyler Higbee","LA","TE","10","2025","7","58.3","20.0","20","28.6","1","0.1","8.3","0.14","1","100.0","21","2.1","14.1","3.00","21.00","21.00","1","1.00","1","1.00","0","0.0","0","0","0","1","1","8.3","0","","1","0.143","0","","1","100.0","0","","1","1","100.0","0","118.8","8.3","9.2","","100.0","","","0.44","0.3","3.1","1.5","0.2","0.22","1.5"
"153","DeAndre Hopkins","BLT","WR","17","2025","7","100.0","8.5","17","19.3","2","0.1","28.6","0.29","2","100.0","21","1.2","32.3","3.00","10.50","10.50","4","2.00","","","0","0.0","0","0","0","0","2","40.0","0","","2","0.286","0","","2","100.0","0","","0","0","0.0","0","110.4","28.6","3.0","","100.0","","","0.59","0.2","4.1","3.0","0.2","0.43","3.0"
"154","Jauan Jennings","SF","WR","15","2025","36","100.0","6.0","24","7.3","4","0.3","12.1","0.11","3","75.0","21","1.4","6.3","0.58","5.25","7.00","10","3.33","11","3.67","1","50.0","1","1","1","0","4","18.2","1","0.33","2","0.056","0","","3","75.0","0","","0","0","0.0","0","126.0","13.3","-1.5","","100.0","","","0.31","0.7","11.1","9.0","0.6","0.25","9.0"
"155","Braxton Berrios","HST","WR","4","2025","9","90.0","6.0","12","38.7","2","0.5","22.2","0.22","2","100.0","20","5.0","37.7","2.22","10.00","10.00","8","4.00","5","2.50","0","0.0","0","0","0","0","2","28.6","1","0.50","1","0.111","0","","2","100.0","0","","0","0","0.0","0","108.3","22.2","3.1","","100.0","","","0.44","1.0","4.0","3.3","0.8","0.37","3.3"
"156","Rachaad White","TB","RB","17","2025","12","85.7","-2.0","-6","-54.5","3","0.2","21.4","0.25","3","100.0","20","1.2","12.3","1.67","6.67","6.67","26","8.67","4","1.33","0","0.0","0","0","0","0","3","21.4","1","0.33","1","0.083","0","","3","100.0","2","66.7","0","0","0.0","0","94.4","21.4","0.8","","100.0","","","0.42","0.3","5.0","5.0","0.3","0.41","5.0"
"157","Isaac TeSlaa","DET","WR","17","2025","22","84.6","27.0","54","28.7","2","0.1","8.3","0.09","1","50.0","20","1.2","19.2","0.91","10.00","20.00","0","","","","1","100.0","1","1","1","2","2","14.3","0","","1","0.045","0","","1","50.0","0","","1","1","100.0","1","85.4","10.0","-2.4","","100.0","","","0.41","0.5","9.0","7.5","0.4","0.34","7.5"
"158","Charlie Kolar","BLT","TE","17","2025","4","100.0","15.0","15","40.5","1","0.1","25.0","0.25","1","100.0","19","1.1","38.0","4.75","19.00","19.00","4","4.00","-1","-1.00","0","0.0","0","0","0","0","1","33.3","0","","1","0.250","0","","1","100.0","0","","1","1","100.0","0","118.8","25.0","8.4","","100.0","","","0.73","0.2","2.9","1.8","0.1","0.46","1.8"
"159","Jalen McMillan","TB","WR","4","2025","5","100.0","18.0","18","41.9","1","0.3","25.0","0.20","1","100.0","18","4.5","39.1","3.60","18.00","18.00","0","","","","0","0.0","0","0","0","0","0","0.0","0","","1","0.200","0","","1","100.0","0","","0","0","0.0","0","118.8","25.0","7.1","","100.0","","","0.56","0.7","2.8","1.8","0.4","0.36","1.8"
"160","Beaux Collins","NYG","WR","9","2025","5","100.0","13.0","13","21.3","1","0.1","20.0","0.20","1","100.0","18","2.0","25.0","3.60","18.00","18.00","5","5.00","","","0","0.0","0","0","0","0","0","0.0","0","","1","0.200","0","","1","100.0","0","","0","0","0.0","0","118.8","20.0","9.1","","100.0","","","0.56","0.3","2.8","1.3","0.1","0.27","1.3"
"161","Darnell Washington","PIT","TE","16","2025","10","71.4","15.0","30","55.6","2","0.1","15.4","0.20","1","50.0","18","1.1","23.4","1.80","9.00","18.00","6","6.00","2","2.00","0","0.0","0","0","0","0","0","0.0","0","","1","0.100","0","","1","50.0","0","","0","0","0.0","0","81.3","16.7","-1.8","","100.0","","","0.28","0.2","2.8","2.7","0.2","0.27","2.7"
"162","Josh Oliver","MIN","TE","15","2025","6","75.0","14.0","14","26.9","1","0.1","14.3","0.17","1","100.0","18","1.2","31.6","3.00","18.00","18.00","4","4.00","2","2.00","1","100.0","1","0","0","0","1","16.7","0","","1","0.167","0","","1","100.0","0","","1","1","100.0","0","158.3","14.3","7.7","","100.0","","","1.47","0.6","8.8","1.9","0.1","0.31","1.9"
"163","Ben Sims","GB, MIN","TE","9","2025","1","50.0","18.0","18","100.0","1","0.1","100.0","1.00","1","100.0","18","2.0","100.0","18.00","18.00","18.00","0","","","","0","0.0","0","0","0","0","0","0.0","0","","1","1.000","0","","1","100.0","0","","1","1","100.0","1","118.8","100.0","5.0","","100.0","","","2.80","0.3","2.8","2.0","0.2","2.02","2.0"
"164","Jake Bobo","SEA","WR","11","2025","7","77.8","12.0","12","20.7","1","0.1","14.3","0.14","1","100.0","17","1.5","58.6","2.43","17.00","17.00","5","5.00","1","1.00","0","0.0","0","0","0","0","0","0.0","0","","1","0.143","0","","1","100.0","0","","0","0","0.0","0","118.8","16.7","8.0","","100.0","","","0.39","0.2","2.7","1.2","0.1","0.18","1.2"
"165","RJ Harvey","DEN","RB","17","2025","4","100.0","0.0","0","0.0","2","0.1","50.0","0.50","2","100.0","16","0.9","100.0","4.00","8.00","8.00","16","8.00","6","3.00","0","0.0","0","0","0","0","0","0.0","1","0.50","1","0.250","0","","2","100.0","0","","0","0","0.0","0","100.0","50.0","1.7","","100.0","","","0.90","0.2","3.6","3.2","0.2","0.80","3.2"
"166","George Pickens","DAL","WR","17","2025","10","100.0","21.0","21","23.3","1","0.1","11.1","0.10","1","100.0","15","0.9","17.0","1.50","15.00","15.00","0","","","","1","33.3","1","1","1","1","1","12.5","0","","1","0.100","0","","1","100.0","0","","0","0","0.0","0","158.3","11.1","3.8","","100.0","","","0.85","0.5","8.5","2.6","0.2","0.26","2.6"
"167","Darnell Mooney","ATL","WR","15","2025","53","94.6","13.3","53","12.1","4","0.3","7.7","0.08","1","25.0","15","1.0","4.7","0.28","3.75","15.00","2","2.00","","","0","0.0","0","0","0","1","4","12.1","0","","1","0.019","0","","2","50.0","0","","0","0","0.0","0","42.7","8.5","-5.5","","100.0","","","0.05","0.2","2.5","6.7","0.4","0.13","6.7"
"168","Skyy Moore","SF","WR","17","2025","5","100.0","-3.0","-3","-13.6","1","0.1","20.0","0.20","1","100.0","15","0.9","40.5","3.00","15.00","15.00","18","18.00","15","15.00","0","0.0","0","0","0","0","0","0.0","2","2.00","1","0.200","0","","1","100.0","0","","0","0","0.0","0","118.8","25.0","10.1","","100.0","","","0.50","0.1","2.5","1.6","0.1","0.31","1.6"
"169","Jahdae Walker","CHI","WR","7","2025","7","100.0","14.0","14","27.5","1","0.1","14.3","0.14","1","100.0","15","2.1","27.8","2.14","15.00","15.00","1","1.00","1","1.00","0","0.0","0","0","0","0","0","0.0","0","","1","0.143","0","","1","100.0","0","","0","0","0.0","0","118.8","14.3","5.2","","100.0","","","0.36","0.4","2.5","1.7","0.2","0.24","1.7"
"170","Calvin Austin","PIT","WR","14","2025","29","90.6","3.3","23","15.3","7","0.5","23.3","0.24","4","57.1","14","1.0","7.8","0.48","2.00","3.50","16","4.00","10","2.50","0","0.0","0","0","0","0","7","35.0","1","0.25","1","0.034","0","","6","85.7","3","42.9","2","2","100.0","0","22.6","25.0","-4.7","","100.0","","","0.19","0.4","5.4","10.2","0.7","0.35","10.2"
"171","Gage Larvadain","CLV","WR","13","2025","12","92.3","2.0","4","13.3","2","0.2","20.0","0.17","1","50.0","14","1.1","20.9","1.17","7.00","14.00","12","12.00","","","0","0.0","0","0","0","0","2","28.6","1","1.00","1","0.083","1","50.0","2","100.0","0","","0","0","0.0","0","72.9","20.0","1.7","","100.0","","","0.20","0.2","2.4","2.6","0.2","0.22","2.6"
"172","Xavier Restrepo","TEN","WR","2","2025","4","100.0","22.0","44","104.8","2","1.0","50.0","0.50","1","50.0","14","7.0","48.3","3.50","7.00","14.00","-3","-3.00","1","1.00","0","0.0","0","1","0","1","1","100.0","0","","1","0.250","0","","2","100.0","0","","1","0","0.0","0","72.9","66.7","-4.8","","100.0","","","0.60","1.2","2.4","4.3","2.1","1.07","4.3"
"173","Josh Reynolds","NYJ","WR","5","2025","11","100.0","10.5","21","48.8","2","0.4","25.0","0.18","1","50.0","13","2.6","36.1","1.18","6.50","13.00","2","2.00","1","1.00","0","0.0","0","0","0","0","2","33.3","0","","0","0.000","0","","1","50.0","0","","0","0","0.0","0","70.8","28.6","-1.4","","100.0","","","0.21","0.5","2.3","2.8","0.6","0.25","2.8"
"174","Dyami Brown","JAX","WR","14","2025","19","90.5","14.0","28","13.0","2","0.1","11.1","0.11","1","50.0","13","0.9","25.0","0.68","6.50","13.00","1","1.00","","","0","0.0","0","0","0","0","2","13.3","0","","1","0.053","0","","1","50.0","0","","0","0","0.0","0","70.8","11.1","-3.1","","100.0","","","0.12","0.2","2.3","3.3","0.2","0.17","3.3"
"175","Kimani Vidal","LAC","RB","13","2025","5","100.0","-5.0","-5","-8.1","1","0.1","20.0","0.20","1","100.0","13","1.0","13.1","2.60","13.00","13.00","18","18.00","3","3.00","0","0.0","0","0","0","0","1","25.0","0","","0","0.000","0","","1","100.0","1","100.0","0","0","0.0","0","118.8","20.0","7.1","","100.0","","","0.46","0.2","2.3","1.1","0.1","0.22","1.1"
"176","Andrew Ogletree","IND","TE","15","2025","5","83.3","10.0","20","26.7","2","0.1","33.3","0.40","2","100.0","12","0.8","75.0","2.40","6.00","6.00","1","0.50","","","1","100.0","2","1","1","0","1","25.0","0","","1","0.200","0","","2","100.0","0","","2","2","100.0","1","131.3","33.3","-2.6","","100.0","","","1.84","0.6","9.2","4.8","0.3","0.96","4.8"
"177","Travis Etienne","JAX","RB","17","2025","10","100.0","-4.3","-17","-42.5","4","0.2","44.4","0.40","2","50.0","12","0.7","32.4","1.20","3.00","6.00","19","9.50","4","2.00","0","0.0","0","0","0","0","3","42.9","0","","1","0.100","1","25.0","3","75.0","3","75.0","0","0","0.0","0","56.3","50.0","-2.6","","100.0","","","0.32","0.2","3.2","5.3","0.3","0.53","5.3"
"178","Brycen Tremayne","CAR","WR","16","2025","11","84.6","1.5","3","4.5","2","0.1","16.7","0.18","2","100.0","12","0.8","14.3","1.09","6.00","6.00","9","4.50","1","0.50","0","0.0","0","0","0","0","2","33.3","1","0.50","0","0.000","0","","2","100.0","0","","0","0","0.0","0","91.7","22.2","0.3","","100.0","","","0.29","0.2","3.2","3.1","0.2","0.28","3.1"
"179","Brock Wright","DET","TE","11","2025","13","76.5","2.0","6","10.0","3","0.3","20.0","0.23","2","66.7","12","1.1","16.0","0.92","4.00","6.00","10","5.00","4","2.00","1","100.0","1","0","0","0","2","15.4","0","","1","0.077","0","","2","66.7","0","","0","0","0.0","0","113.9","21.4","-1.9","","100.0","","","0.71","0.8","9.2","5.2","0.5","0.40","5.2"
"180","Luke Musgrave","GB","TE","17","2025","14","93.3","2.0","4","4.0","2","0.1","15.4","0.14","2","100.0","12","0.7","14.8","0.86","6.00","6.00","8","4.00","3","1.50","0","0.0","0","0","0","0","1","14.3","0","","0","0.000","0","","2","100.0","0","","0","0","0.0","0","91.7","16.7","0.3","","100.0","","","0.23","0.2","3.2","2.9","0.2","0.21","2.9"
"181","Britain Covey","PHI","WR","6","2025","2","100.0","-5.0","-5","-100.0","1","0.2","50.0","0.50","1","100.0","12","2.0","100.0","6.00","12.00","12.00","17","17.00","2","2.00","0","0.0","0","0","0","0","1","50.0","0","","1","0.500","0","","1","100.0","1","100.0","0","0","0.0","0","116.7","50.0","7.8","","100.0","","","1.10","0.4","2.2","1.7","0.3","0.85","1.7"
"182","Kevin Austin","NO","WR","8","2025","11","78.6","6.5","13","25.0","2","0.3","14.3","0.18","2","100.0","12","1.5","14.6","1.09","6.00","6.00","4","2.00","1","0.50","1","100.0","1","1","1","0","1","10.0","0","","1","0.091","0","","2","100.0","0","","0","0","0.0","0","131.3","14.3","-2.0","","100.0","","","0.84","1.2","9.2","4.9","0.6","0.45","4.9"
"183","Mike Evans","TB","WR","8","2025","14","93.3","11.0","22","19.5","2","0.3","15.4","0.14","1","50.0","12","1.5","9.3","0.86","6.00","12.00","0","","","","0","0.0","0","0","0","0","1","10.0","0","","1","0.071","0","","1","50.0","0","","1","1","100.0","0","68.8","16.7","-2.3","","100.0","","","0.16","0.3","2.2","3.2","0.4","0.23","3.2"
"184","Hunter Renfrow","CAR","WR","6","2025","32","91.4","12.8","64","28.2","5","0.8","16.1","0.16","2","40.0","11","1.8","7.5","0.34","2.20","5.50","2","1.00","","","0","0.0","0","0","0","1","2","10.0","0","","1","0.031","0","","4","80.0","0","","2","1","50.0","0","47.9","18.5","-6.9","","100.0","","","0.10","0.5","3.1","9.2","1.5","0.29","9.2"
"185","Mason Tipton","NO","WR","13","2025","15","100.0","0.5","1","1.3","2","0.2","15.4","0.13","2","100.0","11","0.8","12.8","0.73","5.50","5.50","10","5.00","1","0.50","0","0.0","1","0","0","0","2","18.2","0","","1","0.067","0","","2","100.0","1","50.0","0","0","0.0","0","89.6","16.7","0.1","","100.0","","","0.21","0.2","3.1","2.6","0.2","0.18","2.6"
"186","Shane Zylstra","DET","TE","5","2025","10","100.0","10.5","21","25.3","2","0.4","25.0","0.20","1","50.0","11","2.2","31.4","1.10","5.50","11.00","1","1.00","","","0","0.0","0","0","0","0","2","28.6","0","","0","0.000","0","","1","50.0","0","","0","0","0.0","0","66.7","25.0","-2.8","","100.0","","","0.21","0.4","2.1","3.1","0.6","0.31","3.1"
"187","Malik Heath","GB","WR","11","2025","12","100.0","5.0","5","6.8","1","0.1","9.1","0.08","1","100.0","11","1.0","20.8","0.92","11.00","11.00","6","6.00","6","6.00","0","0.0","0","0","0","0","1","12.5","1","1.00","1","0.083","0","","1","100.0","0","","0","0","0.0","0","112.5","9.1","4.6","","100.0","","","0.18","0.2","2.1","1.6","0.1","0.13","1.6"
"188","Pat Freiermuth","PIT","TE","17","2025","31","88.6","6.2","31","14.8","5","0.3","14.7","0.16","2","40.0","10","0.6","10.6","0.32","2.00","5.00","2","1.00","1","0.50","0","0.0","0","0","0","0","3","12.5","0","","0","0.000","1","20.0","3","60.0","0","","0","0","0.0","0","47.9","15.6","-5.0","","100.0","","","0.10","0.2","3.0","7.6","0.4","0.24","7.6"
"189","Jonnu Smith","PIT","TE","17","2025","23","85.2","7.0","7","3.8","1","0.1","4.0","0.04","1","100.0","10","0.6","5.8","0.43","10.00","10.00","3","3.00","1","1.00","0","0.0","0","0","0","0","1","4.5","0","","0","0.000","0","","1","100.0","0","","0","0","0.0","0","108.3","4.0","2.7","","100.0","","","0.09","0.1","2.0","1.9","0.1","0.08","1.9"
"190","Rico Dowdle","CAR","RB","17","2025","5","62.5","1.0","1","3.7","1","0.1","12.5","0.20","1","100.0","10","0.6","37.0","2.00","10.00","10.00","9","9.00","","","0","0.0","0","0","0","0","0","0.0","0","","0","0.000","0","","1","100.0","0","","0","0","0.0","0","108.3","12.5","4.3","","100.0","","","0.40","0.1","2.0","1.3","0.1","0.26","1.3"
"191","Jahmyr Gibbs","DET","RB","17","2025","13","92.9","0.0","0","0.0","3","0.2","23.1","0.23","3","100.0","10","0.6","9.2","0.77","3.33","3.33","10","3.33","1","0.33","0","0.0","0","0","0","0","2","25.0","1","0.33","1","0.077","0","","3","100.0","1","33.3","0","0","0.0","0","80.6","25.0","-3.2","","100.0","","","0.31","0.2","4.0","4.3","0.3","0.33","4.3"
"192","Omarion Hampton","LAC","RB","9","2025","2","100.0","-4.5","-9","100.0","2","0.2","100.0","1.00","2","100.0","10","1.1","100.0","5.00","5.00","5.00","19","9.50","3","1.50","0","0.0","0","0","0","0","2","100.0","0","","0","0.000","0","","2","100.0","1","50.0","0","0","0.0","0","87.5","100.0","-0.7","","100.0","","","1.50","0.3","3.0","2.9","0.3","1.45","2.9"
"193","John Metchie","PHI, NYJ","WR","16","2025","26","92.9","2.5","10","9.1","4","0.3","17.4","0.15","2","50.0","9","0.6","6.3","0.35","2.25","4.50","8","4.00","1","0.50","0","0.0","0","0","0","0","4","22.2","0","","1","0.038","1","25.0","4","100.0","1","25.0","1","0","0.0","0","56.3","19.0","-3.6","","100.0","","","0.11","0.2","2.9","5.6","0.3","0.21","5.6"
"194","Savion Williams","GB","WR","12","2025","6","100.0","-2.8","-11","-550.0","4","0.3","66.7","0.67","4","100.0","9","0.8","17.3","1.50","2.25","2.25","20","5.00","11","2.75","0","0.0","2","0","0","0","4","80.0","2","0.50","1","0.167","0","","4","100.0","4","100.0","0","0","0.0","0","79.2","66.7","-2.9","","100.0","","","0.82","0.4","4.9","6.9","0.6","1.14","6.9"
"195","Zavier Scott","MIN","RB","11","2025","2","100.0","5.0","5","50.0","1","0.1","50.0","0.50","1","100.0","9","0.8","60.0","4.50","9.00","9.00","4","4.00","","","0","0.0","0","0","0","0","1","50.0","0","","1","0.500","0","","1","100.0","0","","0","0","0.0","0","104.2","50.0","1.8","","100.0","","","0.95","0.2","1.9","1.4","0.1","0.71","1.4"
"196","Brashard Smith","KC","RB","17","2025","7","100.0","-3.0","-3","-23.1","1","0.1","25.0","0.14","1","100.0","9","0.5","19.6","1.29","9.00","9.00","12","12.00","3","3.00","0","0.0","0","0","0","0","1","33.3","0","","0","0.000","0","","1","100.0","1","100.0","0","0","0.0","0","104.2","33.3","2.9","","100.0","","","0.27","0.1","1.9","1.6","0.1","0.23","1.6"
"197","Zach Charbonnet","SEA","RB","16","2025","2","100.0","5.0","5","45.5","1","0.1","50.0","0.50","1","100.0","9","0.6","56.3","4.50","9.00","9.00","4","4.00","3","3.00","0","0.0","0","0","0","0","1","50.0","0","","0","0.000","0","","1","100.0","0","","0","0","0.0","0","104.2","50.0","1.8","","100.0","","","0.95","0.1","1.9","1.4","0.1","0.72","1.4"
"198","Xavier Weaver","ARZ","WR","9","2025","14","100.0","18.0","36","35.3","2","0.2","15.4","0.14","1","50.0","9","1.0","9.0","0.64","4.50","9.00","-2","-2.00","","","0","0.0","0","0","0","1","1","11.1","0","","0","0.000","0","","1","50.0","0","","1","1","100.0","0","22.9","15.4","-5.4","","100.0","","","0.14","0.2","1.9","3.8","0.4","0.27","3.8"
"199","Dee Eskridge","MIA","WR","13","2025","5","100.0","9.0","9","19.1","1","0.1","25.0","0.20","1","100.0","9","0.7","15.0","1.80","9.00","9.00","0","","","","0","0.0","0","0","0","0","1","33.3","0","","1","0.200","0","","1","100.0","0","","0","0","0.0","0","104.2","25.0","1.5","","100.0","","","0.38","0.1","1.9","1.8","0.1","0.35","1.8"
"200","Dylan Drummond","ATL","WR","9","2025","5","83.3","7.0","7","11.5","1","0.1","16.7","0.20","1","100.0","9","1.0","25.0","1.80","9.00","9.00","2","2.00","1","1.00","0","0.0","0","0","0","0","1","25.0","0","","0","0.000","0","","1","100.0","0","","0","0","0.0","0","104.2","20.0","1.9","","100.0","","","0.38","0.2","1.9","1.7","0.2","0.33","1.7"
"201","Shedrick Jackson","LV","WR","5","2025","5","100.0","4.0","4","44.4","1","0.2","20.0","0.20","1","100.0","9","1.8","28.1","1.80","9.00","9.00","5","5.00","","","0","0.0","0","0","0","0","1","33.3","0","","0","0.000","0","","1","100.0","0","","0","0","0.0","0","104.2","25.0","3.0","","100.0","","","0.38","0.4","1.9","1.4","0.3","0.28","1.4"
"202","Darren Waller","MIA","TE","9","2025","19","90.5","9.5","19","11.0","2","0.2","11.8","0.11","1","50.0","9","1.0","6.1","0.47","4.50","9.00","4","4.00","","","0","0.0","0","0","0","0","2","16.7","0","","1","0.053","0","","1","50.0","0","","0","0","0.0","0","62.5","11.8","-3.9","","100.0","","","0.10","0.2","1.9","3.2","0.4","0.17","3.2"
"203","Mitchell Evans","CAR","TE","17","2025","10","83.3","6.0","6","7.1","1","0.1","8.3","0.10","1","100.0","9","0.5","14.5","0.90","9.00","9.00","3","3.00","2","2.00","0","0.0","0","0","0","0","0","0.0","0","","0","0.000","0","","1","100.0","0","","0","0","0.0","0","104.2","10.0","1.9","","100.0","","","0.19","0.1","1.9","1.7","0.1","0.17","1.7"
"204","Malachi Corley","CLV","WR","13","2025","15","93.8","-3.6","-18","43.9","5","0.4","33.3","0.33","4","80.0","8","0.6","7.6","0.53","1.60","2.00","40","10.00","9","2.25","0","0.0","1","0","0","0","3","37.5","1","0.25","0","0.000","0","","4","80.0","3","60.0","0","0","0.0","0","79.2","35.7","-2.9","","100.0","","","0.32","0.4","4.8","7.6","0.6","0.51","7.6"
"205","Luke Farrell","SF","TE","17","2025","7","77.8","6.0","6","10.0","1","0.1","12.5","0.14","1","100.0","8","0.5","11.8","1.14","8.00","8.00","2","2.00","1","1.00","0","0.0","0","0","0","0","1","14.3","0","","0","0.000","0","","1","100.0","0","","1","1","100.0","0","100.0","12.5","0.9","","100.0","","","0.26","0.1","1.8","1.4","0.1","0.20","1.4"
"206","Tre Tucker","LV","WR","17","2025","29","96.7","-3.0","-3","-2.8","1","0.1","4.0","0.03","1","100.0","8","0.5","3.3","0.28","8.00","8.00","11","11.00","1","1.00","0","0.0","0","0","0","0","0","0.0","0","","0","0.000","0","","1","100.0","0","","0","0","0.0","0","100.0","4.2","3.1","","100.0","","","0.06","0.1","1.8","1.6","0.1","0.06","1.6"
"207","Michael Bandy","DEN","WR","4","2025","4","100.0","5.0","5","19.2","1","0.3","25.0","0.25","1","100.0","8","2.0","25.0","2.00","8.00","8.00","3","3.00","1","1.00","0","0.0","0","0","0","0","1","25.0","0","","0","0.000","0","","1","100.0","0","","0","0","0.0","0","100.0","25.0","1.6","","100.0","","","0.45","0.5","1.8","1.4","0.4","0.36","1.4"
"208","Jerry Jeudy","CLV","WR","17","2025","21","91.3","18.4","92","52.6","5","0.3","25.0","0.24","1","20.0","8","0.5","11.1","0.38","1.60","8.00","5","5.00","2","2.00","0","0.0","0","0","0","3","4","33.3","0","","0","0.000","1","20.0","2","40.0","0","","0","0","0.0","0","39.6","29.4","-8.3","","100.0","","","0.09","0.1","1.8","10.2","0.6","0.49","10.2"
"209","Nick Westbrook-Ikhine","MIA","WR","15","2025","39","97.5","7.0","7","3.2","1","0.1","2.6","0.03","1","100.0","7","0.5","3.5","0.18","7.00","7.00","0","","","","0","0.0","0","0","0","0","1","4.0","0","","1","0.026","0","","1","100.0","0","","1","1","100.0","0","95.8","2.8","-0.1","","100.0","","","0.04","0.1","1.7","1.4","0.1","0.03","1.4"
"210","Adam Thielen","MIN, PIT","WR","16","2025","30","93.8","12.0","24","11.2","2","0.1","6.7","0.07","1","50.0","7","0.4","3.3","0.23","3.50","7.00","2","2.00","1","1.00","0","0.0","0","0","0","0","1","5.3","0","","0","0.000","0","","1","50.0","0","","0","0","0.0","0","58.3","7.1","-5.6","","100.0","","","0.06","0.1","1.7","3.3","0.2","0.11","3.3"
"211","Greg Dortch","ARZ","WR","12","2025","52","94.5","0.0","0","0.0","4","0.3","7.5","0.08","3","75.0","7","0.6","2.2","0.13","1.75","2.33","4","1.33","1","0.33","0","0.0","0","0","0","0","2","6.5","0","","1","0.019","1","25.0","4","100.0","2","50.0","0","0","0.0","0","77.1","8.2","-3.6","","100.0","","","0.07","0.3","3.7","7.2","0.6","0.14","7.2"
"212","Anthony Firkser","DET","TE","7","2025","5","62.5","2.0","2","2.8","1","0.1","12.5","0.20","1","100.0","7","1.0","9.6","1.40","7.00","7.00","5","5.00","","","0","0.0","0","0","0","0","1","20.0","0","","1","0.200","0","","1","100.0","0","","0","0","0.0","0","95.8","12.5","0.6","","100.0","","","0.34","0.2","1.7","1.5","0.2","0.30","1.5"
"213","Adonai Mitchell","NYJ, IND","WR","16","2025","14","93.3","7.3","22","34.4","3","0.2","21.4","0.21","1","33.3","7","0.4","6.0","0.50","2.33","7.00","0","","","","0","0.0","0","0","0","0","3","33.3","0","","0","0.000","0","","2","66.7","0","","1","0","0.0","0","42.4","25.0","-4.8","","100.0","","","0.12","0.1","1.7","4.5","0.3","0.32","4.5"
"214","Nate Adkins","DEN","TE","9","2025","2","66.7","5.0","5","100.0","1","0.1","33.3","0.50","1","100.0","7","0.8","17.1","3.50","7.00","7.00","2","2.00","2","2.00","0","0.0","0","0","0","0","1","33.3","0","","0","0.000","0","","1","100.0","0","","0","0","0.0","0","95.8","33.3","0.5","","100.0","","","0.85","0.2","1.7","1.4","0.2","0.71","1.4"
"215","Casey Washington","ATL","WR","7","2025","8","100.0","8.0","8","10.7","1","0.1","12.5","0.13","1","100.0","7","1.0","8.3","0.88","7.00","7.00","-1","-1.00","","","0","0.0","0","0","0","0","0","0.0","0","","1","0.125","0","","1","100.0","0","","0","0","0.0","0","95.8","12.5","-0.5","","100.0","","","0.21","0.2","1.7","1.4","0.2","0.18","1.4"
"216","Jakobie Keeney-James","GB","WR","1","2025","3","100.0","7.0","7","63.6","1","1.0","50.0","0.33","1","100.0","7","7.0","100.0","2.33","7.00","7.00","0","","10","10.00","0","0.0","0","0","0","0","1","50.0","0","","0","0.000","0","","1","100.0","0","","0","0","0.0","0","95.8","50.0","-0.1","","100.0","","","0.57","1.7","1.7","1.5","1.5","0.48","1.5"
"217","AJ Barner","SEA","TE","17","2025","13","86.7","4.0","4","3.7","1","0.1","8.3","0.08","1","100.0","7","0.4","6.9","0.54","7.00","7.00","3","3.00","1","1.00","0","0.0","0","0","0","0","0","0.0","0","","0","0.000","0","","1","100.0","0","","0","0","0.0","0","95.8","8.3","0.9","","100.0","","","0.13","0.1","1.7","1.4","0.1","0.11","1.4"
"218","Mack Hollins","NE","WR","15","2025","21","100.0","7.0","14","6.3","2","0.1","11.1","0.10","1","50.0","6","0.4","2.5","0.29","3.00","6.00","0","","","","0","0.0","1","1","0","0","0","0.0","0","","0","0.000","0","","1","50.0","0","","1","1","100.0","0","16.7","11.1","-4.2","","100.0","","","0.08","0.1","1.6","5.0","0.3","0.24","5.0"
"219","Arian Smith","NYJ","WR","16","2025","36","97.3","5.0","10","4.6","2","0.1","6.9","0.06","1","50.0","6","0.4","3.8","0.17","3.00","6.00","1","1.00","","","0","0.0","0","0","0","0","1","5.6","0","","1","0.028","0","","1","50.0","0","","1","0","0.0","0","56.3","9.1","-3.4","","100.0","","","0.04","0.1","1.6","2.8","0.2","0.08","2.8"
"220","Tyjae Spears","TEN","RB","13","2025","9","100.0","-4.0","-12","-35.3","3","0.2","37.5","0.33","3","100.0","6","0.5","9.0","0.67","2.00","2.00","18","6.00","5","1.67","0","0.0","1","0","0","0","3","60.0","0","","1","0.111","0","","3","100.0","2","66.7","0","0","0.0","0","79.2","37.5","-3.9","","100.0","","","0.40","0.3","3.6","7.2","0.6","0.80","7.2"
"221","Jacory Croskey-Merritt","WAS","RB","17","2025","6","85.7","-6.0","-6","-13.3","1","0.1","16.7","0.17","1","100.0","6","0.4","9.0","1.00","6.00","6.00","12","12.00","1","1.00","0","0.0","0","0","0","0","1","20.0","0","","0","0.000","0","","1","100.0","1","100.0","0","0","0.0","0","91.7","16.7","0.9","","100.0","","","0.27","0.1","1.6","1.3","0.1","0.21","1.3"
"222","Jamari Thrash","CLV","WR","9","2025","16","100.0","6.0","6","7.9","1","0.1","6.7","0.06","1","100.0","6","0.7","9.5","0.38","6.00","6.00","0","","","","0","0.0","0","0","0","0","0","0.0","0","","0","0.000","0","","1","100.0","0","","0","0","0.0","0","91.7","8.3","-0.9","","100.0","","","0.10","0.2","1.6","1.4","0.2","0.09","1.4"
"223","Robbie Chosen","WAS","WR","3","2025","1","50.0","2.0","2","33.3","1","0.3","50.0","1.00","1","100.0","5","1.7","45.5","5.00","5.00","5.00","3","3.00","2","2.00","0","0.0","0","0","0","0","1","50.0","0","","0","0.000","0","","1","100.0","0","","0","0","0.0","0","87.5","50.0","-0.3","","100.0","","","1.50","0.5","1.5","1.5","0.5","1.50","1.5"
"224","Hunter Long","JAX","TE","9","2025","9","56.3","5.0","5","5.5","1","0.1","7.1","0.11","1","100.0","5","0.6","5.3","0.56","5.00","5.00","0","","","","0","0.0","0","0","0","0","1","7.7","0","","0","0.000","0","","1","100.0","0","","0","0","0.0","0","87.5","7.1","-1.5","","100.0","","","0.17","0.2","1.5","1.5","0.2","0.16","1.5"
"225","Javonte Williams","DAL","RB","16","2025","1","100.0","5.0","5","100.0","1","0.1","100.0","1.00","1","100.0","5","0.3","100.0","5.00","5.00","5.00","0","","","","0","0.0","0","0","0","0","0","0.0","0","","0","0.000","0","","1","100.0","0","","0","0","0.0","0","87.5","100.0","-2.2","","100.0","","","1.50","0.1","1.5","1.5","0.1","1.53","1.5"
"226","Ray-Ray McCloud","ATL, NYG","WR","6","2025","11","84.6","5.0","5","9.3","1","0.2","9.1","0.09","1","100.0","5","0.8","10.4","0.45","5.00","5.00","0","","","","0","0.0","0","0","0","0","1","14.3","0","","0","0.000","0","","1","100.0","0","","1","1","100.0","0","87.5","9.1","-1.4","","100.0","","","0.14","0.3","1.5","1.5","0.2","0.13","1.5"
"227","J.K. Dobbins","DEN","RB","10","2025","1","100.0","-4.0","-4","100.0","1","0.1","100.0","1.00","1","100.0","5","0.5","100.0","5.00","5.00","5.00","9","9.00","","","0","0.0","0","0","0","0","1","100.0","0","","0","0.000","0","","1","100.0","1","100.0","0","0","0.0","0","87.5","100.0","-0.6","","100.0","","","1.50","0.2","1.5","1.3","0.1","1.31","1.3"
"228","Chuba Hubbard","CAR","RB","15","2025","4","100.0","-4.0","-4","100.0","1","0.1","33.3","0.25","1","100.0","5","0.3","100.0","1.25","5.00","5.00","9","9.00","2","2.00","0","0.0","0","0","0","0","1","100.0","0","","0","0.000","0","","1","100.0","1","100.0","0","0","0.0","0","87.5","100.0","-0.6","","100.0","","","0.38","0.1","1.5","1.8","0.1","0.44","1.8"
"229","Michael Wilson","ARZ","WR","17","2025","55","91.7","12.0","24","10.1","2","0.1","4.3","0.04","1","50.0","5","0.3","1.5","0.09","2.50","5.00","2","2.00","1","1.00","0","0.0","1","1","0","1","1","4.3","0","","1","0.018","0","","1","50.0","0","","1","1","100.0","0","56.3","5.1","-5.8","","100.0","","","0.03","0.1","1.5","4.9","0.3","0.09","4.9"
"230","Jackson Hawes","BUF","TE","17","2025","8","61.5","-2.0","-2","-1.7","1","0.1","10.0","0.13","1","100.0","5","0.3","8.9","0.63","5.00","5.00","7","7.00","3","3.00","0","0.0","0","0","0","0","0","0.0","0","","0","0.000","0","","1","100.0","0","","0","0","0.0","0","87.5","10.0","0.1","","100.0","","","0.19","0.1","1.5","1.5","0.1","0.19","1.5"
"231","Stone Smartt","NYJ","TE","8","2025","9","75.0","0.0","0","0.0","1","0.1","10.0","0.11","1","100.0","4","0.5","20.0","0.44","4.00","4.00","4","4.00","2","2.00","0","0.0","0","0","0","0","1","11.1","0","","0","0.000","0","","1","100.0","0","","0","0","0.0","0","83.3","11.1","-1.3","","100.0","","","0.16","0.2","1.4","1.5","0.2","0.17","1.5"
"232","Roman Wilson","PIT","WR","13","2025","4","100.0","-2.0","-2","-16.7","1","0.1","25.0","0.25","1","100.0","4","0.3","16.0","1.00","4.00","4.00","6","6.00","2","2.00","0","0.0","0","0","0","0","1","33.3","0","","0","0.000","0","","1","100.0","1","100.0","0","0","0.0","0","83.3","25.0","-1.5","","100.0","","","0.35","0.1","1.4","1.5","0.1","0.37","1.5"
"233","Jack Stoll","NO","TE","15","2025","4","80.0","4.0","4","12.9","1","0.1","25.0","0.25","1","100.0","4","0.3","11.4","1.00","4.00","4.00","0","","","","0","0.0","0","0","0","0","0","0.0","0","","1","0.250","0","","1","100.0","0","","1","1","100.0","0","83.3","25.0","-2.1","","100.0","","","0.35","0.1","1.4","1.3","0.1","0.33","1.3"
"234","Dylan Sampson","CLV","RB","15","2025","3","100.0","-1.0","-2","-200.0","2","0.1","66.7","0.67","1","50.0","4","0.3","100.0","1.33","2.00","4.00","1","1.00","1","1.00","0","0.0","1","0","0","0","1","100.0","0","","0","0.000","0","","1","50.0","1","50.0","0","0","0.0","0","56.3","66.7","-4.2","","100.0","","","0.47","0.1","1.4","3.2","0.2","1.06","3.2"
"235","Davante Adams","LA","WR","14","2025","14","87.5","3.5","7","6.5","2","0.1","15.4","0.14","1","50.0","4","0.3","3.7","0.29","2.00","4.00","0","","","","0","0.0","0","0","0","0","2","16.7","0","","1","0.071","0","","1","50.0","0","","0","0","0.0","0","56.3","15.4","-3.7","","100.0","","","0.10","0.1","1.4","2.7","0.2","0.19","2.7"
"236","Malik Nabers","NYG","WR","4","2025","4","100.0","4.0","4","100.0","1","0.3","100.0","0.25","1","100.0","4","1.0","100.0","1.00","4.00","4.00","0","","","","0","0.0","0","0","0","0","1","100.0","0","","0","0.000","0","","1","100.0","0","","0","0","0.0","0","83.3","100.0","-2.0","","100.0","","","0.35","0.4","1.4","1.5","0.4","0.36","1.5"
"237","Terry McLaurin","WAS","WR","10","2025","10","90.9","7.5","15","25.4","2","0.2","22.2","0.20","1","50.0","4","0.4","8.3","0.40","2.00","4.00","0","","","","0","0.0","0","0","0","0","2","25.0","0","","1","0.100","0","","2","100.0","0","","2","1","50.0","0","56.3","22.2","-5.2","","100.0","","","0.14","0.1","1.4","3.0","0.3","0.30","3.0"
"238","Justice Hill","BLT","RB","10","2025","3","100.0","3.0","3","100.0","1","0.1","50.0","0.33","1","100.0","4","0.4","100.0","1.33","4.00","4.00","1","1.00","1","1.00","0","0.0","0","0","0","0","0","0.0","0","","0","0.000","0","","1","100.0","0","","1","1","100.0","0","83.3","100.0","-2.5","","100.0","","","0.47","0.1","1.4","1.4","0.1","0.47","1.4"
"239","Allen Lazard","NYJ","WR","10","2025","19","82.6","23.0","69","45.7","3","0.3","17.6","0.16","1","33.3","4","0.4","6.6","0.21","1.33","4.00","0","","","","1","50.0","1","1","1","2","1","9.1","0","","1","0.053","1","33.3","2","66.7","0","","1","0","0.0","0","81.9","20.0","-8.9","","100.0","","","0.39","0.7","7.4","7.1","0.7","0.37","7.1"
"240","Ashton Jeanty","LV","RB","17","2025","3","100.0","-4.0","-4","-80.0","1","0.1","50.0","0.33","1","100.0","4","0.2","30.8","1.33","4.00","4.00","8","8.00","4","4.00","0","0.0","0","0","0","0","1","50.0","0","","0","0.000","0","","1","100.0","1","100.0","0","0","0.0","0","83.3","50.0","-1.6","","100.0","","","0.47","0.1","1.4","1.8","0.1","0.59","1.8"
"241","Deven Thompkins","ATL","WR","7","2025","1","100.0","-5.0","-5","100.0","1","0.1","100.0","1.00","1","100.0","4","0.6","100.0","4.00","4.00","4.00","9","9.00","2","2.00","0","0.0","0","0","0","0","1","100.0","0","","0","0.000","0","","1","100.0","0","","0","0","0.0","0","83.3","100.0","-0.2","","100.0","","","1.40","0.2","1.4","1.9","0.3","1.94","1.9"
"242","Jahan Dotson","PHI","WR","17","2025","43","95.6","20.0","100","26.6","5","0.3","13.9","0.12","1","20.0","4","0.2","1.4","0.09","0.80","4.00","11","11.00","1","1.00","0","0.0","0","0","0","3","2","11.1","0","","0","0.000","0","","1","20.0","0","","0","0","0.0","0","39.6","15.2","-9.1","","100.0","","","0.03","0.1","1.4","9.7","0.6","0.23","9.7"
"243","Tom Kennedy","DET","WR","6","2025","8","100.0","4.0","4","8.5","1","0.2","16.7","0.13","1","100.0","4","0.7","5.7","0.50","4.00","4.00","0","","","","0","0.0","0","0","0","0","0","0.0","0","","0","0.000","0","","1","100.0","0","","1","1","100.0","0","83.3","16.7","-2.0","","100.0","","","0.18","0.2","1.4","1.4","0.2","0.18","1.4"
"244","Jalin Hyatt","NYG","WR","8","2025","9","90.0","9.5","19","59.4","2","0.3","25.0","0.22","1","50.0","4","0.5","10.0","0.44","2.00","4.00","0","","1","1.00","0","0.0","0","0","0","0","2","28.6","0","","0","0.000","0","","1","50.0","0","","0","0","0.0","0","16.7","25.0","-6.2","","100.0","","","0.16","0.2","1.4","2.5","0.3","0.28","2.5"
"245","Dante Pettis","NO","WR","8","2025","11","100.0","-4.0","-12","-10.5","3","0.4","30.0","0.27","3","100.0","3","0.4","3.9","0.27","1.00","1.00","15","5.00","1","0.33","0","0.0","0","0","0","0","2","22.2","0","","0","0.000","0","","3","100.0","2","66.7","0","0","0.0","0","79.2","30.0","-3.5","","100.0","","","0.30","0.4","3.3","4.2","0.5","0.38","4.2"
"246","Trent Sherfield","DEN, ARZ","WR","12","2025","11","100.0","2.0","2","2.8","1","0.1","10.0","0.09","1","100.0","3","0.3","7.9","0.27","3.00","3.00","1","1.00","-1","-1.00","0","0.0","0","0","0","0","0","0.0","0","","0","0.000","0","","1","100.0","0","","0","0","0.0","0","79.2","10.0","-2.3","","100.0","","","0.12","0.1","1.3","1.3","0.1","0.12","1.3"
"247","Marquez Valdes-Scantling","SF, PIT","WR","10","2025","21","100.0","3.0","3","2.3","1","0.1","6.3","0.05","1","100.0","3","0.3","1.9","0.14","3.00","3.00","0","","","","0","0.0","0","0","0","0","1","9.1","0","","0","0.000","0","","1","100.0","0","","0","0","0.0","0","79.2","6.7","-2.4","","100.0","","","0.06","0.1","1.3","1.4","0.1","0.06","1.4"
"248","Kendre Miller","NO","RB","7","2025","1","100.0","1.0","1","100.0","1","0.1","100.0","1.00","1","100.0","2","0.3","100.0","2.00","2.00","2.00","1","1.00","1","1.00","0","0.0","0","0","0","0","0","0.0","0","","0","0.000","0","","1","100.0","0","","0","0","0.0","0","79.2","100.0","-3.7","","100.0","","","1.20","0.2","1.2","1.5","0.2","1.49","1.5"
"249","Saquon Barkley","PHI","RB","16","2025","7","87.5","-5.0","-5","-8.9","1","0.1","14.3","0.14","1","100.0","2","0.1","5.6","0.29","2.00","2.00","7","7.00","2","2.00","0","0.0","0","0","0","0","0","0.0","0","","0","0.000","0","","1","100.0","0","","0","0","0.0","0","79.2","14.3","-3.9","","100.0","","","0.17","0.1","1.2","1.5","0.1","0.21","1.5"
"250","Bucky Irving","TB","RB","10","2025","5","100.0","1.0","1","1.5","1","0.1","20.0","0.20","1","100.0","1","0.1","2.6","0.20","1.00","1.00","0","","","","0","0.0","0","0","0","0","1","33.3","0","","0","0.000","0","","1","100.0","0","","0","0","0.0","0","79.2","25.0","-4.7","","100.0","","","0.22","0.1","1.1","1.3","0.1","0.26","1.3"
"251","LeQuint Allen","JAX","RB","17","2025","3","100.0","0.0","0","0.0","1","0.1","50.0","0.33","1","100.0","1","0.1","7.1","0.33","1.00","1.00","1","1.00","1","1.00","0","0.0","0","0","0","0","0","0.0","0","","0","0.000","0","","1","100.0","0","","0","0","0.0","0","79.2","50.0","-4.8","","100.0","","","0.37","0.1","1.1","1.3","0.1","0.45","1.3"
"252","Jaylin Lane","WAS","WR","15","2025","28","100.0","-4.0","-4","-2.5","1","0.1","4.5","0.04","1","100.0","-2","-0.1","-1.3","-0.07","-2.00","-2.00","2","2.00","","","0","0.0","0","0","0","0","1","8.3","0","","0","0.000","0","","1","100.0","1","100.0","0","0","0.0","0","79.2","5.3","-6.5","","100.0","","","0.03","0.1","0.8","1.5","0.1","0.05","1.5"
"253","Bhayshul Tuten","JAX","RB","15","2025","3","100.0","-6.0","-6","-19.4","1","0.1","33.3","0.33","1","100.0","-3","-0.2","100.0","-1.00","-3.00","-3.00","3","3.00","","","0","0.0","0","0","0","0","1","50.0","0","","0","0.000","0","","1","100.0","0","","0","0","0.0","0","79.2","33.3","-8.1","","100.0","","","0.23","0.0","0.7","1.2","0.1","0.39","1.2"
"254","Kenneth Walker","SEA","RB","17","2025","6","85.7","-1.5","-3","-21.4","2","0.1","28.6","0.33","1","50.0","-4","-0.2","-8.9","-0.67","-2.00","-4.00","2","2.00","","","0","0.0","0","0","0","0","2","33.3","0","","0","0.000","0","","1","50.0","1","50.0","0","0","0.0","0","56.3","33.3","-7.8","","100.0","","","0.10","0.0","0.6","2.6","0.2","0.43","2.6"
"255","Ke'Shawn Williams","CIN, PIT","WR","11","2025","2","100.0","0.0","0","0.0","0","0.0","0.0","","0","","0","0.0","0.0","","0.00","","0","","","","0","0.0","0","0","0","0","0","0.0","0","","0","0.000","0","","0","","0","","0","0","0.0","0","0.0","","","","100.0","","","0.00","","0.0","0.0","0.0","0.00","0.0"
"256","Jalen Royals","KC","WR","7","2025","2","100.0","0.0","0","0.0","0","0.0","0.0","","0","","0","0.0","0.0","","0.00","","0","","","","0","0.0","0","0","0","0","0","0.0","0","","0","0.000","0","","0","","0","","0","0","0.0","0","0.0","","","","100.0","","","0.00","","0.0","0.0","0.0","0.00","0.0"
"257","Emari Demercado","ARZ","RB","13","2025","2","100.0","-5.0","-5","55.6","1","0.1","50.0","0.50","0","","0","0.0","0.0","","0.00","","0","","","","0","0.0","0","0","0","0","1","50.0","0","","0","0.000","1","100.0","1","100.0","1","100.0","0","0","0.0","0","39.6","50.0","-5.9","","100.0","","","0.00","","0.0","1.4","0.1","0.71","1.4"
"258","Davis Allen","LA","TE","17","2025","8","88.9","0.0","0","0.0","0","0.0","0.0","","0","","0","0.0","0.0","","0.00","","0","","","","0","0.0","0","0","0","0","0","0.0","0","","0","0.000","0","","0","","0","","0","0","0.0","0","0.0","","","","100.0","","","0.00","","0.0","0.0","0.0","0.00","0.0"
"259","Brian Robinson","SF","RB","17","2025","2","100.0","0.0","0","0.0","0","0.0","0.0","","0","","0","0.0","0.0","","0.00","","0","","","","0","0.0","0","0","0","0","0","0.0","0","","0","0.000","0","","0","","0","","0","0","0.0","0","0.0","","","","100.0","","","0.00","","0.0","0.0","0.0","0.00","0.0"
"260","John FitzPatrick","GB","TE","15","2025","3","60.0","0.0","0","0.0","0","0.0","0.0","","0","","0","0.0","0.0","","0.00","","0","","","","0","0.0","0","0","0","0","0","0.0","0","","0","0.000","0","","0","","0","","0","0","0.0","0","0.0","","","","100.0","","","0.00","","0.0","0.0","0.0","0.00","0.0"
"261","Andre Baccellia","ARZ","WR","5","2025","6","100.0","0.0","0","0.0","0","0.0","0.0","","0","","0","0.0","0.0","","0.00","","0","","","","0","0.0","0","0","0","0","0","0.0","0","","0","0.000","0","","0","","0","","0","0","0.0","0","0.0","","","","100.0","","","0.00","","0.0","0.0","0.0","0.00","0.0"
"262","Josh Whyle","GB","TE","8","2025","2","66.7","0.0","0","0.0","0","0.0","0.0","","0","","0","0.0","0.0","","0.00","","0","","","","0","0.0","0","0","0","0","0","0.0","0","","0","0.000","0","","0","","0","","0","0","0.0","0","0.0","","","","100.0","","","0.00","","0.0","0.0","0.0","0.00","0.0"
"263","Kene Nwangwu","NYJ","RB","10","2025","2","100.0","-6.0","-6","-600.0","1","0.1","50.0","0.50","0","","0","0.0","0.0","","0.00","","0","","","","0","0.0","0","0","0","0","1","50.0","0","","0","0.000","0","","0","","1","100.0","0","0","0.0","0","39.6","50.0","-5.1","","100.0","","","0.00","","0.0","1.4","0.1","0.68","1.4"
"264","Mecole Hardman","BUF","WR","2","2025","1","100.0","0.0","0","0.0","0","0.0","0.0","","0","","0","0.0","0.0","","0.00","","0","","","","0","0.0","0","0","0","0","0","0.0","0","","0","0.000","0","","0","","0","","0","0","0.0","0","0.0","","","","100.0","","","0.00","","0.0","0.0","0.0","0.00","0.0"
"265","Tory Horton","SEA","WR","8","2025","6","85.7","38.0","38","54.3","1","0.1","14.3","0.17","0","","0","0.0","0.0","","0.00","","0","","","","0","0.0","0","0","0","1","1","25.0","0","","0","0.000","0","","0","","0","","0","0","0.0","0","39.6","16.7","-11.7","","100.0","","","0.00","","0.0","4.0","0.5","0.66","4.0"
"266","Tahj Washington","MIA","WR","6","2025","3","100.0","0.0","0","0.0","0","0.0","0.0","","0","","0","0.0","0.0","","0.00","","0","","","","0","0.0","0","0","0","0","0","0.0","0","","0","0.000","0","","0","","0","","0","0","0.0","0","0.0","","","","100.0","","","0.00","","0.0","0.0","0.0","0.00","0.0"
"267","LaJohntay Wester","BLT","WR","16","2025","5","100.0","0.0","0","0.0","0","0.0","0.0","","0","","0","0.0","0.0","","0.00","","0","","","","0","0.0","0","0","0","0","0","0.0","0","","0","0.000","0","","0","","0","","0","0","0.0","0","0.0","","","","100.0","","","0.00","","0.0","0.0","0.0","0.00","0.0"
"268","Stephen Carlson","CHI","TE","2","2025","2","100.0","0.0","0","0.0","0","0.0","0.0","","0","","0","0.0","0.0","","0.00","","0","","","","0","0.0","0","0","0","0","0","0.0","0","","0","0.000","0","","0","","0","","0","0","0.0","0","0.0","","","","100.0","","","0.00","","0.0","0.0","0.0","0.00","0.0"
"269","Foster Moreau","NO","TE","11","2025","6","85.7","0.0","0","0.0","0","0.0","0.0","","0","","0","0.0","0.0","","0.00","","0","","","","0","0.0","0","0","0","0","0","0.0","0","","0","0.000","0","","0","","0","","0","0","0.0","0","0.0","","","","100.0","","","0.00","","0.0","0.0","0.0","0.00","0.0"
"270","Jayden Higgins","HST","WR","17","2025","15","93.8","0.0","0","0.0","0","0.0","0.0","","0","","0","0.0","0.0","","0.00","","0","","","","0","0.0","0","0","0","0","0","0.0","0","","0","0.000","0","","0","","0","","0","0","0.0","0","0.0","","","","100.0","","","0.00","","0.0","0.0","0.0","0.00","0.0"
"271","Jonathan Mingo","DAL","WR","6","2025","1","100.0","0.0","0","0.0","0","0.0","0.0","","0","","0","0.0","0.0","","0.00","","0","","","","0","0.0","0","0","0","0","0","0.0","0","","0","0.000","0","","0","","0","","0","0","0.0","0","0.0","","","","100.0","","","0.00","","0.0","0.0","0.0","0.00","0.0"
"272","Bryce Oliver","TEN","WR","3","2025","2","40.0","0.0","0","0.0","0","0.0","0.0","","0","","0","0.0","0.0","","0.00","","0","","","","0","0.0","0","0","0","0","0","0.0","0","","0","0.000","0","","0","","0","","0","0","0.0","0","0.0","","","","100.0","","","0.00","","0.0","0.0","0.0","0.00","0.0"
"273","Will Shipley","PHI","RB","15","2025","2","100.0","0.0","0","0.0","0","0.0","0.0","","0","","0","0.0","0.0","","0.00","","0","","","","0","0.0","0","0","0","0","0","0.0","0","","0","0.000","0","","0","","0","","0","0","0.0","0","0.0","","","","100.0","","","0.00","","0.0","0.0","0.0","0.00","0.0"
"274","James Mitchell","CAR","TE","5","2025","2","100.0","0.0","0","0.0","0","0.0","0.0","","0","","0","0.0","0.0","","0.00","","0","","","","0","0.0","0","0","0","0","0","0.0","0","","0","0.000","0","","0","","0","","0","0","0.0","0","0.0","","","","100.0","","","0.00","","0.0","0.0","0.0","0.00","0.0"
"275","Dare Ogunbowale","HST","RB","17","2025","1","100.0","0.0","0","0.0","0","0.0","0.0","","0","","0","0.0","0.0","","0.00","","0","","","","0","0.0","0","0","0","0","0","0.0","0","","0","0.000","0","","0","","0","","0","0","0.0","0","0.0","","","","100.0","","","0.00","","0.0","0.0","0.0","0.00","0.0"
"276","Charlie Woerner","ATL","TE","17","2025","3","37.5","0.0","0","0.0","0","0.0","0.0","","0","","0","0.0","0.0","","0.00","","0","","","","0","0.0","0","0","0","0","0","0.0","0","","0","0.000","0","","0","","0","","0","0","0.0","0","0.0","","","","100.0","","","0.00","","0.0","0.0","0.0","0.00","0.0"
"277","Ben Sinnott","WAS","TE","16","2025","6","100.0","0.0","0","0.0","0","0.0","0.0","","0","","0","0.0","0.0","","0.00","","0","","","","0","0.0","0","0","0","0","0","0.0","0","","0","0.000","0","","0","","0","","0","0","0.0","0","0.0","","","","100.0","","","0.00","","0.0","0.0","0.0","0.00","0.0"
"278","James Cook","BUF","RB","17","2025","1","100.0","0.0","0","0.0","0","0.0","0.0","","0","","0","0.0","0.0","","0.00","","0","","","","0","0.0","0","0","0","0","0","0.0","0","","0","0.000","0","","0","","0","","0","0","0.0","0","0.0","","","","100.0","","","0.00","","0.0","0.0","0.0","0.00","0.0"
"279","Tay Martin","WAS","WR","3","2025","1","100.0","0.0","0","0.0","0","0.0","0.0","","0","","0","0.0","0.0","","0.00","","0","","","","0","0.0","0","0","0","0","0","0.0","0","","0","0.000","0","","0","","0","","0","0","0.0","0","0.0","","","","100.0","","","0.00","","0.0","0.0","0.0","0.00","0.0"
"280","Alvin Kamara","NO","RB","11","2025","4","100.0","0.0","0","0.0","0","0.0","0.0","","0","","0","0.0","0.0","","0.00","","0","","","","0","0.0","0","0","0","0","0","0.0","0","","0","0.000","0","","0","","0","","0","0","0.0","0","0.0","","","","100.0","","","0.00","","0.0","0.0","0.0","0.00","0.0"
"281","Tim Jones","JAX, MIN","WR","4","2025","1","100.0","0.0","0","0.0","0","0.0","0.0","","0","","0","0.0","0.0","","0.00","","0","","","","0","0.0","0","0","0","0","0","0.0","0","","0","0.000","0","","0","","0","","0","0","0.0","0","0.0","","","","100.0","","","0.00","","0.0","0.0","0.0","0.00","0.0"
"282","Kyren Williams","LA","RB","17","2025","3","75.0","0.0","0","0.0","0","0.0","0.0","","0","","0","0.0","0.0","","0.00","","0","","","","0","0.0","0","0","0","0","0","0.0","0","","0","0.000","0","","0","","0","","0","0","0.0","0","0.0","","","","100.0","","","0.00","","0.0","0.0","0.0","0.00","0.0"
"283","Dont'e Thornton","LV","WR","15","2025","12","85.7","0.0","0","0.0","0","0.0","0.0","","0","","0","0.0","0.0","","0.00","","0","","","","0","0.0","0","0","0","0","0","0.0","0","","0","0.000","0","","0","","0","","0","0","0.0","0","0.0","","","","100.0","","","0.00","","0.0","1.7","0.1","0.14","1.7"
"284","Julian Hill","MIA","TE","14","2025","4","40.0","17.5","35","35.0","2","0.1","20.0","0.50","0","","0","0.0","0.0","","0.00","","0","","","","0","0.0","1","1","0","1","1","14.3","0","","0","0.000","0","","0","","0","","0","0","0.0","0","0.0","20.0","-10.2","","100.0","","","0.00","","0.0","4.9","0.4","1.24","4.9"
"285","Tank Bigsby","JAX, PHI","RB","16","2025","1","100.0","0.0","0","0.0","0","0.0","0.0","","0","","0","0.0","0.0","","0.00","","0","","","","0","0.0","0","0","0","0","0","0.0","0","","0","0.000","0","","0","","0","","0","0","0.0","0","0.0","","","","100.0","","","0.00","","0.0","0.0","0.0","0.00","0.0"
"286","Isiah Pacheco","KC","RB","13","2025","1","100.0","0.0","0","0.0","0","0.0","0.0","","0","","0","0.0","0.0","","0.00","","0","","","","0","0.0","0","0","0","0","0","0.0","0","","0","0.000","0","","0","","0","","0","0","0.0","0","0.0","","","","100.0","","","0.00","","0.0","0.0","0.0","0.00","0.0"
"287","D'Andre Swift","CHI","RB","16","2025","3","75.0","0.0","0","0.0","0","0.0","0.0","","0","","0","0.0","0.0","","0.00","","0","","","","0","0.0","0","0","0","0","0","0.0","0","","0","0.000","0","","0","","0","","0","0","0.0","0","0.0","","","","100.0","","","0.00","","0.0","0.0","0.0","0.00","0.0"
"288","Josh Palmer","BUF","WR","12","2025","9","75.0","7.5","15","18.5","2","0.2","20.0","0.22","0","","0","0.0","0.0","","0.00","","0","","","","0","0.0","0","0","0","0","1","14.3","0","","0","0.000","0","","1","50.0","0","","1","0","0.0","0","39.6","20.0","-7.2","","100.0","","","0.00","","0.0","2.8","0.2","0.32","2.8"
"289","Tucker Fisk","LAC","TE","10","2025","2","100.0","0.0","0","0.0","0","0.0","0.0","","0","","0","0.0","0.0","","0.00","","0","","","","0","0.0","0","0","0","0","0","0.0","0","","0","0.000","0","","0","","0","","0","0","0.0","0","0.0","","","","100.0","","","0.00","","0.0","0.0","0.0","0.00","0.0"
"290","Luke Schoonmaker","DAL","TE","17","2025","11","91.7","15.0","30","15.9","2","0.1","16.7","0.18","0","","0","0.0","0.0","","0.00","","0","","","","0","0.0","0","0","0","1","0","0.0","0","","0","0.000","0","","2","100.0","0","","1","0","0.0","0","39.6","16.7","-10.1","","100.0","","","0.00","","0.0","3.4","0.2","0.31","3.4"
"291","David Moore","CAR","WR","4","2025","8","100.0","0.0","0","0.0","0","0.0","0.0","","0","","0","0.0","0.0","","0.00","","0","","","","0","0.0","0","0","0","0","0","0.0","0","","0","0.000","0","","0","","0","","0","0","0.0","0","0.0","","","","100.0","","","0.00","","0.0","0.0","0.0","0.00","0.0"
"292","Devin Duvernay","CHI","WR","17","2025","1","100.0","0.0","0","0.0","0","0.0","0.0","","0","","0","0.0","0.0","","0.00","","0","","","","0","0.0","0","0","0","0","0","0.0","0","","0","0.000","0","","0","","0","","0","0","0.0","0","0.0","","","","100.0","","","0.00","","0.0","0.0","0.0","0.00","0.0"
"293","Durham Smythe","CHI","TE","17","2025","4","80.0","0.0","0","0.0","0","0.0","0.0","","0","","0","0.0","0.0","","0.00","","0","","","","0","0.0","0","0","0","0","0","0.0","0","","0","0.000","0","","0","","0","","0","0","0.0","0","0.0","","","","100.0","","","0.00","","0.0","0.0","0.0","0.00","0.0"
"294","Tip Reiman","ARZ","TE","4","2025","1","100.0","0.0","0","0.0","0","0.0","0.0","","0","","0","0.0","0.0","","0.00","","0","","","","0","0.0","0","0","0","0","0","0.0","0","","0","0.000","0","","0","","0","","0","0","0.0","0","0.0","","","","100.0","","","0.00","","0.0","0.0","0.0","0.00","0.0"
"295","Woody Marks","HST","RB","16","2025","1","100.0","0.0","0","0.0","0","0.0","0.0","","0","","0","0.0","0.0","","0.00","","0","","","","0","0.0","0","0","0","0","0","0.0","0","","0","0.000","0","","0","","0","","0","0","0.0","0","0.0","","","","100.0","","","0.00","","0.0","0.0","0.0","0.00","0.0"
"296","Calvin Ridley","TEN","WR","7","2025","14","87.5","0.0","0","0.0","0","0.0","0.0","","0","","0","0.0","0.0","","0.00","","0","","","","0","0.0","0","0","0","0","0","0.0","0","","0","0.000","0","","0","","0","","0","0","0.0","0","0.0","","","","100.0","","","0.00","","0.0","0.0","0.0","0.00","0.0"
"297","Tylan Wallace","BLT","WR","14","2025","6","85.7","0.0","0","0.0","0","0.0","0.0","","0","","0","0.0","0.0","","0.00","","0","","","","0","0.0","0","0","0","0","0","0.0","0","","0","0.000","0","","0","","0","","0","0","0.0","0","0.0","","","","100.0","","","0.00","","0.0","0.0","0.0","0.00","0.0"
"298","Eric Saubert","SEA","TE","11","2025","2","33.3","0.0","0","0.0","0","0.0","0.0","","0","","0","0.0","0.0","","0.00","","0","","","","0","0.0","0","0","0","0","0","0.0","0","","0","0.000","0","","0","","0","","0","0","0.0","0","0.0","","","","100.0","","","0.00","","0.0","0.0","0.0","0.00","0.0"
"299","Jaylen Warren","PIT","RB","16","2025","1","100.0","0.0","0","0.0","0","0.0","0.0","","0","","0","0.0","0.0","","0.00","","0","","","","0","0.0","0","0","0","0","0","0.0","0","","0","0.000","0","","0","","0","","0","0","0.0","0","0.0","","","","100.0","","","0.00","","0.0","0.0","0.0","0.00","0.0"
"300","Alex Bachman","LV","WR","13","2025","2","100.0","0.0","0","0.0","0","0.0","0.0","","0","","0","0.0","0.0","","0.00","","0","","","","0","0.0","0","0","0","0","0","0.0","0","","0","0.000","0","","0","","0","","0","0","0.0","0","0.0","","","","100.0","","","0.00","","0.0","0.0","0.0","0.00","0.0"
"301","Tyreek Hill","MIA","WR","4","2025","9","90.0","23.0","92","74.2","4","1.0","44.4","0.44","0","","0","0.0","0.0","","0.00","","0","","","","0","0.0","0","0","0","1","3","50.0","0","","0","0.000","1","25.0","2","50.0","0","","2","0","0.0","0","0.0","44.4","-11.5","","100.0","","","0.00","","0.0","8.6","2.1","0.95","8.6"
"302","Terrance Ferguson","LA","TE","13","2025","15","88.2","27.0","27","20.3","1","0.1","6.7","0.07","0","","0","0.0","0.0","","0.00","","0","","","","0","0.0","0","0","0","1","1","12.5","0","","0","0.000","0","","1","100.0","0","","1","0","0.0","0","39.6","6.7","-13.6","","100.0","","","0.00","","0.0","1.8","0.1","0.12","1.8"
"303","Chris Moore","WAS","WR","14","2025","14","87.5","0.0","0","0.0","0","0.0","0.0","","0","","0","0.0","0.0","","0.00","","0","","","","0","0.0","0","0","0","0","0","0.0","0","","0","0.000","0","","0","","0","","0","0","0.0","0","0.0","","","","100.0","","","0.00","","0.0","1.1","0.1","0.08","1.1"
"304","Mason Kinsey","TEN","WR","10","2025","5","100.0","27.0","27","31.0","1","0.1","25.0","0.20","0","","0","0.0","0.0","","0.00","","0","","","","0","0.0","0","0","0","1","0","0.0","0","","0","0.000","0","","0","","0","","0","0","0.0","0","39.6","25.0","-11.9","","100.0","","","0.00","","0.0","1.9","0.2","0.38","1.9"
"305","Bam Knight","ARZ","RB","12","2025","3","100.0","0.0","0","0.0","0","0.0","0.0","","0","","0","0.0","0.0","","0.00","","0","","","","0","0.0","0","0","0","0","0","0.0","0","","0","0.000","0","","0","","0","","0","0","0.0","0","0.0","","","","100.0","","","0.00","","0.0","0.0","0.0","0.00","0.0"
"306","Dalevon Campbell","CAR","WR","2","2025","1","100.0","0.0","0","0.0","0","0.0","0.0","","0","","0","0.0","0.0","","0.00","","0","","","","0","0.0","0","0","0","0","0","0.0","0","","0","0.000","0","","0","","0","","0","0","0.0","0","0.0","","","","100.0","","","0.00","","0.0","0.0","0.0","0.00","0.0"
"307","David Martin-Robinson","TEN","TE","15","2025","1","50.0","0.0","0","0.0","0","0.0","0.0","","0","","0","0.0","0.0","","0.00","","0","","","","0","0.0","0","0","0","0","0","0.0","0","","0","0.000","0","","0","","0","","0","0","0.0","0","0.0","","","","100.0","","","0.00","","0.0","0.0","0.0","0.00","0.0"
"308","Rashod Bateman","BLT","WR","13","2025","6","100.0","0.0","0","0.0","0","0.0","0.0","","0","","0","0.0","0.0","","0.00","","0","","","","0","0.0","0","0","0","0","0","0.0","0","","0","0.000","0","","0","","0","","0","0","0.0","0","0.0","","","","100.0","","","0.00","","0.0","0.0","0.0","0.00","0.0"
"309","Darius Cooper","PHI","WR","13","2025","9","90.0","0.0","0","0.0","0","0.0","0.0","","0","","0","0.0","0.0","","0.00","","0","","","","0","0.0","0","0","0","0","0","0.0","0","","0","0.000","0","","0","","0","","0","0","0.0","0","0.0","","","","100.0","","","0.00","","0.0","0.0","0.0","0.00","0.0"
"310","Johnny Mundt","JAX","TE","16","2025","10","76.9","0.0","0","0.0","0","0.0","0.0","","0","","0","0.0","0.0","","0.00","","0","","","","0","0.0","0","0","0","0","0","0.0","0","","0","0.000","0","","0","","0","","0","0","0.0","0","0.0","","","","100.0","","","0.00","","0.0","0.0","0.0","0.00","0.0"
"311","Lucas Krull","DEN","TE","3","2025","3","60.0","4.0","4","23.5","1","0.3","20.0","0.33","0","","0","0.0","0.0","","0.00","","0","","","","0","0.0","0","0","0","0","0","0.0","0","","0","0.000","0","","0","","0","","0","0","0.0","0","39.6","20.0","-6.1","","100.0","","","0.00","","0.0","1.5","0.5","0.49","1.5"
"312","George Holani","SEA","RB","10","2025","1","100.0","0.0","0","0.0","0","0.0","0.0","","0","","0","0.0","0.0","","0.00","","0","","","","0","0.0","0","0","0","0","0","0.0","0","","0","0.000","0","","0","","0","","0","0","0.0","0","0.0","","","","100.0","","","0.00","","0.0","0.0","0.0","0.00","0.0"
"313","Trevor Etienne","CAR","RB","17","2025","4","100.0","0.0","0","0.0","0","0.0","0.0","","0","","0","0.0","0.0","","0.00","","0","","","","0","0.0","0","0","0","0","0","0.0","0","","0","0.000","0","","0","","0","","0","0","0.0","0","0.0","","","","100.0","","","0.00","","0.0","0.0","0.0","0.00","0.0"
"314","Jaylen Wright","MIA","RB","10","2025","4","100.0","0.0","0","0.0","0","0.0","0.0","","0","","0","0.0","0.0","","0.00","","0","","","","0","0.0","0","0","0","0","0","0.0","0","","0","0.000","0","","0","","0","","0","0","0.0","0","0.0","","","","100.0","","","0.00","","0.0","0.0","0.0","0.00","0.0"
"315","Noah Fant","CIN","TE","15","2025","7","87.5","0.0","0","0.0","0","0.0","0.0","","0","","0","0.0","0.0","","0.00","","0","","","","0","0.0","0","0","0","0","0","0.0","0","","0","0.000","0","","0","","0","","0","0","0.0","0","0.0","","","","100.0","","","0.00","","0.0","0.0","0.0","0.00","0.0"
"316","Chase Brown","CIN","RB","17","2025","10","100.0","0.0","0","0.0","0","0.0","0.0","","0","","0","0.0","0.0","","0.00","","0","","","","0","0.0","0","0","0","0","0","0.0","0","","0","0.000","0","","0","","0","","0","0","0.0","0","0.0","","","","100.0","","","0.00","","0.0","0.0","0.0","0.00","0.0"
"317","Mitchell Tinsley","CIN","WR","17","2025","5","55.6","0.0","0","0.0","0","0.0","0.0","","0","","0","0.0","0.0","","0.00","","0","","","","0","0.0","0","0","0","0","0","0.0","0","","0","0.000","0","","0","","0","","0","0","0.0","0","0.0","","","","100.0","","","0.00","","0.0","0.0","0.0","0.00","0.0"
"318","Sean Tucker","TB","RB","17","2025","2","100.0","0.0","0","0.0","0","0.0","0.0","","0","","0","0.0","0.0","","0.00","","0","","","","0","0.0","0","0","0","0","0","0.0","0","","0","0.000","0","","0","","0","","0","0","0.0","0","0.0","","","","100.0","","","0.00","","0.0","0.0","0.0","0.00","0.0"
"319","Albert Okwuegbunam","LV","TE","1","2025","3","100.0","19.0","19","43.2","1","1.0","33.3","0.33","0","","0","0.0","0.0","","0.00","","0","","","","0","0.0","1","1","0","0","1","50.0","0","","0","0.000","0","","0","","0","","0","0","0.0","0","39.6","33.3","-10.6","","100.0","","","0.00","","0.0","2.5","2.5","0.83","2.5"
"320","Breece Hall","NYJ","RB","16","2025","3","100.0","0.0","0","0.0","0","0.0","0.0","","0","","0","0.0","0.0","","0.00","","0","","","","0","0.0","0","0","0","0","0","0.0","0","","0","0.000","0","","0","","0","","0","0","0.0","0","0.0","","","","100.0","","","0.00","","0.0","0.0","0.0","0.00","0.0"
"321","Isaiah Hodgins","NYG","WR","7","2025","22","91.7","0.0","0","0.0","0","0.0","0.0","","0","","0","0.0","0.0","","0.00","","0","","","","0","0.0","0","0","0","0","0","0.0","0","","0","0.000","0","","0","","0","","0","0","0.0","0","0.0","","","","100.0","","","0.00","","0.0","0.0","0.0","0.00","0.0"
"322","Kaleb Johnson","PIT","RB","10","2025","1","100.0","0.0","0","0.0","0","0.0","0.0","","0","","0","0.0","0.0","","0.00","","0","","","","0","0.0","0","0","0","0","0","0.0","0","","0","0.000","0","","0","","0","","0","0","0.0","0","0.0","","","","100.0","","","0.00","","0.0","0.0","0.0","0.00","0.0"
"323","Cam Skattebo","NYG","RB","8","2025","1","100.0","0.0","0","0.0","0","0.0","0.0","","0","","0","0.0","0.0","","0.00","","0","","","","0","0.0","0","0","0","0","0","0.0","0","","0","0.000","0","","0","","0","","0","0","0.0","0","0.0","","","","100.0","","","0.00","","0.0","0.0","0.0","0.00","0.0"
"324","John Bates","WAS","TE","15","2025","4","66.7","0.0","0","0.0","0","0.0","0.0","","0","","0","0.0","0.0","","0.00","","0","","","","0","0.0","0","0","0","0","0","0.0","0","","0","0.000","0","","0","","0","","0","0","0.0","0","0.0","","","","100.0","","","0.00","","0.0","0.0","0.0","0.00","0.0"
"325","Payne Durham","TB","TE","17","2025","2","18.2","0.0","0","0.0","0","0.0","0.0","","0","","0","0.0","0.0","","0.00","","0","","","","0","0.0","0","0","0","0","0","0.0","0","","0","0.000","0","","0","","0","","0","0","0.0","0","0.0","","","","100.0","","","0.00","","0.0","0.0","0.0","0.00","0.0"
"326","Josiah Deguara","ARZ","TE","12","2025","3","75.0","0.0","0","0.0","0","0.0","0.0","","0","","0","0.0","0.0","","0.00","","0","","","","0","0.0","0","0","0","0","0","0.0","0","","0","0.000","0","","0","","0","","0","0","0.0","0","0.0","","","","100.0","","","0.00","","0.0","0.0","0.0","0.00","0.0"
"327","Scott Miller","PIT","WR","13","2025","4","100.0","0.0","0","0.0","0","0.0","0.0","","0","","0","0.0","0.0","","0.00","","0","","","","0","0.0","0","0","0","0","0","0.0","0","","0","0.000","0","","0","","0","","0","0","0.0","0","0.0","","","","100.0","","","0.00","","0.0","0.0","0.0","0.00","0.0"
"328","Chris Brooks","GB","RB","17","2025","1","100.0","0.0","0","0.0","0","0.0","0.0","","0","","0","0.0","0.0","","0.00","","0","","","","0","0.0","0","0","0","0","0","0.0","0","","0","0.000","0","","0","","0","","0","0","0.0","0","0.0","","","","100.0","","","0.00","","0.0","0.0","0.0","0.00","0.0"
"329","Trey Benson","ARZ","RB","4","2025","1","100.0","0.0","0","0.0","0","0.0","0.0","","0","","0","0.0","0.0","","0.00","","0","","","","0","0.0","0","0","0","0","0","0.0","0","","0","0.000","0","","0","","0","","0","0","0.0","0","0.0","","","","100.0","","","0.00","","0.0","0.0","0.0","0.00","0.0"
"330","Tyler Johnson","NYJ","WR","12","2025","22","91.7","21.0","21","19.4","1","0.1","5.3","0.05","0","","0","0.0","0.0","","0.00","","0","","","","0","0.0","0","0","0","1","1","11.1","0","","0","0.000","1","100.0","1","100.0","0","","0","0","0.0","0","39.6","7.1","-11.2","","100.0","","","0.00","","0.0","3.4","0.3","0.15","3.4"
"331","Quintin Morris","JAX","TE","13","2025","1","33.3","0.0","0","0.0","0","0.0","0.0","","0","","0","0.0","0.0","","0.00","","0","","","","0","0.0","0","0","0","0","0","0.0","0","","0","0.000","0","","0","","0","","0","0","0.0","0","0.0","","","","100.0","","","0.00","","0.0","0.0","0.0","0.00","0.0"
"332","Emanuel Wilson","GB","RB","17","2025","1","100.0","0.0","0","0.0","0","0.0","0.0","","0","","0","0.0","0.0","","0.00","","0","","","","0","0.0","0","0","0","0","0","0.0","0","","0","0.000","0","","0","","0","","0","0","0.0","0","0.0","","","","100.0","","","0.00","","0.0","0.0","0.0","0.00","0.0"
"333","Sal Cannella","CLV","TE","2","2025","1","100.0","0.0","0","0.0","0","0.0","0.0","","0","","0","0.0","0.0","","0.00","","0","","","","0","0.0","0","0","0","0","0","0.0","0","","0","0.000","0","","0","","0","","0","0","0.0","0","0.0","","","","100.0","","","0.00","","0.0","0.0","0.0","0.00","0.0"
"334","Theo Wease","MIA","WR","3","2025","1","100.0","0.0","0","0.0","0","0.0","0.0","","0","","0","0.0","0.0","","0.00","","0","","","","0","0.0","0","0","0","0","0","0.0","0","","0","0.000","0","","0","","0","","0","0","0.0","0","0.0","","","","100.0","","","0.00","","0.0","0.0","0.0","0.00","0.0"
"335","Curtis Samuel","BUF","WR","6","2025","7","63.6","0.0","0","0.0","0","0.0","0.0","","0","","0","0.0","0.0","","0.00","","0","","","","0","0.0","0","0","0","0","0","0.0","0","","0","0.000","0","","0","","0","","0","0","0.0","0","0.0","","","","100.0","","","0.00","","0.0","0.0","0.0","0.00","0.0"
"336","Cedrick Wilson","MIA","WR","10","2025","2","28.6","0.0","0","0.0","0","0.0","0.0","","0","","0","0.0","0.0","","0.00","","0","","","","0","0.0","0","0","0","0","0","0.0","0","","0","0.000","0","","0","","0","","0","0","0.0","0","0.0","","","","100.0","","","0.00","","0.0","0.0","0.0","0.00","0.0"
"337","Elijah Arroyo","SEA","TE","13","2025","4","57.1","0.0","0","0.0","0","0.0","0.0","","0","","0","0.0","0.0","","0.00","","0","","","","0","0.0","0","0","0","0","0","0.0","0","","0","0.000","0","","0","","0","","0","0","0.0","0","0.0","","","","100.0","","","0.00","","0.0","0.0","0.0","0.00","0.0"
"338","Colson Yankoff","WAS","TE","14","2025","4","40.0","0.0","0","0.0","0","0.0","0.0","","0","","0","0.0","0.0","","0.00","","0","","","","0","0.0","0","0","0","0","0","0.0","0","","0","0.000","0","","0","","0","","0","0","0.0","0","0.0","","","","100.0","","","0.00","","0.0","0.0","0.0","0.00","0.0"
"339","Robert Tonyan","KC","TE","16","2025","3","75.0","0.0","0","0.0","0","0.0","0.0","","0","","0","0.0","0.0","","0.00","","0","","","","0","0.0","0","0","0","0","0","0.0","0","","0","0.000","0","","0","","0","","0","0","0.0","0","0.0","","","","100.0","","","0.00","","0.0","0.0","0.0","0.00","0.0"
"340","Devin Singletary","NYG","RB","17","2025","2","100.0","0.0","0","0.0","0","0.0","0.0","","0","","0","0.0","0.0","","0.00","","0","","","","0","0.0","0","0","0","0","0","0.0","0","","0","0.000","0","","0","","0","","0","0","0.0","0","0.0","","","","100.0","","","0.00","","0.0","0.0","0.0","0.00","0.0"
"341","Laquon Treadwell","IND","WR","9","2025","3","75.0","0.0","0","0.0","0","0.0","0.0","","0","","0","0.0","0.0","","0.00","","0","","","","0","0.0","0","0","0","0","0","0.0","0","","0","0.000","0","","0","","0","","0","0","0.0","0","0.0","","","","100.0","","","0.00","","0.0","0.0","0.0","0.00","0.0"
"342","Connor Heyward","PIT","TE","16","2025","1","33.3","0.0","0","0.0","0","0.0","0.0","","0","","0","0.0","0.0","","0.00","","0","","","","0","0.0","0","0","0","0","0","0.0","0","","0","0.000","0","","0","","0","","0","0","0.0","0","0.0","","","","100.0","","","0.00","","0.0","0.0","0.0","0.00","0.0"
"343","Rasheen Ali","BLT","RB","15","2025","1","100.0","0.0","0","0.0","0","0.0","0.0","","0","","0","0.0","0.0","","0.00","","0","","","","0","0.0","0","0","0","0","0","0.0","0","","0","0.000","0","","0","","0","","0","0","0.0","0","0.0","","","","100.0","","","0.00","","0.0","0.0","0.0","0.00","0.0"
"344","Tanner Hudson","CIN","TE","13","2025","10","90.9","9.0","9","13.8","1","0.1","10.0","0.10","0","","0","0.0","0.0","","0.00","","0","","","","0","0.0","0","0","0","0","0","0.0","0","","0","0.000","0","","1","100.0","0","","1","0","0.0","0","39.6","12.5","-7.3","","100.0","","","0.00","","0.0","1.4","0.1","0.14","1.4"
"345","Ross Dwelley","DET","TE","10","2025","4","66.7","0.0","0","0.0","0","0.0","0.0","","0","","0","0.0","0.0","","0.00","","0","","","","0","0.0","0","0","0","0","0","0.0","0","","0","0.000","0","","0","","0","","0","0","0.0","0","0.0","","","","100.0","","","0.00","","0.0","0.0","0.0","0.00","0.0"
"346","Zaire Mitchell-Paden","NO, BLT","TE","8","2025","1","100.0","0.0","0","0.0","0","0.0","0.0","","0","","0","0.0","0.0","","0.00","","0","","","","0","0.0","0","0","0","0","0","0.0","0","","0","0.000","0","","0","","0","","0","0","0.0","0","0.0","","","","100.0","","","0.00","","0.0","0.0","0.0","0.00","0.0"
"347","KeAndre Lambert-Smith","LAC","WR","10","2025","3","100.0","0.0","0","0.0","0","0.0","0.0","","0","","0","0.0","0.0","","0.00","","0","","","","0","0.0","0","0","0","0","0","0.0","0","","0","0.000","0","","0","","0","","0","0","0.0","0","0.0","","","","100.0","","","0.00","","0.0","0.0","0.0","0.00","0.0"
"348","TreVeyon Henderson","NE","RB","17","2025","3","100.0","0.0","0","0.0","0","0.0","0.0","","0","","0","0.0","0.0","","0.00","","0","","","","0","0.0","0","0","0","0","0","0.0","0","","0","0.000","0","","0","","0","","0","0","0.0","0","0.0","","","","100.0","","","0.00","","0.0","0.0","0.0","0.00","0.0"
"349","Brayden Willis","SF","TE","6","2025","1","100.0","2.0","2","100.0","1","0.2","100.0","1.00","0","","0","0.0","0.0","","0.00","","0","","","","0","0.0","0","0","0","0","1","100.0","0","","0","0.000","0","","0","","0","","0","0","0.0","0","39.6","100.0","-6.4","","100.0","","","0.00","","0.0","1.5","0.3","1.50","1.5"
"350","Devin Neal","NO","RB","9","2025","3","100.0","0.0","0","0.0","0","0.0","0.0","","0","","0","0.0","0.0","","0.00","","0","","","","0","0.0","0","0","0","0","0","0.0","0","","0","0.000","0","","0","","0","","0","0","0.0","0","0.0","","","","100.0","","","0.00","","0.0","0.0","0.0","0.00","0.0"
"351","Bo Melton","GB","WR","9","2025","9","100.0","11.0","33","50.0","3","0.3","37.5","0.33","0","","0","0.0","0.0","","0.00","","0","","","","0","0.0","0","0","0","0","1","33.3","0","","0","0.000","1","33.3","1","33.3","0","","0","0","0.0","0","0.0","42.9","-8.8","","100.0","","","0.00","","0.0","4.7","0.5","0.53","4.7"
"352","Jalen Brooks","DAL, ARZ","WR","6","2025","3","100.0","0.0","0","0.0","0","0.0","0.0","","0","","0","0.0","0.0","","0.00","","0","","","","0","0.0","0","0","0","0","0","0.0","0","","0","0.000","0","","0","","0","","0","0","0.0","0","0.0","","","","100.0","","","0.00","","0.0","0.0","0.0","0.00","0.0"
"353","Konata Mumpfield","LA","WR","17","2025","11","100.0","6.0","6","5.6","1","0.1","9.1","0.09","0","","0","0.0","0.0","","0.00","","0","","","","0","0.0","0","0","0","0","0","0.0","0","","0","0.000","0","","0","","0","","0","0","0.0","0","39.6","9.1","-6.9","","100.0","","","0.00","","0.0","1.3","0.1","0.12","1.3"
"354","Malik Davis","DAL","RB","10","2025","1","100.0","0.0","0","0.0","0","0.0","0.0","","0","","0","0.0","0.0","","0.00","","0","","","","0","0.0","0","0","0","0","0","0.0","0","","0","0.000","0","","0","","0","","0","0","0.0","0","0.0","","","","100.0","","","0.00","","0.0","0.0","0.0","0.00","0.0"
"355","Tyler Conklin","LAC","TE","10","2025","5","100.0","0.0","0","0.0","0","0.0","0.0","","0","","0","0.0","0.0","","0.00","","0","","","","0","0.0","0","0","0","0","0","0.0","0","","0","0.000","0","","0","","0","","0","0","0.0","0","0.0","","","","100.0","","","0.00","","0.0","0.0","0.0","0.00","0.0"
"356","Tyler Goodson","IND","RB","11","2025","1","100.0","0.0","0","0.0","0","0.0","0.0","","0","","0","0.0","0.0","","0.00","","0","","","","0","0.0","0","0","0","0","0","0.0","0","","0","0.000","0","","0","","0","","0","0","0.0","0","0.0","","","","100.0","","","0.00","","0.0","0.0","0.0","0.00","0.0"
"357","Tanner Conner","MIA","TE","9","2025","10","66.7","0.0","0","0.0","0","0.0","0.0","","0","","0","0.0","0.0","","0.00","","0","","","","0","0.0","0","0","0","0","0","0.0","0","","0","0.000","0","","0","","0","","0","0","0.0","0","0.0","","","","100.0","","","0.00","","0.0","0.0","0.0","0.00","0.0"
"358","Colby Parkinson","LA","TE","15","2025","9","69.2","17.0","17","18.1","1","0.1","7.7","0.11","0","","0","0.0","0.0","","0.00","","0","","","","0","0.0","0","0","0","0","1","11.1","0","","0","0.000","1","100.0","1","100.0","0","","0","0","0.0","0","39.6","8.3","-11.7","","100.0","","","0.00","","0.0","5.5","0.4","0.61","5.5"
"359","Isaiah Davis","NYJ","RB","16","2025","3","75.0","0.0","0","0.0","0","0.0","0.0","","0","","0","0.0","0.0","","0.00","","0","","","","0","0.0","0","0","0","0","0","0.0","0","","0","0.000","0","","0","","0","","0","0","0.0","0","0.0","","","","100.0","","","0.00","","0.0","0.0","0.0","0.00","0.0"
"360","Rhamondre Stevenson","NE","RB","14","2025","1","100.0","0.0","0","0.0","0","0.0","0.0","","0","","0","0.0","0.0","","0.00","","0","","","","0","0.0","0","0","0","0","0","0.0","0","","0","0.000","0","","0","","0","","0","0","0.0","0","0.0","","","","100.0","","","0.00","","0.0","0.0","0.0","0.00","0.0"
"361","Jordan Addison","MIN","WR","14","2025","29","93.5","14.7","44","29.1","3","0.2","12.0","0.10","0","","0","0.0","0.0","","0.00","","0","","","","0","0.0","0","0","0","1","3","21.4","0","","0","0.000","2","66.7","2","66.7","0","","1","0","0.0","0","0.0","14.3","-9.8","","100.0","","","0.00","","0.0","4.5","0.3","0.15","4.5"
"362","Ashton Dulin","IND","WR","12","2025","5","100.0","0.0","0","0.0","0","0.0","0.0","","0","","0","0.0","0.0","","0.00","","0","","","","0","0.0","0","0","0","0","0","0.0","0","","0","0.000","0","","0","","0","","0","0","0.0","0","0.0","","","","100.0","","","0.00","","0.0","0.0","0.0","0.00","0.0"
"363","Ameer Abdullah","IND","RB","13","2025","1","100.0","0.0","0","0.0","0","0.0","0.0","","0","","0","0.0","0.0","","0.00","","0","","","","0","0.0","0","0","0","0","0","0.0","0","","0","0.000","0","","0","","0","","0","0","0.0","0","0.0","","","","100.0","","","0.00","","0.0","0.0","0.0","0.00","0.0"
"364","Kayshon Boutte","NE","WR","14","2025","15","83.3","18.0","18","18.9","1","0.1","7.1","0.07","0","","0","0.0","0.0","","0.00","","0","","","","0","0.0","0","0","0","0","1","9.1","0","","0","0.000","0","","0","","0","","0","0","0.0","0","39.6","7.1","-10.9","","100.0","","","0.00","","0.0","1.1","0.1","0.08","1.1"
"365","Justin Watson","HST","WR","3","2025","7","87.5","0.0","0","0.0","0","0.0","0.0","","0","","0","0.0","0.0","","0.00","","0","","","","0","0.0","0","0","0","0","0","0.0","0","","0","0.000","0","","0","","0","","0","0","0.0","0","0.0","","","","100.0","","","0.00","","0.0","2.2","0.7","0.31","2.2"
"366","Ollie Gordon","MIA","RB","17","2025","1","100.0","0.0","0","0.0","0","0.0","0.0","","0","","0","0.0","0.0","","0.00","","0","","","","0","0.0","0","0","0","0","0","0.0","0","","0","0.000","0","","0","","0","","0","0","0.0","0","0.0","","","","100.0","","","0.00","","0.0","0.0","0.0","0.00","0.0"
"367","Devin Culp","TB","TE","11","2025","2","66.7","0.0","0","0.0","0","0.0","0.0","","0","","0","0.0","0.0","","0.00","","0","","","","0","0.0","0","0","0","0","0","0.0","0","","0","0.000","0","","0","","0","","0","0","0.0","0","0.0","","","","100.0","","","0.00","","0.0","0.0","0.0","0.00","0.0"
"368","Grant Calcaterra","PHI","TE","15","2025","5","83.3","0.0","0","0.0","0","0.0","0.0","","0","","0","0.0","0.0","","0.00","","0","","","","0","0.0","0","0","0","0","0","0.0","0","","0","0.000","0","","0","","0","","0","0","0.0","0","0.0","","","","100.0","","","0.00","","0.0","0.0","0.0","0.00","0.0"
"369","Blake Whiteheart","CLV","TE","16","2025","6","46.2","0.0","0","0.0","0","0.0","0.0","","0","","0","0.0","0.0","","0.00","","0","","","","0","0.0","0","0","0","0","0","0.0","0","","0","0.000","0","","0","","0","","0","0","0.0","0","0.0","","","","100.0","","","0.00","","0.0","0.0","0.0","0.00","0.0"
"370","Simi Fehoko","ARZ","WR","7","2025","1","50.0","0.0","0","0.0","0","0.0","0.0","","0","","0","0.0","0.0","","0.00","","0","","","","0","0.0","0","0","0","0","0","0.0","0","","0","0.000","0","","0","","0","","0","0","0.0","0","0.0","","","","100.0","","","0.00","","0.0","0.0","0.0","0.00","0.0"
"371","Michael Carter","ARZ","RB","13","2025","1","100.0","0.0","0","0.0","0","0.0","0.0","","0","","0","0.0","0.0","","0.00","","0","","","","0","0.0","0","0","0","0","0","0.0","0","","0","0.000","0","","0","","0","","0","0","0.0","0","0.0","","","","100.0","","","0.00","","0.0","0.0","0.0","0.00","0.0"
"372","Kyle Monangai","CHI","RB","17","2025","2","100.0","0.0","0","0.0","0","0.0","0.0","","0","","0","0.0","0.0","","0.00","","0","","","","0","0.0","0","0","0","0","0","0.0","0","","0","0.000","0","","0","","0","","0","0","0.0","0","0.0","","","","100.0","","","0.00","","0.0","0.0","0.0","0.00","0.0"
"373","Jonathan Taylor","IND","RB","17","2025","5","100.0","0.0","0","0.0","0","0.0","0.0","","0","","0","0.0","0.0","","0.00","","0","","","","0","0.0","0","0","0","0","0","0.0","0","","0","0.000","0","","0","","0","","0","0","0.0","0","0.0","","","","100.0","","","0.00","","0.0","0.0","0.0","0.00","0.0"
"374","Thomas Fidone","NYG","TE","2","2025","3","100.0","0.0","0","0.0","0","0.0","0.0","","0","","0","0.0","0.0","","0.00","","0","","","","0","0.0","0","0","0","0","0","0.0","0","","0","0.000","0","","0","","0","","0","0","0.0","0","0.0","","","","100.0","","","0.00","","0.0","0.0","0.0","0.00","0.0"
"375","Keaton Mitchell","BLT","RB","13","2025","1","100.0","0.0","0","0.0","0","0.0","0.0","","0","","0","0.0","0.0","","0.00","","0","","","","0","0.0","0","0","0","0","0","0.0","0","","0","0.000","0","","0","","0","","0","0","0.0","0","0.0","","","","100.0","","","0.00","","0.0","0.0","0.0","0.00","0.0"
"376","Keleki Latu","BUF","TE","5","2025","4","57.1","0.0","0","0.0","0","0.0","0.0","","0","","0","0.0","0.0","","0.00","","0","","","","0","0.0","0","0","0","0","0","0.0","0","","0","0.000","0","","0","","0","","0","0","0.0","0","0.0","","","","100.0","","","0.00","","0.0","0.0","0.0","0.00","0.0"
"377","Austin Ekeler","WAS","RB","2","2025","2","100.0","0.0","0","0.0","0","0.0","0.0","","0","","0","0.0","0.0","","0.00","","0","","","","0","0.0","0","0","0","0","0","0.0","0","","0","0.000","0","","0","","0","","0","0","0.0","0","0.0","","","","100.0","","","0.00","","0.0","0.0","0.0","0.00","0.0"
"378","Tony Pollard","TEN","RB","17","2025","4","100.0","-4.0","-4","133.3","1","0.1","50.0","0.25","0","","0","0.0","0.0","","0.00","","0","","","","0","0.0","0","0","0","0","1","100.0","0","","0","0.000","1","100.0","1","100.0","1","100.0","0","0","0.0","0","39.6","50.0","-5.6","","100.0","","","0.00","","0.0","1.6","0.1","0.39","1.6"
"379","Tyler Allgeier","ATL","RB","17","2025","1","100.0","0.0","0","0.0","0","0.0","0.0","","0","","0","0.0","0.0","","0.00","","0","","","","0","0.0","0","0","0","0","0","0.0","0","","0","0.000","0","","0","","0","","0","0","0.0","0","0.0","","","","100.0","","","0.00","","0.0","0.0","0.0","0.00","0.0"
"380","Quinshon Judkins","CLV","RB","14","2025","1","100.0","0.0","0","0.0","0","0.0","0.0","","0","","0","0.0","0.0","","0.00","","0","","","","0","0.0","0","0","0","0","0","0.0","0","","0","0.000","0","","0","","0","","0","0","0.0","0","0.0","","","","100.0","","","0.00","","0.0","0.0","0.0","0.00","0.0"
"381","Will Dissly","LAC","TE","9","2025","3","60.0","0.0","0","0.0","0","0.0","0.0","","0","","0","0.0","0.0","","0.00","","0","","","","0","0.0","0","0","0","0","0","0.0","0","","0","0.000","0","","0","","0","","0","0","0.0","0","0.0","","","","100.0","","","0.00","","0.0","0.0","0.0","0.00","0.0"
"382","Taysom Hill","NO","TE","13","2025","13","92.9","0.0","0","0.0","1","0.1","11.1","0.08","0","","0","0.0","0.0","","0.00","","0","","","","0","0.0","0","0","0","0","1","14.3","0","","0","0.000","1","100.0","1","100.0","0","","0","0","0.0","0","39.6","11.1","-5.3","","100.0","","","0.00","","0.0","1.3","0.1","0.10","1.3"
"383","Jelani Woods","NYJ","TE","4","2025","2","50.0","0.0","0","0.0","0","0.0","0.0","","0","","0","0.0","0.0","","0.00","","0","","","","0","0.0","0","0","0","0","0","0.0","0","","0","0.000","0","","0","","0","","0","0","0.0","0","0.0","","","","100.0","","","0.00","","0.0","0.0","0.0","0.00","0.0"
"384","Audric Estime","NO","RB","6","2025","1","100.0","0.0","0","0.0","0","0.0","0.0","","0","","0","0.0","0.0","","0.00","","0","","","","0","0.0","0","0","0","0","0","0.0","0","","0","0.000","0","","0","","0","","0","0","0.0","0","0.0","","","","100.0","","","0.00","","0.0","0.0","0.0","0.00","0.0"
"385","Chris Rodriguez","WAS","RB","13","2025","5","100.0","0.0","0","0.0","0","0.0","0.0","","0","","0","0.0","0.0","","0.00","","0","","","","0","0.0","0","0","0","0","0","0.0","0","","0","0.000","0","","0","","0","","0","0","0.0","0","0.0","","","","100.0","","","0.00","","0.0","0.0","0.0","0.00","0.0"
"386","Nick Vannett","MIN, LA","TE","5","2025","1","100.0","0.0","0","0.0","0","0.0","0.0","","0","","0","0.0","0.0","","0.00","","0","","","","0","0.0","0","0","0","0","0","0.0","0","","0","0.000","0","","0","","0","","0","0","0.0","0","0.0","","","","100.0","","","0.00","","0.0","0.0","0.0","0.00","0.0"
"387","Ryan Miller","TB","WR","13","2025","2","66.7","0.0","0","0.0","0","0.0","0.0","","0","","0","0.0","0.0","","0.00","","0","","","","0","0.0","0","0","0","0","0","0.0","0","","0","0.000","0","","0","","0","","0","0","0.0","0","0.0","","","","100.0","","","0.00","","0.0","0.0","0.0","0.00","0.0"
"388","Harrison Bryant","HST","TE","12","2025","1","33.3","0.0","0","0.0","0","0.0","0.0","","0","","0","0.0","0.0","","0.00","","0","","","","0","0.0","0","0","0","0","0","0.0","0","","0","0.000","0","","0","","0","","0","0","0.0","0","0.0","","","","100.0","","","0.00","","0.0","0.0","0.0","0.00","0.0"
"389","Blake Corum","LA","RB","17","2025","2","100.0","0.0","0","0.0","0","0.0","0.0","","0","","0","0.0","0.0","","0.00","","0","","","","0","0.0","0","0","0","0","0","0.0","0","","0","0.000","0","","0","","0","","0","0","0.0","0","0.0","","","","100.0","","","0.00","","0.0","0.0","0.0","0.00","0.0"
"390","Derius Davis","LAC","WR","11","2025","5","100.0","0.0","0","0.0","0","0.0","0.0","","0","","0","0.0","0.0","","0.00","","0","","","","0","0.0","0","0","0","0","0","0.0","0","","0","0.000","0","","0","","0","","0","0","0.0","0","0.0","","","","100.0","","","0.00","","0.0","0.0","0.0","0.00","0.0"
"391","Will Mallory","IND","TE","2","2025","3","100.0","0.0","0","0.0","0","0.0","0.0","","0","","0","0.0","0.0","","0.00","","0","","","","0","0.0","0","0","0","0","0","0.0","0","","0","0.000","0","","0","","0","","0","0","0.0","0","0.0","","","","100.0","","","0.00","","0.0","0.0","0.0","0.00","0.0"
"392","Ben Yurosek","MIN","TE","12","2025","1","25.0","0.0","0","0.0","0","0.0","0.0","","0","","0","0.0","0.0","","0.00","","0","","","","0","0.0","0","0","0","0","0","0.0","0","","0","0.000","0","","0","","0","","0","0","0.0","0","0.0","","","","100.0","","","0.00","","0.0","0.0","0.0","0.00","0.0"
"393","Tai Felton","MIN","WR","14","2025","1","100.0","0.0","0","0.0","0","0.0","0.0","","0","","0","0.0","0.0","","0.00","","0","","","","0","0.0","0","0","0","0","0","0.0","0","","0","0.000","0","","0","","0","","0","0","0.0","0","0.0","","","","100.0","","","0.00","","0.0","0.0","0.0","0.00","0.0"
"394","Noah Brown","WAS","WR","4","2025","2","100.0","0.0","0","0.0","0","0.0","0.0","","0","","0","0.0","0.0","","0.00","","0","","","","0","0.0","0","0","0","0","0","0.0","0","","0","0.000","0","","0","","0","","0","0","0.0","0","0.0","","","","100.0","","","0.00","","0.0","0.0","0.0","0.00","0.0"
"395","Cameron Latu","PHI","TE","15","2025","1","100.0","0.0","0","0.0","0","0.0","0.0","","0","","0","0.0","0.0","","0.00","","0","","","","0","0.0","0","0","0","0","0","0.0","0","","0","0.000","0","","0","","0","","0","0","0.0","0","0.0","","","","100.0","","","0.00","","0.0","0.0","0.0","0.00","0.0"
"396","Efton Chism","NE","WR","8","2025","1","50.0","0.0","0","0.0","0","0.0","0.0","","0","","0","0.0","0.0","","0.00","","0","","","","0","0.0","0","0","0","0","0","0.0","0","","0","0.000","0","","0","","0","","0","0","0.0","0","0.0","","","","100.0","","","0.00","","0.0","0.0","0.0","0.00","0.0"
"397","Russell Gage","SF","WR","1","2025","2","100.0","0.0","0","0.0","0","0.0","0.0","","0","","0","0.0","0.0","","0.00","","0","","","","0","0.0","0","0","0","0","0","0.0","0","","0","0.000","0","","0","","0","","0","0","0.0","0","0.0","","","","100.0","","","0.00","","0.0","0.0","0.0","0.00","0.0"
"398","Moliki Matavao","NO","TE","6","2025","3","75.0","0.0","0","0.0","0","0.0","0.0","","0","","0","0.0","0.0","","0.00","","0","","","","0","0.0","0","0","0","0","0","0.0","0","","0","0.000","0","","0","","0","","0","0","0.0","0","0.0","","","","100.0","","","0.00","","0.0","0.0","0.0","0.00","0.0"
"399","Devontez Walker","BLT","WR","11","2025","3","100.0","0.0","0","0.0","0","0.0","0.0","","0","","0","0.0","0.0","","0.00","","0","","","","0","0.0","0","0","0","0","0","0.0","0","","0","0.000","0","","0","","0","","0","0","0.0","0","0.0","","","","100.0","","","0.00","","0.0","0.0","0.0","0.00","0.0"
"400","Anthony Gould","IND","WR","11","2025","6","100.0","0.0","0","0.0","0","0.0","0.0","","0","","0","0.0","0.0","","0.00","","0","","","","0","0.0","0","0","0","0","0","0.0","0","","0","0.000","0","","0","","0","","0","0","0.0","0","0.0","","","","100.0","","","0.00","","0.0","0.0","0.0","0.00","0.0"
"401","Nikko Remigio","KC","WR","14","2025","1","100.0","0.0","0","0.0","0","0.0","0.0","","0","","0","0.0","0.0","","0.00","","0","","","","0","0.0","0","0","0","0","0","0.0","0","","0","0.000","0","","0","","0","","0","0","0.0","0","0.0","","","","100.0","","","0.00","","0.0","0.0","0.0","0.00","0.0"
"402","Cody White","SEA","WR","9","2025","6","100.0","0.0","0","0.0","0","0.0","0.0","","0","","0","0.0","0.0","","0.00","","0","","","","0","0.0","0","0","0","0","0","0.0","0","","0","0.000","0","","0","","0","","0","0","0.0","0","0.0","","","","100.0","","","0.00","","0.0","0.0","0.0","0.00","0.0"
"403","Samori Toure","NO","WR","1","2025","1","100.0","0.0","0","0.0","0","0.0","0.0","","0","","0","0.0","0.0","","0.00","","0","","","","0","0.0","0","0","0","0","0","0.0","0","","0","0.000","0","","0","","0","","0","0","0.0","0","0.0","","","","100.0","","","0.00","","0.0","0.0","0.0","0.00","0.0"
"404","Gabe Davis","BUF","WR","6","2025","1","33.3","0.0","0","0.0","0","0.0","0.0","","0","","0","0.0","0.0","","0.00","","0","","","","0","0.0","0","0","0","0","0","0.0","0","","0","0.000","0","","0","","0","","0","0","0.0","0","0.0","","","","100.0","","","0.00","","0.0","0.0","0.0","0.00","0.0"
"405","Josh Jacobs","GB","RB","15","2025","1","100.0","0.0","0","0.0","0","0.0","0.0","","0","","0","0.0","0.0","","0.00","","0","","","","0","0.0","0","0","0","0","0","0.0","0","","0","0.000","0","","0","","0","","0","0","0.0","0","0.0","","","","100.0","","","0.00","","0.0","0.0","0.0","0.00","0.0"
"406","Kyle Williams","NE","WR","17","2025","5","83.3","0.0","0","0.0","0","0.0","0.0","","0","","0","0.0","0.0","","0.00","","0","","","","0","0.0","0","0","0","0","0","0.0","0","","0","0.000","0","","0","","0","","0","0","0.0","0","0.0","","","","100.0","","","0.00","","0.0","0.0","0.0","0.00","0.0"
"407","Austin Hooper","NE","TE","16","2025","8","72.7","16.0","16","22.2","1","0.1","12.5","0.13","0","","0","0.0","0.0","","0.00","","0","","","","0","0.0","0","0","0","0","1","16.7","0","","0","0.000","1","100.0","1","100.0","0","","0","0","0.0","0","39.6","12.5","-10.2","","100.0","","","0.00","","0.0","1.9","0.1","0.23","1.9"
"408","Jared Wayne","HST","WR","1","2025","2","100.0","0.0","0","0.0","0","0.0","0.0","","0","","0","0.0","0.0","","0.00","","0","","","","0","0.0","0","0","0","0","0","0.0","0","","0","0.000","0","","0","","0","","0","0","0.0","0","0.0","","","","100.0","","","0.00","","0.0","0.0","0.0","0.00","0.0"
"409","James Proche","TEN","WR","9","2025","10","90.9","11.0","11","61.1","1","0.1","12.5","0.10","0","","0","0.0","0.0","","0.00","","0","","","","0","0.0","0","0","0","0","1","20.0","0","","0","0.000","0","","0","","0","","0","0","0.0","0","39.6","14.3","-8.3","","100.0","","","0.00","","0.0","1.5","0.2","0.15","1.5"
"410","DeeJay Dallas","JAX, CAR","RB","5","2025","1","100.0","0.0","0","0.0","0","0.0","0.0","","0","","0","0.0","0.0","","0.00","","0","","","","0","0.0","0","0","0","0","0","0.0","0","","0","0.000","0","","0","","0","","0","0","0.0","0","0.0","","","","100.0","","","0.00","","0.0","0.0","0.0","0.00","0.0"
"411","Tyrone Tracy","NYG","RB","15","2025","4","100.0","0.0","0","0.0","0","0.0","0.0","","0","","0","0.0","0.0","","0.00","","0","","","","0","0.0","0","0","0","0","0","0.0","0","","0","0.000","0","","0","","0","","0","0","0.0","0","0.0","","","","100.0","","","0.00","","0.0","2.4","0.2","0.59","2.4"
"412","Raheem Mostert","LV","RB","12","2025","1","100.0","0.0","0","0.0","0","0.0","0.0","","0","","0","0.0","0.0","","0.00","","0","","","","0","0.0","0","0","0","0","0","0.0","0","","0","0.000","0","","0","","0","","0","0","0.0","0","0.0","","","","100.0","","","0.00","","0.0","0.0","0.0","0.00","0.0"
"413","Ian Thomas","LV","TE","15","2025","5","83.3","0.0","0","0.0","0","0.0","0.0","","0","","0","0.0","0.0","","0.00","","0","","","","0","0.0","0","0","0","0","0","0.0","0","","0","0.000","0","","0","","0","","0","0","0.0","0","0.0","","","","100.0","","","0.00","","0.0","0.0","0.0","0.00","0.0"
"414","Drew Sample","CIN","TE","17","2025","1","20.0","0.0","0","0.0","0","0.0","0.0","","0","","0","0.0","0.0","","0.00","","0","","","","0","0.0","0","0","0","0","0","0.0","0","","0","0.000","0","","0","","0","","0","0","0.0","0","0.0","","","","100.0","","","0.00","","0.0","0.0","0.0","0.00","0.0"