"Player Details","","","","","","Receiving","","","","","","","","","","","","","","","","","","","","","","","Advanced","","","","","","","","","","","","","","","","","","","","","","","","","","","FPTS","","","","","",""
"Rank","Name","Team","POS","G","Season","RTE","RTE %","aDOT","AY","AY Share","TGT","TGT/G","TGT %","TPRR","REC","CR %","YDS","RecYDS/G","TM YDS %","YPRR","YPT","YPR","YAC","YAC/REC","YACO","YACO/REC","TD","TM TD %","i20 TGT","EZTGT","EZTD","DP TGT","1READ","1READ %","MTF","MTF/REC","1D","1D/RR","DRP","DRP %","CTGT","CTGT %","DESIGN","DESIGN %","CT","CC","CC %","HERO","RATE","THREAT","YPTOE","WIDE RTE %","SLOT RTE %","INLINE RTE %","BACK RTE %","FP/RR","FP/G","FP","XFP","XFP/G","XFP/RR","RecXFP"
"1","Puka Nacua","LA","WR","16","2025","42","100.0","7.2","108","28.7","15","0.9","36.6","0.36","13","86.7","183","11.4","46.1","4.36","12.20","14.08","96","7.38","73","5.62","0","0.0","0","0","0","0","13","48.1","4","0.31","10","0.238","1","6.7","14","93.3","0","","3","3","100.0","0","117.5","38.5","4.9","","100.0","","","0.75","2.0","31.3","22.8","1.4","0.54","22.8"
"2","Ladd McConkey","LAC","WR","16","2025","102","98.1","10.0","290","42.6","29","1.8","32.2","0.28","13","44.8","162","10.1","32.3","1.59","5.59","12.46","75","5.77","6","0.46","1","50.0","3","1","0","3","20","29.9","1","0.08","8","0.078","0","","16","55.2","0","","5","2","40.0","0","59.8","34.1","-2.5","","100.0","","","0.35","2.2","35.2","48.9","3.1","0.48","48.9"
"3","Mark Andrews","BLT","TE","17","2025","55","91.7","8.9","134","25.7","15","0.9","28.3","0.27","12","80.0","158","9.3","32.6","2.87","10.53","13.17","51","4.25","17","1.42","2","50.0","4","1","0","0","13","31.0","0","","9","0.164","1","6.7","13","86.7","0","","3","3","100.0","0","150.1","29.4","2.5","","100.0","","","0.72","2.3","39.8","29.4","1.7","0.54","29.4"
"4","Jalen Nailor","MIN","WR","17","2025","50","90.9","14.9","194","39.5","13","0.8","29.5","0.26","7","53.8","151","8.9","47.6","3.02","11.62","21.57","53","7.57","20","2.86","0","0.0","0","0","0","3","10","31.3","1","0.14","7","0.140","0","","8","61.5","0","","5","4","80.0","0","63.3","33.3","1.8","","100.0","","","0.44","1.3","22.1","21.8","1.3","0.44","21.8"
"5","Jaxon Smith-Njigba","SEA","WR","17","2025","15","88.2","15.9","127","84.1","8","0.5","57.1","0.53","7","87.5","146","8.6","91.8","9.73","18.25","20.86","39","5.57","8","1.14","1","100.0","0","0","0","3","7","53.8","2","0.29","6","0.400","0","","7","87.5","0","","1","1","100.0","0","158.3","57.1","8.8","","100.0","","","1.84","1.6","27.6","13.0","0.8","0.86","13.0"
"6","CeeDee Lamb","DAL","WR","14","2025","23","92.0","12.3","160","71.7","13","0.9","56.5","0.57","10","76.9","137","9.8","80.6","5.96","10.54","13.70","31","3.10","27","2.70","0","0.0","1","0","0","4","12","63.2","1","0.10","6","0.261","1","7.7","12","92.3","0","","5","4","80.0","0","78.0","61.9","2.2","","100.0","","","1.03","1.7","23.7","24.7","1.8","1.07","24.7"
"7","Khalil Shakir","BUF","WR","16","2025","92","98.9","6.0","125","18.2","21","1.3","26.3","0.23","15","71.4","132","8.3","22.8","1.43","6.29","8.80","89","5.93","35","2.33","1","25.0","2","0","0","2","17","27.9","2","0.13","7","0.076","1","4.8","18","85.7","3","14.3","6","4","66.7","0","103.7","28.0","-0.3","","100.0","","","0.36","2.1","33.2","32.5","2.0","0.35","32.5"
"8","Kyle Pitts","ATL","TE","17","2025","33","97.1","9.3","93","25.2","10","0.6","31.3","0.30","9","90.0","131","7.7","49.4","3.97","13.10","14.56","51","5.67","57","6.33","0","0.0","0","0","0","1","9","39.1","2","0.22","7","0.212","0","","9","90.0","0","","2","2","100.0","0","118.8","31.3","5.3","","100.0","","","0.67","1.3","22.1","14.5","0.9","0.44","14.5"
"9","Tucker Kraft","GB","TE","8","2025","20","100.0","7.8","47","21.5","6","0.8","33.3","0.30","5","83.3","130","16.3","55.3","6.50","21.67","26.00","83","16.60","35","7.00","1","100.0","0","0","0","0","4","36.4","3","0.60","5","0.250","0","","5","83.3","1","16.7","0","0","0.0","0","158.3","37.5","14.5","","100.0","","","1.20","3.0","24.0","9.9","1.2","0.49","9.9"
"10","DeMario Douglas","NE","WR","17","2025","33","100.0","20.5","123","36.0","6","0.4","20.7","0.18","4","66.7","124","7.3","28.4","3.76","20.67","31.00","49","12.25","6","1.50","0","0.0","0","0","0","3","4","16.0","2","0.50","4","0.121","0","","4","66.7","0","","2","1","50.0","0","109.7","20.7","10.3","","100.0","","","0.50","1.0","16.4","10.3","0.6","0.31","10.3"
"11","Amon-Ra St. Brown","DET","WR","17","2025","66","97.1","8.0","168","37.3","21","1.2","33.3","0.32","11","52.4","122","7.2","27.1","1.85","5.81","11.09","74","6.73","17","1.55","2","28.6","4","1","0","2","19","38.8","1","0.09","8","0.121","4","19.0","18","85.7","2","9.5","4","1","25.0","0","101.7","36.8","-1.6","","100.0","","","0.53","2.1","35.2","35.3","2.1","0.54","35.3"
"12","Wan'Dale Robinson","NYG","WR","16","2025","76","100.0","8.3","99","19.0","12","0.8","21.1","0.16","9","75.0","119","7.4","26.5","1.57","9.92","13.22","72","8.00","47","5.22","1","100.0","1","1","0","1","10","26.3","2","0.22","7","0.092","0","","9","75.0","1","8.3","1","0","0.0","0","133.7","23.1","2.2","","100.0","","","0.35","1.7","26.9","27.8","1.7","0.37","27.8"
"13","Chris Olave","NO","WR","16","2025","32","100.0","12.3","160","50.0","13","0.8","41.9","0.41","9","69.2","117","7.3","47.2","3.66","9.00","13.00","16","1.78","3","0.33","2","66.7","5","3","1","3","11","45.8","1","0.11","8","0.250","2","15.4","11","84.6","0","","4","1","25.0","1","136.9","43.3","0.1","","100.0","","","1.02","2.0","32.7","30.9","1.9","0.96","30.9"
"14","Jakobi Meyers","JAX, LV","WR","16","2025","53","100.0","8.9","107","23.8","12","0.8","25.5","0.23","10","83.3","113","7.1","33.3","2.13","9.42","11.30","41","4.10","15","1.50","0","0.0","2","1","0","1","8","24.2","0","","9","0.170","0","","10","83.3","0","","0","0","0.0","0","71.2","28.6","1.8","","100.0","","","0.40","1.3","21.3","21.7","1.4","0.41","21.7"
"15","Zay Flowers","BLT","WR","17","2025","39","100.0","9.1","127","36.0","14","0.8","38.9","0.36","10","71.4","112","6.6","39.9","2.87","8.00","11.20","63","6.30","12","1.20","0","0.0","1","1","0","3","9","36.0","4","0.40","5","0.128","0","","11","78.6","2","14.3","1","0","0.0","1","65.2","41.2","0.5","","100.0","","","0.52","1.2","20.2","23.4","1.4","0.60","23.4"
"16","Theo Johnson","NYG","TE","15","2025","52","94.5","9.9","79","37.4","8","0.5","20.0","0.15","5","62.5","111","7.4","36.4","2.13","13.88","22.20","51","10.20","16","3.20","1","33.3","2","2","0","1","6","25.0","1","0.20","3","0.058","0","","5","62.5","1","12.5","3","3","100.0","0","145.8","22.9","6.8","","100.0","","","0.43","1.5","22.1","16.6","1.1","0.32","16.6"
"17","Dalton Kincaid","BUF","TE","12","2025","33","91.7","12.4","124","45.9","10","0.8","28.6","0.30","7","70.0","104","8.7","43.7","3.15","10.40","14.86","24","3.43","9","1.29","1","50.0","2","0","0","2","7","24.1","0","","4","0.121","1","10.0","9","90.0","0","","3","2","66.7","0","137.1","31.3","1.0","","100.0","","","0.71","2.0","23.4","21.0","1.8","0.64","21.0"
"18","George Pickens","DAL","WR","17","2025","13","92.9","13.0","91","67.9","7","0.4","50.0","0.54","6","85.7","100","5.9","87.0","7.69","14.29","16.67","17","2.83","13","2.17","0","0.0","0","0","0","1","5","45.5","0","","5","0.385","0","","6","85.7","0","","2","2","100.0","1","118.8","50.0","5.7","","100.0","","","1.23","0.9","16.0","18.6","1.1","1.43","18.6"
"19","Xavier Smith","LA","WR","16","2025","21","91.3","12.8","77","32.0","6","0.4","27.3","0.29","5","83.3","94","5.9","56.0","4.48","15.67","18.80","60","12.00","8","1.60","0","0.0","1","0","0","1","5","31.3","0","","3","0.143","0","","5","83.3","1","16.7","0","0","0.0","0","79.2","27.3","7.2","","100.0","","","0.69","0.9","14.4","11.3","0.7","0.54","11.3"
"20","Keenan Allen","LAC","WR","17","2025","47","100.0","5.8","87","31.3","15","0.9","37.5","0.32","12","80.0","92","5.4","28.6","1.96","6.13","7.67","25","2.08","9","0.75","0","0.0","0","0","0","0","13","43.3","0","","8","0.170","1","6.7","14","93.3","1","6.7","3","2","66.7","0","92.2","39.5","-0.6","","100.0","","","0.45","1.2","21.2","22.0","1.3","0.47","22.0"
"21","Trey McBride","ARZ","TE","17","2025","65","94.2","8.2","74","12.2","9","0.5","15.3","0.14","8","88.9","91","5.4","19.3","1.40","10.11","11.38","23","2.88","6","0.75","0","0.0","2","0","0","1","8","16.3","0","","5","0.077","0","","9","100.0","3","33.3","3","2","66.7","1","108.8","16.1","1.8","","100.0","","","0.26","1.0","17.1","17.3","1.0","0.27","17.3"
"22","Cedric Tillman","CLV","WR","13","2025","32","97.0","13.8","69","24.8","5","0.4","17.9","0.16","4","80.0","91","7.0","57.6","2.84","18.20","22.75","32","8.00","9","2.25","1","100.0","2","0","0","1","3","15.0","0","","4","0.125","0","","4","80.0","0","","1","1","100.0","0","158.3","19.2","9.1","","100.0","","","0.60","1.5","19.1","13.4","1.0","0.42","13.4"
"23","Stefon Diggs","NE","WR","17","2025","40","97.6","5.6","39","11.5","7","0.4","20.6","0.18","6","85.7","91","5.4","30.4","2.28","13.00","15.17","58","9.67","33","5.50","0","0.0","1","0","0","0","6","19.4","1","0.17","6","0.150","0","","6","85.7","0","","1","1","100.0","0","118.8","20.6","6.3","","100.0","","","0.38","0.9","15.1","18.2","1.1","0.45","18.2"
"24","Michael Wilson","ARZ","WR","17","2025","25","89.3","15.8","95","38.6","6","0.4","23.1","0.24","4","66.7","89","5.2","47.6","3.56","14.83","22.25","11","2.75","5","1.25","0","0.0","0","0","0","2","6","26.1","0","","4","0.160","1","16.7","5","83.3","0","","2","2","100.0","0","109.7","24.0","5.6","","100.0","","","0.52","0.8","12.9","10.5","0.6","0.42","10.5"
"25","Tutu Atwell","LA","WR","10","2025","24","100.0","19.7","59","26.2","3","0.3","13.0","0.13","1","33.3","88","8.8","34.0","3.67","29.33","88.00","62","62.00","","","1","100.0","1","1","0","2","2","10.5","0","","1","0.042","0","","2","66.7","0","","1","0","0.0","0","121.5","13.6","19.1","","100.0","","","0.66","1.6","15.8","8.1","0.8","0.34","8.1"
"26","Travis Kelce","KC","TE","17","2025","67","94.4","10.7","139","24.6","13","0.8","22.0","0.19","8","61.5","88","5.2","20.4","1.31","6.77","11.00","63","7.88","25","3.13","0","0.0","2","0","0","4","10","22.2","3","0.38","4","0.060","0","","8","61.5","1","7.7","2","1","50.0","0","49.5","23.2","-1.4","","100.0","","","0.25","1.0","16.8","21.5","1.3","0.32","21.5"
"27","Harold Fannin","CLV","TE","16","2025","47","95.9","10.2","132","34.8","13","0.8","29.5","0.28","7","53.8","87","5.4","31.2","1.85","6.69","12.43","41","5.86","31","4.43","0","0.0","1","0","0","1","11","33.3","1","0.14","4","0.085","3","23.1","12","92.3","1","7.7","2","1","50.0","0","74.8","32.5","-1.9","","100.0","","","0.33","1.0","15.7","23.3","1.5","0.50","23.3"
"28","Parker Washington","JAX","WR","16","2025","41","93.2","13.4","107","33.8","8","0.5","21.1","0.20","5","62.5","83","5.2","28.1","2.02","10.38","16.60","32","6.40","35","7.00","1","50.0","3","1","1","3","5","17.9","2","0.40","4","0.098","0","","6","75.0","1","12.5","2","2","100.0","1","137.0","23.5","1.4","","100.0","","","0.47","1.2","19.3","20.6","1.3","0.50","20.6"
"29","Sterling Shepard","TB","WR","13","2025","45","93.8","8.7","78","22.9","9","0.7","21.4","0.20","8","88.9","83","6.4","46.9","1.84","9.22","10.38","18","2.25","6","0.75","0","0.0","0","0","0","1","6","20.7","0","","4","0.089","0","","8","88.9","0","","0","0","0.0","0","105.1","23.7","1.7","","100.0","","","0.36","1.3","16.3","18.2","1.4","0.41","18.2"
"30","Quentin Johnston","LAC","WR","14","2025","20","95.2","14.2","85","59.4","6","0.4","33.3","0.30","4","66.7","81","5.8","61.8","4.05","13.50","20.25","39","9.75","28","7.00","0","0.0","1","0","0","1","5","38.5","1","0.25","2","0.100","1","16.7","5","83.3","0","","1","0","0.0","0","109.7","37.5","4.3","","100.0","","","0.56","0.8","11.1","10.4","0.7","0.52","10.4"
"31","Tetairoa McMillan","CAR","WR","17","2025","22","95.7","9.6","67","37.4","7","0.4","30.4","0.32","5","71.4","80","4.7","56.7","3.64","11.43","16.00","44","8.80","15","3.00","0","0.0","0","0","0","1","7","38.9","0","","4","0.182","0","","6","85.7","0","","1","0","0.0","1","69.6","33.3","3.4","","100.0","","","0.59","0.8","13.0","11.1","0.7","0.50","11.1"
"32","Jameson Williams","DET","WR","17","2025","26","100.0","14.6","117","51.1","8","0.5","33.3","0.31","5","62.5","78","4.6","46.4","3.00","9.75","15.60","29","5.80","15","3.00","0","0.0","0","0","0","2","5","33.3","0","","4","0.154","1","12.5","6","75.0","0","","0","0","0.0","0","94.8","36.4","0.4","","100.0","","","0.49","0.8","12.8","12.7","0.7","0.49","12.7"
"33","Drake London","ATL","WR","12","2025","24","96.0","14.7","88","29.0","6","0.5","24.0","0.25","4","66.7","74","6.2","56.5","3.08","12.33","18.50","10","2.50","8","2.00","0","0.0","1","1","0","1","6","33.3","0","","3","0.125","0","","4","66.7","0","","3","1","33.3","0","109.0","27.3","3.0","","100.0","","","0.48","1.0","11.4","9.7","0.8","0.40","9.7"
"34","Gunner Olszewski","NYG","WR","16","2025","13","92.9","9.5","57","58.8","6","0.4","54.5","0.46","5","83.3","70","4.4","80.5","5.38","11.67","14.00","43","8.60","14","2.80","0","0.0","0","0","0","1","4","80.0","0","","3","0.231","0","","5","83.3","2","33.3","0","0","0.0","0","115.3","66.7","4.1","","100.0","","","0.92","0.8","12.0","9.7","0.6","0.75","9.7"
"35","Christian Watson","GB","WR","10","2025","21","100.0","14.6","102","42.1","7","0.7","33.3","0.33","4","57.1","69","6.9","33.8","3.29","9.86","17.25","35","8.75","1","0.25","2","40.0","1","1","1","3","6","42.9","0","","3","0.143","0","","6","85.7","0","","4","2","50.0","1","130.4","36.8","1.0","","100.0","","","1.09","2.3","22.9","13.5","1.3","0.64","13.5"
"36","Dalton Schultz","HST","TE","17","2025","35","97.2","10.5","63","23.0","6","0.4","20.0","0.17","5","83.3","69","4.1","44.2","1.97","11.50","13.80","30","6.00","2","0.40","0","0.0","1","0","0","1","5","20.0","0","","4","0.114","0","","5","83.3","0","","1","1","100.0","1","114.6","21.4","2.4","","100.0","","","0.34","0.7","11.9","12.9","0.8","0.37","12.9"
"37","Terrance Ferguson","LA","TE","13","2025","22","100.0","14.5","58","26.0","4","0.3","18.2","0.18","3","75.0","66","5.1","42.9","3.00","16.50","22.00","11","3.67","3","1.00","0","0.0","0","0","0","1","4","28.6","0","","3","0.136","0","","3","75.0","0","","1","1","100.0","0","77.1","21.1","6.4","","100.0","","","0.44","0.7","9.6","5.9","0.5","0.27","5.9"
"38","Pat Freiermuth","PIT","TE","17","2025","44","95.7","6.0","48","9.8","8","0.5","18.6","0.18","5","62.5","66","3.9","21.8","1.50","8.25","13.20","34","6.80","10","2.00","0","0.0","1","0","0","0","6","16.7","1","0.20","4","0.091","0","","5","62.5","1","12.5","0","0","0.0","0","88.5","20.0","1.0","","100.0","","","0.26","0.7","11.6","13.9","0.8","0.32","13.9"
"39","Chimere Dike","TEN","WR","17","2025","52","96.3","14.4","173","37.0","12","0.7","26.1","0.23","6","50.0","64","3.8","29.9","1.23","5.33","10.67","15","2.50","3","0.50","2","66.7","2","2","1","5","10","33.3","0","","4","0.077","1","8.3","7","58.3","1","8.3","1","0","0.0","0","105.6","30.0","-3.5","","100.0","","","0.47","1.4","24.4","25.5","1.5","0.49","25.5"
"40","Jauan Jennings","SF","WR","15","2025","35","97.2","6.5","84","35.3","13","0.9","36.1","0.37","9","69.2","63","4.2","32.8","1.80","4.85","7.00","19","2.11","12","1.33","1","50.0","1","1","1","1","12","54.5","0","","5","0.143","2","15.4","11","84.6","0","","3","3","100.0","0","105.6","43.3","-2.3","","100.0","","","0.61","1.4","21.3","20.2","1.3","0.58","20.2"
"41","Malik Washington","MIA","WR","17","2025","20","90.9","4.5","27","23.1","6","0.4","30.0","0.30","5","83.3","63","3.7","59.4","3.15","10.50","12.60","40","8.00","31","6.20","0","0.0","1","0","0","0","4","26.7","2","0.40","3","0.150","0","","5","83.3","1","16.7","0","0","0.0","0","110.4","33.3","3.9","","100.0","","","0.57","0.7","11.3","10.1","0.6","0.51","10.1"
"42","Cooper Kupp","SEA","WR","16","2025","31","96.9","10.3","62","24.8","6","0.4","19.4","0.19","4","66.7","61","3.8","28.2","1.97","10.17","15.25","26","6.50","13","3.25","1","33.3","1","0","0","0","5","21.7","0","","2","0.065","1","16.7","5","83.3","0","","1","1","100.0","0","139.6","22.2","1.8","","100.0","","","0.52","1.0","16.1","12.0","0.8","0.39","12.0"
"43","Marquise Brown","KC","WR","16","2025","36","97.3","9.7","107","49.8","11","0.7","34.4","0.31","6","54.5","61","3.8","36.7","1.69","5.55","10.17","46","7.67","8","1.33","1","100.0","2","0","0","2","9","37.5","0","","3","0.083","0","","7","63.6","2","18.2","1","0","0.0","0","63.1","37.9","-2.6","","100.0","","","0.50","1.1","18.1","24.5","1.5","0.68","24.5"
"44","Cade Otton","TB","TE","16","2025","57","85.1","5.9","47","12.7","8","0.5","16.0","0.14","6","75.0","60","3.8","21.7","1.05","7.50","10.00","34","5.67","12","2.00","0","0.0","1","0","0","0","6","16.7","1","0.17","3","0.053","0","","6","75.0","0","","1","1","100.0","0","95.8","17.0","0.5","","100.0","","","0.21","0.8","12.0","13.1","0.8","0.23","13.1"
"45","Travis Hunter","JAX","WR","7","2025","20","95.2","13.0","65","37.4","5","0.7","26.3","0.25","3","60.0","60","8.6","43.5","3.00","12.00","20.00","12","4.00","2","0.67","1","50.0","0","0","0","1","4","28.6","1","0.33","2","0.100","0","","3","60.0","0","","1","1","100.0","0","141.7","29.4","2.9","","100.0","","","0.75","2.1","15.0","8.7","1.2","0.44","8.7"
"46","George Kittle","SF","TE","11","2025","19","95.0","9.2","55","36.2","6","0.5","33.3","0.32","4","66.7","59","5.4","42.8","3.11","9.83","14.75","4","1.00","1","0.25","0","0.0","2","0","0","1","4","36.4","0","","3","0.158","0","","4","66.7","0","","3","3","100.0","1","98.6","37.5","2.6","","100.0","","","0.52","0.9","9.9","8.0","0.7","0.42","8.0"
"47","Brock Bowers","LV","TE","12","2025","36","97.3","7.4","52","23.6","7","0.6","21.2","0.19","4","57.1","59","4.9","23.5","1.64","8.43","14.75","42","10.50","11","2.75","0","0.0","2","1","0","1","4","18.2","0","","2","0.056","0","","4","57.1","0","","2","1","50.0","0","84.8","21.9","0.8","","100.0","","","0.28","0.8","9.9","15.3","1.3","0.43","15.3"
"48","Calvin Austin","PIT","WR","14","2025","33","100.0","12.1","121","32.0","10","0.7","32.3","0.30","4","40.0","58","4.1","28.7","1.76","5.80","14.50","26","6.50","17","4.25","0","0.0","0","0","0","2","9","37.5","0","","2","0.061","1","10.0","6","60.0","2","20.0","2","1","50.0","1","59.6","33.3","-2.9","","100.0","","","0.30","0.7","9.8","16.2","1.2","0.49","16.2"
"49","Colston Loveland","CHI","TE","16","2025","25","80.6","10.0","70","37.0","7","0.4","25.0","0.28","5","71.4","58","3.6","30.4","2.32","8.29","11.60","9","1.80","6","1.20","1","50.0","4","2","0","0","7","31.8","0","","3","0.120","0","","6","85.7","0","","3","2","66.7","0","135.7","26.9","-0.5","","100.0","","","0.67","1.1","16.8","14.9","0.9","0.59","14.9"
"50","Ryan Flournoy","DAL","WR","15","2025","11","91.7","4.8","19","38.0","4","0.3","36.4","0.36","3","75.0","57","3.8","89.1","5.18","14.25","19.00","44","14.67","27","9.00","0","0.0","0","0","0","0","2","25.0","2","0.67","2","0.182","1","25.0","4","100.0","2","50.0","1","0","0.0","0","116.7","40.0","7.1","","100.0","","","0.79","0.6","8.7","7.7","0.5","0.70","7.7"
"51","Xavier Hutchinson","HST","WR","17","2025","13","92.9","6.0","24","21.4","4","0.2","36.4","0.31","4","100.0","57","3.4","54.3","4.38","14.25","14.25","33","8.25","12","3.00","2","100.0","1","0","0","0","4","50.0","0","","3","0.231","0","","4","100.0","0","","0","0","0.0","0","158.3","40.0","7.4","","100.0","","","1.67","1.3","21.7","8.3","0.5","0.64","8.3"
"52","John Metchie","PHI, NYJ","WR","16","2025","17","85.0","7.1","57","37.7","8","0.5","42.1","0.47","5","62.5","55","3.4","67.9","3.24","6.88","11.00","14","2.80","","","0","0.0","1","0","0","0","6","37.5","0","","4","0.235","1","12.5","6","75.0","0","","1","1","100.0","0","43.2","44.4","-0.3","","100.0","","","0.62","0.7","10.5","14.0","0.9","0.83","14.0"
"53","Juwan Johnson","NO","TE","17","2025","43","100.0","12.5","75","18.3","6","0.4","15.8","0.14","4","66.7","55","3.2","21.8","1.28","9.17","13.75","5","1.25","4","1.00","1","33.3","1","0","0","0","6","21.4","0","","4","0.093","0","","5","83.3","0","","2","1","50.0","1","135.4","16.2","-0.5","","100.0","","","0.36","0.9","15.5","11.4","0.7","0.26","11.4"
"54","Isaiah Likely","BLT","TE","14","2025","35","94.6","7.0","35","13.5","5","0.4","15.2","0.14","3","60.0","54","3.9","19.5","1.54","10.80","18.00","41","13.67","4","1.33","0","0.0","2","0","0","0","3","15.0","1","0.33","0","0.000","1","20.0","4","80.0","1","20.0","0","0","0.0","0","97.1","16.1","3.6","","100.0","","","0.21","0.5","7.4","6.8","0.5","0.19","6.8"
"55","Matthew Golden","GB","WR","14","2025","21","91.3","13.5","54","23.3","4","0.3","19.0","0.19","3","75.0","54","3.9","26.3","2.57","13.50","18.00","14","4.67","2","0.67","0","0.0","0","0","0","1","4","25.0","0","","3","0.143","0","","3","75.0","0","","1","0","0.0","0","116.7","19.0","4.7","","100.0","","","0.40","0.6","8.4","7.2","0.5","0.34","7.2"
"56","Josh Downs","IND","WR","16","2025","59","96.7","7.8","101","18.2","13","0.8","23.6","0.22","4","30.8","53","3.3","15.5","0.90","4.08","13.25","5","1.25","2","0.50","0","0.0","3","1","0","2","12","23.5","0","","3","0.051","0","","6","46.2","1","7.7","2","0","0.0","0","12.7","24.5","-3.2","","100.0","","","0.16","0.6","9.3","26.0","1.6","0.44","26.0"
"57","Deebo Samuel","WAS","WR","16","2025","58","98.3","9.9","109","18.1","11","0.7","21.2","0.19","4","36.4","52","3.3","18.1","0.90","4.73","13.00","39","9.75","16","4.00","0","0.0","1","0","0","2","9","22.5","2","0.50","3","0.052","1","9.1","6","54.5","3","27.3","3","1","33.3","0","52.1","22.0","-3.2","","100.0","","","0.16","0.6","9.2","27.5","1.7","0.47","27.5"
"58","Luther Burden","CHI","WR","15","2025","20","95.2","6.8","27","17.4","4","0.3","22.2","0.20","3","75.0","52","3.5","47.7","2.60","13.00","17.33","31","10.33","6","2.00","0","0.0","0","0","0","1","3","25.0","2","0.67","2","0.100","1","25.0","4","100.0","1","25.0","0","0","0.0","0","116.7","22.2","5.8","","100.0","","","0.41","0.5","8.2","5.3","0.4","0.27","5.3"
"59","Jayden Reed","GB","WR","7","2025","16","100.0","10.6","74","41.8","7","1.0","43.8","0.44","6","85.7","52","7.4","36.1","3.25","7.43","8.67","8","1.33","3","0.50","1","50.0","2","1","1","1","6","50.0","0","","3","0.188","0","","7","100.0","1","14.3","2","1","50.0","0","137.2","43.8","-0.7","","100.0","","","1.08","2.5","17.2","14.4","2.1","0.90","14.4"
"60","Josh Palmer","BUF","WR","12","2025","13","100.0","6.5","26","20.2","4","0.3","30.8","0.31","4","100.0","52","4.3","41.9","4.00","13.00","13.00","26","6.50","5","1.25","0","0.0","1","0","0","0","3","33.3","0","","2","0.154","0","","4","100.0","0","","0","0","0.0","0","118.8","30.8","5.5","","100.0","","","0.71","0.8","9.2","6.3","0.5","0.48","6.3"
"61","Andrei Iosivas","CIN","WR","17","2025","53","93.0","14.0","42","7.6","3","0.2","5.9","0.06","2","66.7","51","3.0","14.1","0.96","17.00","25.50","14","7.00","9","4.50","0","0.0","0","0","0","1","2","4.9","0","","2","0.038","0","","2","66.7","0","","1","1","100.0","1","109.7","6.1","8.0","","100.0","","","0.13","0.4","7.1","6.8","0.4","0.13","6.8"
"62","Adam Thielen","MIN, PIT","WR","16","2025","43","97.7","14.0","70","18.6","5","0.3","12.8","0.12","3","60.0","50","3.1","22.5","1.16","10.00","16.67","9","3.00","1","0.33","0","0.0","1","0","0","1","5","15.6","0","","2","0.047","1","20.0","4","80.0","0","","1","1","100.0","0","93.8","13.5","0.3","","100.0","","","0.19","0.5","8.0","10.7","0.7","0.25","10.7"
"63","Jerry Jeudy","CLV","WR","17","2025","29","93.5","7.9","79","36.1","10","0.6","37.0","0.34","5","50.0","49","2.9","36.6","1.69","4.90","9.80","29","5.80","12","2.40","0","0.0","0","0","0","1","9","50.0","0","","4","0.138","1","10.0","6","60.0","0","","0","0","0.0","0","24.6","45.5","-2.1","","100.0","","","0.34","0.6","9.9","21.4","1.3","0.74","21.4"
"64","Justin Jefferson","MIN","WR","17","2025","31","96.9","13.9","125","44.3","9","0.5","32.1","0.29","4","44.4","49","2.9","23.0","1.58","5.44","12.25","14","3.50","2","0.50","1","100.0","3","1","1","1","8","38.1","0","","3","0.097","1","11.1","5","55.6","0","","0","0","0.0","0","59.3","34.6","-3.8","","100.0","","","0.48","0.9","14.9","19.3","1.1","0.62","19.3"
"65","Brian Thomas","JAX","WR","14","2025","21","100.0","14.6","73","37.2","5","0.4","25.0","0.24","2","40.0","47","3.4","28.8","2.24","9.40","23.50","11","5.50","3","1.50","0","0.0","0","0","0","2","4","30.8","0","","2","0.095","1","20.0","3","60.0","0","","0","0","0.0","0","74.6","25.0","0.5","","100.0","","","0.32","0.5","6.7","8.0","0.6","0.38","8.0"
"66","Dontayvion Wicks","GB","WR","14","2025","27","93.1","10.6","85","45.0","8","0.6","29.6","0.30","5","62.5","47","3.4","26.6","1.74","5.88","9.40","3","0.60","1","0.20","0","0.0","0","0","0","1","8","47.1","0","","3","0.111","0","","6","75.0","0","","2","1","50.0","0","78.6","33.3","-2.3","","100.0","","","0.36","0.7","9.7","13.4","1.0","0.50","13.4"
"67","Nico Collins","HST","WR","15","2025","13","100.0","16.2","81","64.3","5","0.3","38.5","0.38","3","60.0","47","3.1","52.8","3.62","9.40","15.67","9","3.00","6","2.00","0","0.0","0","1","0","1","4","33.3","0","","3","0.231","0","","3","60.0","0","","1","1","100.0","0","91.3","38.5","-0.3","","100.0","","","0.59","0.5","7.7","14.0","0.9","1.08","14.0"
"68","Elijah Moore","BUF","WR","9","2025","6","100.0","12.5","25","51.0","2","0.2","50.0","0.33","2","100.0","45","5.0","68.2","7.50","22.50","22.50","20","10.00","","","0","0.0","0","0","0","0","1","33.3","0","","2","0.333","0","","2","100.0","0","","1","1","100.0","0","118.8","50.0","13.4","","100.0","","","1.08","0.7","6.5","3.0","0.3","0.51","3.0"
"69","Malik Nabers","NYG","WR","4","2025","8","100.0","11.3","45","102.3","4","1.0","66.7","0.50","3","75.0","44","11.0","78.6","5.50","11.00","14.67","16","5.33","29","9.67","0","0.0","1","0","0","0","4","66.7","1","0.33","2","0.250","0","","3","75.0","1","25.0","0","0","0.0","0","110.4","66.7","1.9","","100.0","","","0.93","1.9","7.4","7.8","2.0","0.98","7.8"
"70","Rashid Shaheed","SEA, NO","WR","18","2025","29","100.0","3.4","24","11.8","7","0.4","26.9","0.24","7","100.0","43","2.4","25.7","1.48","6.14","6.14","19","2.71","6","0.86","0","0.0","1","0","0","0","7","35.0","1","0.14","3","0.103","0","","7","100.0","2","28.6","0","0","0.0","0","92.3","28.0","0.0","","100.0","","","0.39","0.6","11.3","10.7","0.6","0.37","10.7"
"71","Jonathan Taylor","IND","RB","17","2025","1","100.0","3.0","3","100.0","1","0.1","100.0","1.00","1","100.0","43","2.5","100.0","43.00","43.00","43.00","40","40.00","1","1.00","0","0.0","0","0","0","0","1","100.0","0","","1","1.000","0","","1","100.0","0","","0","0","0.0","0","118.8","100.0","36.5","","100.0","","","5.30","0.3","5.3","1.6","0.1","1.57","1.6"
"72","Davante Adams","LA","WR","14","2025","14","93.3","11.8","59","50.9","5","0.4","33.3","0.36","3","60.0","43","3.1","41.0","3.07","8.60","14.33","11","3.67","5","1.67","0","0.0","1","1","0","1","3","23.1","0","","2","0.143","0","","4","80.0","0","","1","0","0.0","0","87.9","33.3","0.5","","100.0","","","0.52","0.5","7.3","10.3","0.7","0.74","10.3"
"73","Romeo Doubs","GB","WR","16","2025","19","100.0","12.8","51","22.7","4","0.3","23.5","0.21","2","50.0","43","2.7","22.8","2.26","10.75","21.50","8","4.00","","","1","50.0","1","0","0","1","2","20.0","0","","2","0.105","1","25.0","4","100.0","0","","2","0","0.0","0","128.1","25.0","2.4","","100.0","","","0.65","0.8","12.3","8.5","0.5","0.45","8.5"
"74","Tyler Lockett","TEN, LV","WR","17","2025","52","98.1","6.1","43","13.9","7","0.4","15.9","0.13","4","57.1","43","2.5","17.0","0.83","6.14","10.75","15","3.75","3","0.75","0","0.0","0","0","0","0","5","16.1","0","","3","0.058","0","","4","57.1","0","","0","0","0.0","0","75.3","18.9","-0.7","","100.0","","","0.16","0.5","8.3","10.3","0.6","0.20","10.3"
"75","Xavier Worthy","KC","WR","14","2025","36","97.3","4.5","50","15.5","11","0.8","36.7","0.31","7","63.6","42","3.0","31.3","1.17","3.82","6.00","30","4.29","8","1.14","1","100.0","1","0","0","0","9","50.0","2","0.29","3","0.083","0","","7","63.6","3","27.3","2","2","100.0","0","101.3","42.3","-2.8","","100.0","","","0.48","1.2","17.2","23.6","1.7","0.66","23.6"
"76","Courtland Sutton","DEN","WR","17","2025","14","93.3","18.8","94","78.3","5","0.3","35.7","0.36","2","40.0","42","2.5","40.0","3.00","8.40","21.00","7","3.50","5","2.50","1","50.0","1","0","0","1","5","41.7","0","","2","0.143","0","","2","40.0","0","","2","1","50.0","0","70.4","38.5","-2.6","","100.0","","","0.87","0.7","12.2","13.1","0.8","0.94","13.1"
"77","DeVonta Smith","PHI","WR","17","2025","47","97.9","11.3","79","16.6","7","0.4","16.7","0.15","4","57.1","41","2.4","12.6","0.87","5.86","10.25","19","4.75","9","2.25","0","0.0","2","2","0","1","6","17.6","0","","1","0.021","0","","6","85.7","0","","2","0","0.0","0","74.1","17.5","-2.9","","100.0","","","0.17","0.5","8.1","16.7","1.0","0.36","16.7"
"78","Isaiah Bond","CLV","WR","16","2025","39","97.5","10.4","73","41.2","7","0.4","20.0","0.18","3","42.9","40","2.5","15.1","1.03","5.71","13.33","12","4.00","2","0.67","0","0.0","1","0","0","1","5","20.8","0","","3","0.077","0","","5","71.4","1","14.3","1","0","0.0","0","61.6","23.3","-2.3","","100.0","","","0.18","0.4","7.0","14.2","0.9","0.37","14.2"
"79","Kalif Raymond","DET","WR","15","2025","15","100.0","8.0","24","32.4","3","0.2","23.1","0.20","3","100.0","39","2.6","24.5","2.60","13.00","13.00","15","5.00","1","0.33","0","0.0","0","0","0","0","3","30.0","0","","2","0.133","0","","3","100.0","0","","2","2","100.0","0","118.8","23.1","5.7","","100.0","","","0.46","0.5","6.9","4.5","0.3","0.30","4.5"
"80","Jaylin Noel","HST","WR","17","2025","35","100.0","7.8","70","25.2","9","0.5","28.1","0.26","7","77.8","38","2.2","12.3","1.09","4.22","5.43","16","2.29","6","0.86","0","0.0","1","0","0","1","8","36.4","0","","3","0.086","0","","7","77.8","1","11.1","1","1","100.0","0","84.3","29.0","-2.8","","100.0","","","0.31","0.6","10.8","16.5","1.0","0.47","16.5"
"81","Hunter Henry","NE","TE","17","2025","51","86.4","7.9","55","9.6","7","0.4","13.2","0.14","4","57.1","37","2.2","5.4","0.73","5.29","9.25","16","4.00","9","2.25","0","0.0","3","1","0","1","7","15.9","0","","2","0.039","0","","4","57.1","0","","2","2","100.0","0","71.7","14.0","-1.6","","100.0","","","0.15","0.5","7.7","15.1","0.9","0.30","15.1"
"82","Greg Dortch","ARZ","WR","12","2025","18","100.0","0.0","0","0.0","4","0.3","23.5","0.22","4","100.0","37","3.1","30.8","2.06","9.25","9.25","37","9.25","5","1.25","1","100.0","1","0","0","0","4","30.8","4","1.00","3","0.167","0","","4","100.0","2","50.0","0","0","0.0","0","144.8","25.0","4.0","","100.0","","","0.76","1.1","13.7","5.9","0.5","0.33","5.9"
"83","Darnell Mooney","ATL","WR","15","2025","36","97.3","12.8","64","16.6","5","0.3","14.3","0.14","3","60.0","36","2.4","18.2","1.00","7.20","12.00","5","1.67","4","1.33","0","0.0","1","0","0","1","4","16.7","0","","3","0.083","0","","4","80.0","0","","2","1","50.0","0","82.1","14.3","-1.7","","100.0","","","0.18","0.4","6.6","10.6","0.7","0.30","10.6"
"84","Tyquan Thornton","KC","WR","14","2025","25","96.2","23.5","94","38.5","4","0.3","18.2","0.16","2","50.0","36","2.6","18.8","1.44","9.00","18.00","4","2.00","3","1.50","0","0.0","1","1","0","2","4","28.6","0","","1","0.040","0","","3","75.0","0","","2","1","50.0","1","81.3","19.0","-1.4","","100.0","","","0.22","0.4","5.6","11.4","0.8","0.46","11.4"
"85","Rashod Bateman","BLT","WR","13","2025","10","100.0","20.5","41","33.9","2","0.2","22.2","0.20","1","50.0","36","2.8","34.6","3.60","18.00","36.00","7","7.00","5","5.00","0","0.0","0","0","0","1","2","28.6","2","2.00","1","0.100","1","50.0","2","100.0","0","","0","0","0.0","0","95.8","22.2","7.8","","100.0","","","0.46","0.4","4.6","4.2","0.3","0.42","4.2"
"86","Michael Pittman","IND","WR","17","2025","28","100.0","7.8","39","16.7","5","0.3","19.2","0.18","4","80.0","36","2.1","23.7","1.29","7.20","9.00","10","2.50","2","0.50","0","0.0","0","0","0","0","5","21.7","0","","3","0.107","0","","5","100.0","0","","2","1","50.0","0","96.7","21.7","-0.1","","100.0","","","0.27","0.4","7.6","7.1","0.4","0.25","7.1"
"87","Jayden Higgins","HST","WR","17","2025","16","94.1","16.8","84","49.1","5","0.3","31.3","0.31","2","40.0","36","2.1","30.0","2.25","7.20","18.00","5","2.50","2","1.00","1","100.0","0","1","1","3","4","28.6","0","","2","0.125","0","","3","60.0","0","","1","0","0.0","0","105.0","31.3","-2.3","","100.0","","","0.73","0.7","11.6","8.6","0.5","0.54","8.6"
"88","Kyren Williams","LA","RB","17","2025","12","100.0","12.7","38","32.2","3","0.2","25.0","0.25","2","66.7","35","2.1","30.2","2.92","11.67","17.50","4","2.00","","","0","0.0","1","0","0","1","1","11.1","0","","1","0.083","0","","3","100.0","0","","1","0","0.0","0","106.3","25.0","3.1","","100.0","","","0.46","0.3","5.5","4.7","0.3","0.39","4.7"
"89","Tyler Warren","IND","TE","17","2025","48","96.0","10.3","72","15.0","7","0.4","14.9","0.15","3","42.9","35","2.1","11.3","0.73","5.00","11.67","5","1.67","3","1.00","1","25.0","3","2","1","0","6","15.0","0","","3","0.063","0","","4","57.1","0","","1","0","0.0","0","98.2","16.3","-3.4","","100.0","","","0.26","0.7","12.5","15.8","0.9","0.33","15.8"
"90","Jaylen Waddle","MIA","WR","16","2025","15","100.0","4.7","14","32.6","3","0.2","27.3","0.20","3","100.0","34","2.1","52.3","2.27","11.33","11.33","20","6.67","3","1.00","0","0.0","1","0","0","0","3","50.0","0","","2","0.133","0","","3","100.0","0","","0","0","0.0","0","113.9","37.5","5.2","","100.0","","","0.43","0.4","6.4","4.2","0.3","0.28","4.2"
"91","Kameron Johnson","TB","WR","17","2025","3","100.0","23.0","23","82.1","1","0.1","50.0","0.33","1","100.0","34","2.0","57.6","11.33","34.00","34.00","11","11.00","","","1","100.0","0","0","0","1","1","100.0","0","","1","0.333","0","","1","100.0","0","","0","0","0.0","0","158.3","50.0","23.8","","100.0","","","3.47","0.6","10.4","0.9","0.1","0.31","0.9"
"92","Garrett Wilson","NYJ","WR","7","2025","14","100.0","7.0","28","53.8","4","0.6","36.4","0.29","4","100.0","33","4.7","53.2","2.36","8.25","8.25","5","1.25","2","0.50","0","0.0","0","0","0","0","3","33.3","1","0.25","2","0.143","0","","4","100.0","0","","0","0","0.0","0","101.0","40.0","1.4","","100.0","","","0.52","1.0","7.3","5.3","0.8","0.38","5.3"
"93","Jack Bech","LV","WR","16","2025","5","62.5","12.5","25","67.6","2","0.1","28.6","0.40","2","100.0","33","2.1","47.1","6.60","16.50","16.50","8","4.00","5","2.50","0","0.0","0","0","0","0","1","16.7","0","","2","0.400","0","","2","100.0","0","","0","0","0.0","0","118.8","28.6","6.9","","100.0","","","1.06","0.3","5.3","3.0","0.2","0.61","3.0"
"94","Tanner Hudson","CIN","TE","13","2025","8","100.0","19.0","19","29.7","1","0.1","14.3","0.13","1","100.0","33","2.5","55.9","4.13","33.00","33.00","14","14.00","8","8.00","0","0.0","0","0","0","0","0","0.0","0","","1","0.125","0","","1","100.0","0","","0","0","0.0","0","118.8","14.3","22.4","","100.0","","","0.54","0.3","4.3","1.7","0.1","0.21","1.7"
"95","Mike Evans","TB","WR","8","2025","10","76.9","12.8","64","100.0","5","0.6","45.5","0.50","3","60.0","32","4.0","53.3","3.20","6.40","10.67","4","1.33","1","0.33","0","0.0","0","0","0","1","4","57.1","0","","3","0.300","0","","3","60.0","0","","1","1","100.0","0","39.2","50.0","-2.3","","100.0","","","0.62","0.8","6.2","9.6","1.2","0.96","9.6"
"96","Oronde Gadsden","LAC","TE","15","2025","46","97.9","8.8","53","15.7","6","0.4","15.0","0.13","3","50.0","32","2.1","13.9","0.70","5.33","10.67","11","3.67","7","2.33","0","0.0","2","1","0","0","5","15.2","1","0.33","2","0.043","0","","3","50.0","0","","0","0","0.0","0","66.0","15.8","-2.6","","100.0","","","0.13","0.4","6.2","12.2","0.8","0.26","12.2"
"97","Troy Franklin","DEN","WR","17","2025","33","94.3","5.9","41","15.8","7","0.4","21.9","0.21","5","71.4","32","1.9","11.6","0.97","4.57","6.40","9","1.80","2","0.40","0","0.0","2","1","0","0","4","17.4","2","0.40","2","0.061","0","","5","71.4","0","","0","0","0.0","0","80.7","23.3","-2.0","","100.0","","","0.22","0.4","7.2","16.7","1.0","0.51","16.7"
"98","Jake Ferguson","DAL","TE","17","2025","42","93.3","4.9","34","9.9","7","0.4","17.1","0.17","5","71.4","32","1.9","7.7","0.76","4.57","6.40","7","1.40","3","0.60","0","0.0","0","0","0","0","4","12.5","0","","2","0.048","1","14.3","7","100.0","0","","1","0","0.0","0","80.7","17.5","-2.2","","100.0","","","0.20","0.5","8.2","10.6","0.6","0.25","10.6"
"99","Jamari Thrash","CLV","WR","9","2025","22","95.7","5.7","17","9.7","3","0.3","13.6","0.14","3","100.0","31","3.4","24.4","1.41","10.33","10.33","14","4.67","4","1.33","0","0.0","0","0","0","0","2","11.1","0","","2","0.091","0","","3","100.0","0","","0","0","0.0","0","109.7","13.6","3.7","","100.0","","","0.28","0.7","6.1","4.5","0.5","0.20","4.5"
"100","Jalen Coker","CAR","WR","11","2025","34","100.0","9.3","37","11.1","4","0.4","12.9","0.12","3","75.0","31","2.8","17.9","0.91","7.75","10.33","9","3.00","5","1.67","0","0.0","1","1","0","0","3","14.3","0","","3","0.088","0","","3","75.0","0","","0","0","0.0","1","96.9","14.3","-0.3","","100.0","","","0.18","0.6","6.1","7.4","0.7","0.22","7.4"
"101","Dawson Knox","BUF","TE","17","2025","33","100.0","8.3","33","15.7","4","0.2","15.4","0.12","3","75.0","30","1.8","17.3","0.91","7.50","10.00","18","6.00","1","0.33","0","0.0","1","0","0","1","4","21.1","1","0.33","2","0.061","0","","3","75.0","0","","0","0","0.0","0","95.8","16.0","-0.6","","100.0","","","0.18","0.4","6.0","8.6","0.5","0.26","8.6"
"102","DK Metcalf","PIT","WR","15","2025","21","100.0","13.3","53","24.0","4","0.3","22.2","0.19","2","50.0","30","2.0","19.4","1.43","7.50","15.00","16","8.00","14","7.00","2","50.0","1","1","1","1","4","33.3","3","1.50","2","0.095","0","","3","75.0","0","","2","1","50.0","0","114.6","23.5","-1.2","","100.0","","","0.81","1.1","17.0","9.9","0.7","0.47","9.9"
"103","Tre Tucker","LV","WR","17","2025","19","100.0","9.4","47","28.8","5","0.3","38.5","0.26","3","60.0","30","1.8","24.6","1.58","6.00","10.00","18","6.00","6","2.00","0","0.0","0","0","0","2","5","41.7","1","0.33","1","0.053","1","20.0","4","80.0","2","40.0","0","0","0.0","0","77.1","38.5","-1.7","","100.0","","","0.32","0.4","6.0","7.2","0.4","0.38","7.2"
"104","Kayshon Boutte","NE","WR","14","2025","8","100.0","23.0","46","47.9","2","0.1","28.6","0.25","1","50.0","29","2.1","55.8","3.63","14.50","29.00","2","2.00","2","2.00","1","100.0","0","0","0","1","2","33.3","0","","1","0.125","0","","2","100.0","0","","2","1","50.0","0","135.4","33.3","2.6","","100.0","","","1.24","0.7","9.9","5.6","0.4","0.69","5.6"
"105","Elic Ayomanor","TEN","WR","16","2025","17","81.0","10.0","30","27.8","3","0.2","17.6","0.18","3","100.0","29","1.8","35.4","1.71","9.67","9.67","6","2.00","3","1.00","1","100.0","1","1","1","0","2","22.2","0","","3","0.176","0","","3","100.0","0","","1","1","100.0","0","146.5","21.4","1.6","","100.0","","","0.70","0.7","11.9","5.6","0.3","0.33","5.6"
"106","Daniel Bellinger","NYG","TE","16","2025","20","95.2","6.5","13","8.1","2","0.1","11.1","0.10","2","100.0","29","1.8","17.4","1.45","14.50","14.50","16","8.00","1","0.50","0","0.0","1","0","0","0","1","10.0","0","","2","0.100","0","","2","100.0","0","","1","1","100.0","0","118.8","11.8","6.9","","100.0","","","0.25","0.3","4.9","3.7","0.2","0.19","3.7"
"107","Malachi Corley","CLV","WR","13","2025","13","86.7","4.0","8","14.5","2","0.2","13.3","0.15","2","100.0","29","2.2","37.7","2.23","14.50","14.50","21","10.50","2","1.00","0","0.0","0","0","0","0","1","9.1","1","0.50","2","0.154","0","","2","100.0","0","","0","0","0.0","0","118.8","15.4","8.5","","100.0","","","0.38","0.4","4.9","2.6","0.2","0.20","2.6"
"108","Marvin Harrison","ARZ","WR","12","2025","12","100.0","7.0","28","31.5","4","0.3","33.3","0.33","3","75.0","29","2.4","44.6","2.42","7.25","9.67","5","1.67","","","0","0.0","0","0","0","0","4","36.4","0","","2","0.167","1","25.0","4","100.0","0","","0","0","0.0","0","94.8","33.3","-0.2","","100.0","","","0.49","0.5","5.9","7.5","0.6","0.62","7.5"
"109","Jalen McMillan","TB","WR","4","2025","2","100.0","3.0","3","21.4","1","0.3","50.0","0.50","1","100.0","28","7.0","73.7","14.00","28.00","28.00","25","25.00","1","1.00","0","0.0","0","0","0","0","1","100.0","0","","1","0.500","0","","1","100.0","0","","0","0","0.0","0","118.8","50.0","22.6","","100.0","","","1.90","1.0","3.8","1.4","0.3","0.68","1.4"
"110","KaVontae Turpin","DAL","WR","15","2025","30","93.8","3.5","14","5.5","4","0.3","12.9","0.13","2","50.0","27","1.8","10.2","0.90","6.75","13.50","34","17.00","21","10.50","0","0.0","1","1","0","1","4","16.7","1","0.50","2","0.067","0","","2","50.0","1","25.0","0","0","0.0","0","71.9","12.9","0.3","","100.0","","","0.16","0.3","4.7","7.3","0.5","0.24","7.3"
"111","James Cook","BUF","RB","17","2025","4","100.0","-1.0","-1","-7.1","1","0.1","33.3","0.25","1","100.0","27","1.6","81.8","6.75","27.00","27.00","28","28.00","2","2.00","0","0.0","0","0","0","0","1","50.0","1","1.00","1","0.250","0","","1","100.0","0","","0","0","0.0","0","118.8","33.3","21.2","","100.0","","","0.93","0.2","3.7","1.9","0.1","0.49","1.9"
"112","Greg Dulcich","MIA","TE","10","2025","7","100.0","2.5","5","10.6","2","0.2","28.6","0.29","2","100.0","27","2.7","65.9","3.86","13.50","13.50","22","11.00","1","0.50","0","0.0","0","0","0","0","2","33.3","0","","1","0.143","0","","2","100.0","1","50.0","1","1","100.0","0","118.8","28.6","7.4","","100.0","","","0.67","0.5","4.7","2.9","0.3","0.42","2.9"
"113","Olamide Zaccheaus","CHI","WR","16","2025","29","87.9","8.3","50","23.7","6","0.4","20.7","0.21","3","50.0","26","1.6","11.0","0.90","4.33","8.67","16","5.33","","","0","0.0","0","0","0","1","4","17.4","0","","2","0.069","0","","4","66.7","0","","1","0","0.0","0","61.8","22.2","-3.1","","100.0","","","0.19","0.4","5.6","9.2","0.6","0.32","9.2"
"114","Michael Mayer","LV","TE","13","2025","16","94.1","10.0","20","26.3","2","0.2","14.3","0.13","2","100.0","26","2.0","20.6","1.63","13.00","13.00","6","3.00","4","2.00","0","0.0","0","0","0","0","1","10.0","0","","2","0.125","0","","2","100.0","0","","1","1","100.0","0","118.8","14.3","3.3","","100.0","","","0.29","0.4","4.6","4.7","0.4","0.29","4.7"
"115","Kendrick Bourne","SF","WR","16","2025","16","100.0","9.0","27","13.8","3","0.2","18.8","0.19","2","66.7","26","1.6","13.9","1.63","8.67","13.00","10","5.00","8","4.00","0","0.0","0","0","0","0","3","23.1","1","0.50","2","0.125","0","","2","66.7","0","","0","0","0.0","0","93.8","18.8","1.1","","100.0","","","0.29","0.3","4.6","4.6","0.3","0.28","4.6"
"116","Ja'Marr Chase","CIN","WR","16","2025","35","100.0","5.5","33","10.9","6","0.4","18.8","0.17","4","66.7","25","1.6","12.6","0.71","4.17","6.25","9","2.25","4","1.00","0","0.0","2","1","0","0","6","24.0","0","","2","0.057","0","","6","100.0","0","","3","1","33.3","0","75.0","19.4","-2.3","","100.0","","","0.19","0.4","6.5","15.1","0.9","0.43","15.1"
"117","Ricky Pearsall","SF","WR","9","2025","13","100.0","8.8","35","50.7","4","0.4","36.4","0.31","3","75.0","25","2.8","50.0","1.92","6.25","8.33","9","3.00","3","1.00","0","0.0","2","1","0","0","3","50.0","0","","2","0.154","0","","3","75.0","1","25.0","0","0","0.0","0","90.6","44.4","-1.6","","100.0","","","0.42","0.6","5.5","9.9","1.1","0.76","9.9"
"118","Tyjae Spears","TEN","RB","13","2025","5","100.0","-3.0","-6","120.0","2","0.2","40.0","0.40","2","100.0","24","1.8","82.8","4.80","12.00","12.00","30","15.00","7","3.50","0","0.0","0","0","0","0","2","66.7","0","","1","0.200","0","","2","100.0","2","100.0","0","0","0.0","0","116.7","40.0","5.9","","100.0","","","0.88","0.3","4.4","2.9","0.2","0.57","2.9"
"119","David Njoku","CLV","TE","12","2025","25","96.2","8.0","32","33.3","4","0.3","17.4","0.16","3","75.0","24","2.0","28.9","0.96","6.00","8.00","12","4.00","7","2.33","0","0.0","1","0","0","1","3","18.8","0","","2","0.080","0","","3","75.0","0","","1","1","100.0","0","50.0","20.0","-1.8","","100.0","","","0.22","0.5","5.4","5.8","0.5","0.23","5.8"
"120","Mack Hollins","NE","WR","15","2025","19","90.5","9.5","19","10.1","2","0.1","11.8","0.11","2","100.0","23","1.5","11.3","1.21","11.50","11.50","4","2.00","2","1.00","0","0.0","0","0","0","1","2","13.3","0","","1","0.053","0","","2","100.0","0","","0","0","0.0","0","114.6","11.8","3.0","","100.0","","","0.23","0.3","4.3","2.9","0.2","0.15","2.9"
"121","Cole Kmet","CHI","TE","16","2025","11","84.6","13.3","40","43.5","3","0.2","25.0","0.27","1","33.3","22","1.4","43.1","2.00","7.33","22.00","10","10.00","6","6.00","0","0.0","0","0","0","1","3","30.0","0","","1","0.091","0","","2","66.7","0","","1","0","0.0","0","60.4","25.0","-2.3","","100.0","","","0.29","0.2","3.2","4.6","0.3","0.42","4.6"
"122","Chris Moore","WAS","WR","14","2025","9","90.0","28.0","28","27.2","1","0.1","10.0","0.11","1","100.0","22","1.6","20.6","2.44","22.00","22.00","0","","","","1","100.0","0","1","1","1","1","12.5","0","","1","0.111","0","","1","100.0","0","","1","1","100.0","1","158.3","11.1","10.9","","100.0","","","1.02","0.7","9.2","2.5","0.2","0.28","2.5"
"123","Tee Higgins","CIN","WR","15","2025","15","93.8","13.0","39","52.7","3","0.2","18.8","0.20","2","66.7","22","1.5","36.1","1.47","7.33","11.00","6","3.00","4","2.00","0","0.0","0","0","0","1","3","25.0","0","","2","0.133","0","","2","66.7","0","","1","1","100.0","0","88.2","20.0","-1.0","","100.0","","","0.28","0.3","4.2","4.5","0.3","0.30","4.5"
"124","Rome Odunze","CHI","WR","12","2025","26","89.7","11.3","34","19.7","3","0.3","11.5","0.12","2","66.7","20","1.7","12.8","0.77","6.67","10.00","0","","","","0","0.0","0","0","0","0","2","11.8","0","","1","0.038","0","","2","66.7","0","","1","1","100.0","0","85.4","13.0","-2.3","","100.0","","","0.15","0.3","4.0","9.3","0.8","0.36","9.3"
"125","Jaylin Lane","WAS","WR","15","2025","21","100.0","14.4","72","31.2","5","0.3","26.3","0.24","2","40.0","20","1.3","21.1","0.95","4.00","10.00","1","0.50","","","0","0.0","0","1","0","1","3","23.1","0","","1","0.048","1","20.0","3","60.0","0","","0","0","0.0","0","52.1","29.4","-5.1","","100.0","","","0.19","0.3","4.0","6.8","0.5","0.32","6.8"
"126","Casey Washington","ATL","WR","7","2025","5","100.0","12.5","25","83.3","2","0.3","50.0","0.40","1","50.0","19","2.7","35.2","3.80","9.50","19.00","4","4.00","2","2.00","0","0.0","0","0","0","0","2","50.0","0","","1","0.200","0","","1","50.0","0","","0","0","0.0","0","83.3","50.0","0.5","","100.0","","","0.58","0.4","2.9","3.1","0.4","0.62","3.1"
"127","Tyrone Tracy","NYG","RB","15","2025","8","100.0","6.5","13","15.9","2","0.1","33.3","0.25","2","100.0","19","1.3","20.9","2.38","9.50","9.50","11","5.50","","","1","100.0","1","1","1","0","1","33.3","0","","2","0.250","0","","2","100.0","0","","0","0","0.0","0","145.8","33.3","2.0","","100.0","","","1.24","0.7","9.9","5.0","0.3","0.62","5.0"
"128","Tre Harris","LAC","WR","17","2025","19","90.5","2.0","6","3.6","3","0.2","15.0","0.16","3","100.0","19","1.1","11.8","1.00","6.33","6.33","13","4.33","5","1.67","0","0.0","0","0","0","0","2","15.4","0","","2","0.105","0","","3","100.0","0","","1","1","100.0","0","93.1","17.6","0.3","","100.0","","","0.26","0.3","4.9","4.2","0.2","0.22","4.2"
"129","JuJu Smith-Schuster","KC","WR","17","2025","35","89.7","3.5","14","6.0","4","0.2","12.1","0.11","3","75.0","18","1.1","12.9","0.51","4.50","6.00","15","5.00","7","2.33","0","0.0","1","0","0","0","2","8.7","0","","2","0.057","0","","3","75.0","1","25.0","1","1","100.0","0","43.8","12.9","-1.7","","100.0","","","0.14","0.3","4.8","5.5","0.3","0.16","5.5"
"130","Austin Trammell","JAX","WR","6","2025","6","100.0","23.0","46","82.1","2","0.3","50.0","0.33","1","50.0","18","3.0","51.4","3.00","9.00","18.00","1","1.00","","","0","0.0","0","0","0","1","2","66.7","0","","1","0.167","0","","1","50.0","0","","0","0","0.0","0","81.3","66.7","-2.6","","100.0","","","0.47","0.5","2.8","5.5","0.9","0.92","5.5"
"131","Jimmy Horn","CAR","WR","13","2025","10","100.0","13.0","13","24.1","1","0.1","12.5","0.10","1","100.0","17","1.3","30.9","1.70","17.00","17.00","4","4.00","2","2.00","0","0.0","0","0","0","0","1","16.7","0","","1","0.100","0","","1","100.0","0","","0","0","0.0","0","118.8","16.7","8.1","","100.0","","","0.27","0.2","2.7","1.3","0.1","0.13","1.3"
"132","Christian Kirk","HST","WR","13","2025","37","97.4","11.5","69","23.2","6","0.5","16.7","0.16","2","33.3","17","1.3","8.0","0.46","2.83","8.50","6","3.00","","","0","0.0","0","0","0","2","5","17.9","0","","1","0.027","0","","3","50.0","0","","1","0","0.0","0","42.4","18.2","-4.7","","100.0","","","0.10","0.3","3.7","13.7","1.1","0.37","13.7"
"133","Gunnar Helm","TEN","TE","16","2025","16","80.0","4.7","14","7.1","3","0.2","16.7","0.19","3","100.0","17","1.1","13.8","1.06","5.67","5.67","3","1.00","2","0.67","0","0.0","1","0","0","0","2","18.2","0","","1","0.063","0","","3","100.0","0","","1","1","100.0","0","90.3","20.0","-0.7","","100.0","","","0.29","0.3","4.7","4.2","0.3","0.26","4.2"
"134","Michael Bandy","DEN","WR","4","2025","2","100.0","5.0","5","100.0","1","0.3","50.0","0.50","1","100.0","16","4.0","100.0","8.00","16.00","16.00","11","11.00","1","1.00","0","0.0","0","0","0","0","1","100.0","0","","1","0.500","0","","1","100.0","0","","0","0","0.0","0","118.8","100.0","9.6","","100.0","","","1.30","0.7","2.6","1.3","0.3","0.67","1.3"
"135","Christian McCaffrey","SF","RB","17","2025","10","100.0","5.0","5","7.8","1","0.1","10.0","0.10","1","100.0","16","0.9","45.7","1.60","16.00","16.00","11","11.00","10","10.00","0","0.0","0","0","0","0","1","14.3","1","1.00","1","0.100","0","","1","100.0","0","","0","0","0.0","0","118.8","11.1","8.8","","100.0","","","0.26","0.2","2.6","1.3","0.1","0.13","1.3"
"136","Hunter Renfrow","CAR","WR","6","2025","26","100.0","7.2","36","17.4","5","0.8","21.7","0.19","3","60.0","16","2.7","11.3","0.62","3.20","5.33","6","2.00","2","0.67","1","33.3","2","1","1","0","3","17.6","0","","2","0.077","0","","4","80.0","1","20.0","0","0","0.0","0","105.0","25.0","-4.4","","100.0","","","0.41","1.8","10.6","9.6","1.6","0.37","9.6"
"137","A.J. Brown","PHI","WR","15","2025","10","100.0","13.3","40","30.1","3","0.2","30.0","0.30","1","33.3","16","1.1","23.9","1.60","5.33","16.00","12","12.00","12","12.00","0","0.0","1","0","0","1","3","33.3","1","1.00","1","0.100","0","","1","33.3","0","","1","1","100.0","0","52.1","30.0","-3.3","","100.0","","","0.26","0.2","2.6","4.7","0.3","0.47","4.7"
"138","Xavier Legette","CAR","WR","15","2025","25","100.0","14.0","14","8.7","1","0.1","5.0","0.04","1","100.0","15","1.0","9.8","0.60","15.00","15.00","1","1.00","1","1.00","0","0.0","0","0","0","0","1","9.1","0","","1","0.040","0","","1","100.0","0","","0","0","0.0","0","118.8","5.9","5.2","","100.0","","","0.10","0.2","2.5","1.3","0.1","0.05","1.3"
"139","Evan Engram","DEN","TE","16","2025","21","87.5","2.7","8","7.1","3","0.2","13.0","0.14","2","66.7","15","0.9","7.4","0.71","5.00","7.50","8","4.00","3","1.50","0","0.0","0","0","0","0","3","17.6","0","","2","0.095","0","","2","66.7","0","","0","0","0.0","0","78.5","13.6","-1.1","","100.0","","","0.17","0.2","3.5","6.2","0.4","0.30","6.2"
"140","Justin Watson","HST","WR","3","2025","7","100.0","17.5","35","62.5","2","0.7","33.3","0.29","1","50.0","15","5.0","53.6","2.14","7.50","15.00","2","2.00","1","1.00","0","0.0","1","1","0","1","2","50.0","0","","1","0.143","0","","1","50.0","0","","0","0","0.0","0","75.0","40.0","-2.9","","100.0","","","0.36","0.8","2.5","4.6","1.5","0.66","4.6"
"141","Van Jefferson","TEN","WR","16","2025","8","88.9","14.5","29","60.4","2","0.1","25.0","0.25","1","50.0","15","0.9","16.9","1.88","7.50","15.00","4","4.00","1","1.00","0","0.0","0","0","0","0","2","66.7","0","","1","0.125","0","","1","50.0","0","","0","0","0.0","0","75.0","28.6","-2.1","","100.0","","","0.31","0.2","2.5","4.1","0.3","0.51","4.1"
"142","Dyami Brown","JAX","WR","14","2025","10","100.0","10.0","20","20.6","2","0.1","22.2","0.20","1","50.0","15","1.1","15.0","1.50","7.50","15.00","0","","","","0","0.0","0","0","0","0","2","22.2","0","","1","0.100","1","50.0","2","100.0","0","","0","0","0.0","0","75.0","22.2","-0.9","","100.0","","","0.25","0.2","2.5","3.0","0.2","0.30","3.0"
"143","Isaiah Williams","NYJ","WR","15","2025","24","100.0","0.5","1","0.7","2","0.1","10.5","0.08","2","100.0","15","1.0","10.5","0.63","7.50","7.50","14","7.00","5","2.50","0","0.0","0","0","0","0","2","11.8","0","","1","0.042","0","","2","100.0","1","50.0","0","0","0.0","0","97.9","10.5","2.1","","100.0","","","0.15","0.2","3.5","3.0","0.2","0.13","3.0"
"144","Mason Kinsey","TEN","WR","10","2025","3","100.0","11.0","11","68.8","1","0.1","50.0","0.33","1","100.0","14","1.4","70.0","4.67","14.00","14.00","3","3.00","","","0","0.0","0","0","0","0","1","50.0","0","","1","0.333","0","","1","100.0","0","","0","0","0.0","0","118.8","50.0","5.7","","100.0","","","0.80","0.2","2.4","1.5","0.1","0.49","1.5"
"145","Brock Wright","DET","TE","11","2025","4","80.0","2.0","2","5.4","1","0.1","20.0","0.25","1","100.0","14","1.3","53.8","3.50","14.00","14.00","12","12.00","5","5.00","0","0.0","0","0","0","0","1","25.0","0","","1","0.250","0","","1","100.0","0","","0","0","0.0","0","118.8","20.0","7.6","","100.0","","","0.60","0.2","2.4","1.3","0.1","0.33","1.3"
"146","Dallas Goedert","PHI","TE","15","2025","34","97.1","19.3","58","15.4","3","0.2","10.0","0.09","1","33.3","13","0.9","8.5","0.38","4.33","13.00","5","5.00","2","2.00","0","0.0","0","0","0","1","2","8.7","0","","1","0.029","0","","1","33.3","0","","0","0","0.0","0","47.9","10.7","-6.9","","100.0","","","0.07","0.2","2.3","5.7","0.4","0.17","5.7"
"147","Jordan Addison","MIN","WR","14","2025","13","100.0","11.0","44","38.6","4","0.3","40.0","0.31","2","50.0","13","0.9","28.9","1.00","3.25","6.50","1","0.50","-1","-0.50","0","0.0","2","0","0","1","4","40.0","0","","2","0.154","1","25.0","3","75.0","0","","2","1","50.0","0","57.3","40.0","-4.4","","100.0","","","0.25","0.2","3.3","9.5","0.7","0.73","9.5"
"148","Keon Coleman","BUF","WR","13","2025","12","92.3","14.5","58","62.4","4","0.3","36.4","0.33","1","25.0","13","1.0","15.7","1.08","3.25","13.00","3","3.00","3","3.00","0","0.0","1","1","0","0","4","44.4","0","","1","0.083","1","25.0","2","50.0","0","","1","1","100.0","0","40.6","36.4","-6.9","","100.0","","","0.19","0.2","2.3","8.6","0.7","0.72","8.6"
"149","Marvin Mims","DEN","WR","15","2025","6","100.0","-4.0","-4","-10.3","1","0.1","25.0","0.17","1","100.0","13","0.9","40.6","2.17","13.00","13.00","17","17.00","","","0","0.0","0","0","0","0","1","33.3","0","","1","0.167","0","","1","100.0","1","100.0","0","0","0.0","0","118.8","33.3","8.5","","100.0","","","0.38","0.2","2.3","1.5","0.1","0.25","1.5"
"150","Tory Horton","SEA","WR","8","2025","6","85.7","7.0","7","13.7","1","0.1","14.3","0.17","1","100.0","13","1.6","23.6","2.17","13.00","13.00","6","6.00","6","6.00","0","0.0","0","0","0","0","1","16.7","0","","1","0.167","0","","1","100.0","0","","1","1","100.0","0","118.8","14.3","5.9","","100.0","","","0.38","0.3","2.3","1.4","0.2","0.24","1.4"
"151","Zach Ertz","WAS","TE","13","2025","42","95.5","8.0","72","16.0","9","0.7","22.5","0.21","3","33.3","13","1.0","5.1","0.31","1.44","4.33","1","0.33","1","0.33","0","0.0","0","0","0","0","9","26.5","0","","1","0.024","2","22.2","6","66.7","0","","4","3","75.0","0","42.4","23.1","-6.1","","100.0","","","0.10","0.3","4.3","17.6","1.4","0.42","17.6"
"152","Demarcus Robinson","SF","WR","14","2025","25","96.2","13.0","13","7.2","1","0.1","4.0","0.04","1","100.0","12","0.9","6.8","0.48","12.00","12.00","-1","-1.00","","","0","0.0","0","0","0","0","1","6.3","0","","1","0.040","0","","1","100.0","0","","0","0","0.0","0","116.7","4.8","3.1","","100.0","","","0.09","0.2","2.2","1.5","0.1","0.06","1.5"
"153","Austin Hooper","NE","TE","16","2025","3","75.0","11.0","11","61.1","1","0.1","25.0","0.33","1","100.0","12","0.8","30.8","4.00","12.00","12.00","1","1.00","1","1.00","0","0.0","0","0","0","0","1","25.0","0","","1","0.333","0","","1","100.0","0","","0","0","0.0","0","116.7","25.0","3.3","","100.0","","","0.73","0.1","2.2","1.4","0.1","0.46","1.4"
"154","Tyler Conklin","LAC","TE","10","2025","9","100.0","5.0","5","6.4","1","0.1","11.1","0.11","1","100.0","12","1.2","15.4","1.33","12.00","12.00","7","7.00","2","2.00","0","0.0","0","0","0","0","1","14.3","0","","0","0.000","0","","1","100.0","0","","0","0","0.0","0","116.7","12.5","5.5","","100.0","","","0.24","0.2","2.2","1.5","0.1","0.16","1.5"
"155","Adonai Mitchell","IND, NYJ","WR","16","2025","16","94.1","12.2","61","51.7","5","0.3","29.4","0.31","1","20.0","12","0.8","14.0","0.75","2.40","12.00","1","1.00","","","0","0.0","0","0","0","0","5","38.5","0","","0","0.000","1","20.0","3","60.0","0","","0","0","0.0","0","39.6","31.3","-6.5","","100.0","","","0.14","0.1","2.2","8.3","0.5","0.52","8.3"
"156","Noah Fant","CIN","TE","15","2025","19","100.0","3.0","9","6.1","3","0.2","16.7","0.16","3","100.0","12","0.8","18.2","0.63","4.00","4.00","4","1.33","4","1.33","1","50.0","1","1","1","0","3","21.4","0","","1","0.053","0","","3","100.0","0","","0","0","0.0","0","122.9","17.6","-2.2","","100.0","","","0.54","0.7","10.2","7.4","0.5","0.39","7.4"
"157","Will Shipley","PHI","RB","15","2025","2","100.0","-4.0","-4","-40.0","1","0.1","50.0","0.50","1","100.0","12","0.8","41.4","6.00","12.00","12.00","16","16.00","","","0","0.0","0","0","0","0","1","50.0","0","","1","0.500","0","","1","100.0","1","100.0","0","0","0.0","0","116.7","50.0","6.4","","100.0","","","1.10","0.1","2.2","1.6","0.1","0.81","1.6"
"158","Tim Patrick","JAX","WR","16","2025","20","95.2","14.0","28","16.1","2","0.1","10.5","0.10","1","50.0","11","0.7","8.3","0.55","5.50","11.00","0","","","","0","0.0","0","0","0","0","1","7.7","0","","1","0.050","0","","1","50.0","0","","2","1","50.0","0","66.7","12.5","-4.5","","100.0","","","0.11","0.1","2.1","4.1","0.3","0.21","4.1"
"159","Gabe Davis","BUF","WR","6","2025","4","100.0","3.0","3","50.0","1","0.2","25.0","0.25","1","100.0","11","1.8","84.6","2.75","11.00","11.00","8","8.00","4","4.00","0","0.0","0","0","0","0","1","33.3","1","1.00","1","0.250","0","","1","100.0","0","","0","0","0.0","0","112.5","33.3","5.6","","100.0","","","0.53","0.4","2.1","1.4","0.2","0.35","1.4"
"160","Shedrick Jackson","LV","WR","5","2025","2","100.0","11.0","11","78.6","1","0.2","50.0","0.50","1","100.0","11","2.2","64.7","5.50","11.00","11.00","0","","","","0","0.0","0","0","0","0","1","100.0","0","","1","0.500","0","","1","100.0","0","","0","0","0.0","0","112.5","50.0","2.7","","100.0","","","1.05","0.4","2.1","1.5","0.3","0.76","1.5"
"161","Jordan Whittington","LA","WR","17","2025","23","85.2","12.0","36","12.7","3","0.2","11.5","0.13","2","66.7","11","0.6","5.7","0.48","3.67","5.50","10","5.00","10","5.00","0","0.0","0","0","0","1","1","5.0","2","1.00","1","0.043","0","","3","100.0","0","","1","0","0.0","0","72.9","11.5","-4.5","","100.0","","","0.13","0.2","3.1","4.5","0.3","0.19","4.5"
"162","Tez Johnson","TB","WR","16","2025","27","93.1","18.5","37","19.5","2","0.1","8.7","0.07","1","50.0","11","0.7","15.5","0.41","5.50","11.00","-3","-3.00","-3","-3.00","0","0.0","1","1","0","1","1","6.7","1","1.00","1","0.037","0","","1","50.0","0","","0","0","0.0","0","66.7","8.7","-4.5","","100.0","","","0.08","0.1","2.1","4.8","0.3","0.18","4.8"
"163","Chig Okonkwo","TEN","TE","17","2025","33","89.2","8.2","41","14.1","5","0.3","16.1","0.15","2","40.0","10","0.6","6.4","0.30","2.00","5.00","3","1.50","","","0","0.0","0","0","0","1","5","21.7","0","","0","0.000","0","","2","40.0","1","20.0","0","0","0.0","0","47.9","19.2","-5.9","","100.0","","","0.09","0.2","3.0","11.5","0.7","0.35","11.5"
"164","Sam LaPorta","DET","TE","9","2025","21","91.3","7.7","23","12.0","3","0.3","15.0","0.14","1","33.3","10","1.1","6.3","0.48","3.33","10.00","0","","","","0","0.0","1","0","0","0","2","13.3","0","","1","0.048","0","","1","33.3","0","","0","0","0.0","0","43.8","15.8","-4.0","","100.0","","","0.10","0.2","2.0","4.5","0.5","0.21","4.5"
"165","Kenneth Gainwell","PIT","RB","17","2025","8","100.0","3.0","6","5.8","2","0.1","25.0","0.25","2","100.0","10","0.6","17.5","1.25","5.00","5.00","4","2.00","","","0","0.0","0","0","0","0","2","25.0","0","","0","0.000","0","","2","100.0","0","","0","0","0.0","0","87.5","25.0","-1.5","","100.0","","","0.38","0.2","3.0","3.3","0.2","0.42","3.3"
"166","Tylan Wallace","BLT","WR","14","2025","8","100.0","3.0","3","5.2","1","0.1","14.3","0.13","1","100.0","10","0.7","17.2","1.25","10.00","10.00","7","7.00","4","4.00","0","0.0","0","0","0","0","0","0.0","0","","1","0.125","0","","1","100.0","0","","0","0","0.0","0","108.3","14.3","4.6","","100.0","","","0.25","0.1","2.0","1.4","0.1","0.17","1.4"
"167","Allen Lazard","NYJ","WR","10","2025","10","100.0","10.5","21","19.1","2","0.2","22.2","0.20","1","50.0","10","1.0","19.6","1.00","5.00","10.00","1","1.00","1","1.00","0","0.0","0","0","0","0","0","0.0","0","","1","0.100","0","","1","50.0","0","","1","1","100.0","0","64.6","22.2","-3.2","","100.0","","","0.20","0.2","2.0","3.3","0.3","0.33","3.3"
"168","DJ Moore","CHI","WR","17","2025","20","87.0","13.7","41","23.0","3","0.2","15.0","0.15","2","66.7","10","0.6","7.1","0.50","3.33","5.00","3","1.50","1","0.50","0","0.0","0","0","0","1","3","18.8","0","","0","0.000","0","","2","66.7","1","33.3","0","0","0.0","0","71.5","15.8","-5.9","","100.0","","","0.15","0.2","3.0","7.0","0.4","0.35","7.0"
"169","Emeka Egbuka","TB","WR","17","2025","44","97.8","10.4","83","25.7","8","0.5","21.1","0.18","1","12.5","9","0.5","5.1","0.20","1.13","9.00","4","4.00","2","2.00","0","0.0","0","0","0","0","5","20.8","0","","0","0.000","3","37.5","4","50.0","0","","1","0","0.0","0","0.0","22.2","-7.2","","100.0","","","0.04","0.1","1.9","15.0","0.9","0.34","15.0"
"170","Cody White","SEA","WR","9","2025","6","100.0","6.5","13","20.6","2","0.2","33.3","0.33","1","50.0","9","1.0","17.6","1.50","4.50","9.00","3","3.00","1","1.00","0","0.0","0","0","0","0","1","25.0","0","","0","0.000","0","","1","50.0","0","","0","0","0.0","0","22.9","33.3","-2.5","","100.0","","","0.32","0.2","1.9","3.0","0.3","0.50","3.0"
"171","DeAndre Hopkins","BLT","WR","17","2025","19","100.0","14.3","43","22.2","3","0.2","18.8","0.16","1","33.3","9","0.5","4.6","0.47","3.00","9.00","0","","","","0","0.0","0","0","0","1","2","18.2","0","","1","0.053","0","","1","33.3","0","","1","1","100.0","0","42.4","18.8","-6.2","","100.0","","","0.10","0.1","1.9","4.9","0.3","0.26","4.9"
"172","Luke Musgrave","GB","TE","17","2025","6","100.0","2.0","2","3.3","1","0.1","20.0","0.17","1","100.0","9","0.5","52.9","1.50","9.00","9.00","7","7.00","3","3.00","0","0.0","0","0","0","0","1","20.0","0","","1","0.167","0","","1","100.0","0","","0","0","0.0","0","104.2","20.0","2.6","","100.0","","","0.32","0.1","1.9","1.4","0.1","0.23","1.4"
"173","Alex Bachman","LV","WR","13","2025","2","66.7","6.0","6","600.0","1","0.1","33.3","0.50","1","100.0","9","0.7","64.3","4.50","9.00","9.00","3","3.00","2","2.00","0","0.0","0","0","0","0","1","33.3","0","","1","0.500","0","","1","100.0","0","","0","0","0.0","0","104.2","33.3","2.1","","100.0","","","0.95","0.1","1.9","1.5","0.1","0.74","1.5"
"174","Chase Brown","CIN","RB","17","2025","7","100.0","4.0","4","5.6","1","0.1","14.3","0.14","1","100.0","9","0.5","13.8","1.29","9.00","9.00","5","5.00","2","2.00","1","100.0","1","0","0","0","1","33.3","1","1.00","1","0.143","0","","1","100.0","0","","0","0","0.0","0","143.8","14.3","2.3","","100.0","","","1.13","0.5","7.9","2.3","0.1","0.33","2.3"
"175","Chris Godwin","TB","WR","9","2025","36","97.3","9.3","28","18.7","3","0.3","11.5","0.08","1","33.3","8","0.9","6.6","0.22","2.67","8.00","-1","-1.00","-1","-1.00","0","0.0","0","0","0","0","2","12.5","0","","0","0.000","1","33.3","2","66.7","0","","0","0","0.0","0","42.4","13.0","-4.8","","100.0","","","0.05","0.2","1.8","4.7","0.5","0.13","4.7"
"176","Mitchell Tinsley","CIN","WR","17","2025","7","100.0","-1.0","-1","-2.0","1","0.1","16.7","0.14","1","100.0","8","0.5","11.9","1.14","8.00","8.00","9","9.00","1","1.00","0","0.0","0","0","0","0","1","16.7","0","","0","0.000","0","","1","100.0","0","","0","0","0.0","0","100.0","16.7","1.8","","100.0","","","0.26","0.1","1.8","1.5","0.1","0.21","1.5"
"177","Rashee Rice","KC","WR","8","2025","25","100.0","9.7","58","31.7","6","0.8","26.1","0.24","1","16.7","7","0.9","8.0","0.28","1.17","7.00","12","12.00","","","0","0.0","1","1","0","0","3","18.8","1","1.00","1","0.040","1","16.7","3","50.0","1","16.7","0","0","0.0","0","0.0","30.0","-7.4","","100.0","","","0.07","0.2","1.7","12.3","1.5","0.49","12.3"
"178","Darren Waller","MIA","TE","9","2025","7","100.0","5.0","5","10.0","1","0.1","20.0","0.14","1","100.0","7","0.8","16.3","1.00","7.00","7.00","2","2.00","2","2.00","0","0.0","0","0","0","0","1","20.0","0","","1","0.143","0","","1","100.0","0","","1","1","100.0","0","95.8","20.0","0.5","","100.0","","","0.24","0.2","1.7","1.4","0.2","0.20","1.4"
"179","Mike Gesicki","CIN","TE","13","2025","30","96.8","6.0","30","9.2","5","0.4","17.2","0.17","2","40.0","7","0.5","3.3","0.23","1.40","3.50","2","1.00","","","0","0.0","2","1","0","0","4","19.0","0","","2","0.067","0","","3","60.0","0","","1","1","100.0","0","47.9","17.9","-6.0","","100.0","","","0.09","0.2","2.7","10.0","0.8","0.33","10.0"
"180","Malik Heath","GB","WR","11","2025","9","100.0","2.0","2","1.9","1","0.1","12.5","0.11","1","100.0","7","0.6","18.4","0.78","7.00","7.00","5","5.00","","","0","0.0","0","0","0","0","1","25.0","0","","1","0.111","0","","1","100.0","0","","0","0","0.0","0","95.8","14.3","1.7","","100.0","","","0.19","0.2","1.7","1.4","0.1","0.15","1.4"
"181","Jahmyr Gibbs","DET","RB","17","2025","6","100.0","6.0","6","21.4","1","0.1","16.7","0.17","1","100.0","7","0.4","58.3","1.17","7.00","7.00","1","1.00","","","0","0.0","1","0","0","0","1","16.7","0","","0","0.000","0","","1","100.0","0","","0","0","0.0","0","95.8","16.7","-0.7","","100.0","","","0.28","0.1","1.7","1.5","0.1","0.25","1.5"
"182","Scott Miller","PIT","WR","13","2025","8","100.0","6.0","6","6.5","1","0.1","12.5","0.13","1","100.0","7","0.5","9.1","0.88","7.00","7.00","1","1.00","","","0","0.0","0","0","0","0","1","20.0","0","","1","0.125","0","","1","100.0","0","","0","0","0.0","0","95.8","14.3","0.1","","100.0","","","0.21","0.1","1.7","3.0","0.2","0.37","3.0"
"183","Ja'Tavion Sanders","CAR","TE","13","2025","23","100.0","3.0","6","3.4","2","0.2","10.5","0.09","2","100.0","7","0.5","5.4","0.30","3.50","3.50","1","0.50","1","0.50","0","0.0","2","0","0","0","2","12.5","0","","1","0.043","0","","2","100.0","0","","0","0","0.0","0","81.3","11.1","-2.8","","100.0","","","0.12","0.2","2.7","7.5","0.6","0.33","7.5"
"184","Anthony Firkser","DET","TE","7","2025","13","100.0","4.0","4","7.4","1","0.1","8.3","0.08","1","100.0","6","0.9","7.7","0.46","6.00","6.00","2","2.00","1","1.00","0","0.0","0","0","0","0","1","14.3","0","","1","0.077","0","","1","100.0","0","","0","0","0.0","0","91.7","11.1","-0.1","","100.0","","","0.12","0.2","1.6","1.6","0.2","0.12","1.6"
"185","T.J. Hockenson","MIN","TE","15","2025","21","84.0","0.5","1","0.4","2","0.1","10.0","0.10","2","100.0","6","0.4","4.1","0.29","3.00","3.00","5","2.50","3","1.50","0","0.0","0","0","0","0","2","11.1","0","","1","0.048","0","","2","100.0","1","50.0","0","0","0.0","0","79.2","10.5","-2.7","","100.0","","","0.12","0.2","2.6","3.5","0.2","0.17","3.5"
"186","Braxton Berrios","HST","WR","4","2025","2","100.0","5.0","5","125.0","1","0.3","50.0","0.50","1","100.0","6","1.5","26.1","3.00","6.00","6.00","1","1.00","","","0","0.0","1","0","0","0","1","50.0","0","","1","0.500","0","","1","100.0","0","","0","0","0.0","0","91.7","50.0","-0.4","","100.0","","","0.80","0.4","1.6","1.5","0.4","0.73","1.5"
"187","Mason Taylor","NYJ","TE","13","2025","24","92.3","8.3","25","11.8","3","0.2","13.6","0.13","1","33.3","6","0.5","5.0","0.25","2.00","6.00","0","","1","1.00","0","0.0","1","1","0","0","2","12.5","0","","1","0.042","0","","1","33.3","0","","0","0","0.0","0","42.4","14.3","-6.1","","100.0","","","0.07","0.1","1.6","7.9","0.6","0.33","7.9"
"188","Woody Marks","HST","RB","16","2025","4","100.0","-4.0","-4","-17.4","1","0.1","25.0","0.25","1","100.0","6","0.4","22.2","1.50","6.00","6.00","10","10.00","3","3.00","0","0.0","0","0","0","0","1","25.0","0","","1","0.250","0","","1","100.0","1","100.0","0","0","0.0","0","91.7","25.0","0.4","","100.0","","","0.40","0.1","1.6","1.9","0.1","0.47","1.9"
"189","Mason Tipton","NO","WR","13","2025","9","90.0","4.0","4","5.3","1","0.1","11.1","0.11","1","100.0","5","0.4","9.6","0.56","5.00","5.00","1","1.00","","","0","0.0","0","0","0","0","1","14.3","0","","0","0.000","0","","1","100.0","0","","0","0","0.0","0","87.5","11.1","-1.0","","100.0","","","0.17","0.1","1.5","1.3","0.1","0.15","1.3"
"190","Cade Stover","HST","TE","9","2025","1","100.0","3.0","3","100.0","1","0.1","100.0","1.00","1","100.0","5","0.6","100.0","5.00","5.00","5.00","2","2.00","1","1.00","0","0.0","0","0","0","0","1","100.0","0","","1","1.000","0","","1","100.0","0","","1","1","100.0","0","87.5","100.0","-1.3","","100.0","","","1.50","0.2","1.5","1.3","0.1","1.28","1.3"
"191","Stone Smartt","NYJ","TE","8","2025","3","100.0","5.0","5","23.8","1","0.1","33.3","0.33","1","100.0","5","0.6","38.5","1.67","5.00","5.00","0","","","","0","0.0","0","0","0","0","1","33.3","0","","0","0.000","0","","1","100.0","0","","1","1","100.0","0","87.5","33.3","-1.5","","100.0","","","0.50","0.2","1.5","1.3","0.2","0.45","1.3"
"192","Jonnu Smith","PIT","TE","17","2025","20","100.0","6.7","20","10.7","3","0.2","17.6","0.15","2","66.7","5","0.3","5.8","0.25","1.67","2.50","3","1.50","2","1.00","0","0.0","1","1","0","0","3","20.0","1","0.50","0","0.000","0","","2","66.7","1","33.3","1","1","100.0","0","70.1","18.8","-6.8","","100.0","","","0.13","0.1","2.5","5.3","0.3","0.27","5.3"
"193","Jalen Tolbert","DAL","WR","13","2025","23","100.0","5.0","5","1.9","1","0.1","4.5","0.04","1","100.0","5","0.4","1.9","0.22","5.00","5.00","0","","","","0","0.0","0","0","0","0","1","5.6","0","","0","0.000","0","","1","100.0","0","","0","0","0.0","0","87.5","4.5","-1.4","","100.0","","","0.07","0.1","1.5","1.4","0.1","0.06","1.4"
"194","Cam Skattebo","NYG","RB","8","2025","1","100.0","-4.0","-4","100.0","1","0.1","100.0","1.00","1","100.0","4","0.5","100.0","4.00","4.00","4.00","8","8.00","1","1.00","0","0.0","0","0","0","0","1","100.0","0","","0","0.000","0","","1","100.0","1","100.0","0","0","0.0","0","83.3","100.0","-1.6","","100.0","","","1.40","0.2","1.4","1.4","0.2","1.43","1.4"
"195","Jake Tonges","SF","TE","16","2025","6","100.0","13.0","26","27.7","2","0.1","33.3","0.33","1","50.0","4","0.3","6.3","0.67","2.00","4.00","0","","","","1","100.0","1","1","1","0","0","0.0","0","","1","0.167","0","","2","100.0","0","","1","0","0.0","0","95.8","33.3","-7.7","","100.0","","","1.23","0.5","7.4","5.2","0.3","0.86","5.2"
"196","Brashard Smith","KC","RB","17","2025","7","100.0","4.3","13","108.3","3","0.2","50.0","0.43","1","33.3","4","0.2","23.5","0.57","1.33","4.00","7","7.00","3","3.00","0","0.0","0","0","0","0","3","60.0","0","","0","0.000","0","","2","66.7","1","33.3","0","0","0.0","0","42.4","60.0","-5.5","","100.0","","","0.20","0.1","1.4","4.2","0.2","0.59","4.2"
"197","Xavier Gipson","PHI, NYJ","WR","6","2025","2","100.0","-5.0","-5","-250.0","1","0.2","50.0","0.50","1","100.0","3","0.5","15.0","1.50","3.00","3.00","8","8.00","","","0","0.0","0","0","0","0","1","50.0","0","","0","0.000","0","","1","100.0","1","100.0","0","0","0.0","0","79.2","50.0","-1.2","","100.0","","","0.65","0.2","1.3","1.4","0.2","0.72","1.4"
"198","Hunter Long","JAX","TE","9","2025","6","66.7","3.0","3","5.6","1","0.1","12.5","0.17","1","100.0","3","0.3","6.8","0.50","3.00","3.00","0","","","","0","0.0","0","0","0","0","1","14.3","0","","0","0.000","0","","1","100.0","0","","0","0","0.0","0","79.2","12.5","-3.3","","100.0","","","0.22","0.1","1.3","1.4","0.2","0.23","1.4"
"199","D'Andre Swift","CHI","RB","16","2025","1","100.0","-4.0","-4","100.0","1","0.1","100.0","1.00","1","100.0","3","0.2","100.0","3.00","3.00","3.00","7","7.00","3","3.00","0","0.0","0","0","0","0","1","100.0","0","","0","0.000","0","","1","100.0","1","100.0","0","0","0.0","0","79.2","100.0","-2.6","","100.0","","","1.30","0.1","1.3","1.7","0.1","1.66","1.7"
"200","Rachaad White","TB","RB","17","2025","10","100.0","-3.0","-3","-6.0","1","0.1","14.3","0.10","1","100.0","2","0.1","7.7","0.20","2.00","2.00","5","5.00","","","0","0.0","0","0","0","0","1","50.0","0","","0","0.000","0","","1","100.0","1","100.0","0","0","0.0","0","79.2","14.3","-4.1","","100.0","","","0.12","0.1","1.2","3.6","0.2","0.36","3.6"
"201","Devin Duvernay","CHI","WR","17","2025","3","75.0","2.0","2","8.3","1","0.1","25.0","0.33","1","100.0","2","0.1","100.0","0.67","2.00","2.00","0","","","","0","0.0","1","0","0","0","1","50.0","0","","0","0.000","0","","1","100.0","0","","1","1","100.0","0","79.2","33.3","-3.3","","100.0","","","0.40","0.1","1.2","3.5","0.2","1.16","3.5"
"202","Breece Hall","NYJ","RB","16","2025","3","100.0","-5.0","-5","100.0","1","0.1","100.0","0.33","1","100.0","1","0.1","100.0","0.33","1.00","1.00","6","6.00","2","2.00","0","0.0","0","0","0","0","1","100.0","0","","0","0.000","0","","1","100.0","1","100.0","0","0","0.0","0","79.2","100.0","-4.9","","100.0","","","0.37","0.1","1.1","1.5","0.1","0.51","1.5"
"203","Noah Gray","KC","TE","16","2025","12","85.7","3.3","13","37.1","4","0.3","30.8","0.33","1","25.0","1","0.1","2.2","0.08","0.25","1.00","4","4.00","2","2.00","0","0.0","1","0","0","0","4","36.4","0","","0","0.000","0","","1","25.0","1","25.0","0","0","0.0","0","39.6","33.3","-6.1","","100.0","","","0.09","0.1","1.1","11.5","0.7","0.96","11.5"
"204","Arian Smith","NYJ","WR","16","2025","16","100.0","-4.0","-4","-3.7","1","0.1","6.7","0.06","1","100.0","-4","-0.3","-8.5","-0.25","-4.00","-4.00","0","","","","0","0.0","0","0","0","0","1","10.0","0","","0","0.000","0","","1","100.0","1","100.0","0","0","0.0","0","79.2","8.3","-8.5","","100.0","","","0.04","0.0","0.6","1.6","0.1","0.10","1.6"
"205","Ashton Jeanty","LV","RB","17","2025","5","100.0","-5.5","-11","157.1","2","0.1","50.0","0.40","2","100.0","-4","-0.2","100.0","-0.80","-2.00","-2.00","7","3.50","2","1.00","0","0.0","0","0","0","0","2","50.0","0","","0","0.000","0","","2","100.0","2","100.0","0","0","0.0","0","79.2","50.0","-7.5","","100.0","","","0.32","0.1","1.6","2.7","0.2","0.54","2.7"
"206","Dylan Drummond","ATL","WR","9","2025","1","100.0","0.0","0","0.0","0","0.0","0.0","","0","","0","0.0","0.0","","0.00","","0","","","","0","0.0","0","0","0","0","0","0.0","0","","0","0.000","0","","0","","0","","0","0","0.0","0","0.0","","","","100.0","","","0.00","","0.0","0.0","0.0","0.00","0.0"
"207","Darius Slayton","NYG","WR","14","2025","11","84.6","17.0","17","16.0","1","0.1","8.3","0.09","0","","0","0.0","0.0","","0.00","","0","","","","0","0.0","0","0","0","0","1","11.1","0","","0","0.000","0","","0","","0","","0","0","0.0","0","39.6","10.0","-11.7","","100.0","","","0.00","","0.0","1.9","0.1","0.17","1.9"
"208","Gage Larvadain","CLV","WR","13","2025","5","83.3","0.0","0","0.0","0","0.0","0.0","","0","","0","0.0","0.0","","0.00","","0","","","","0","0.0","0","0","0","0","0","0.0","0","","0","0.000","0","","0","","0","","0","0","0.0","0","0.0","","","","100.0","","","0.00","","0.0","0.0","0.0","0.00","0.0"
"209","Quinshon Judkins","CLV","RB","14","2025","1","100.0","0.0","0","0.0","0","0.0","0.0","","0","","0","0.0","0.0","","0.00","","0","","","","0","0.0","0","0","0","0","0","0.0","0","","0","0.000","0","","0","","0","","0","0","0.0","0","0.0","","","","100.0","","","0.00","","0.0","0.0","0.0","0.00","0.0"
"210","Will Dissly","LAC","TE","9","2025","3","75.0","2.0","2","6.5","1","0.1","25.0","0.33","0","","0","0.0","0.0","","0.00","","0","","","","0","0.0","0","0","0","0","1","25.0","0","","0","0.000","0","","1","100.0","0","","1","0","0.0","0","39.6","25.0","-6.4","","100.0","","","0.00","","0.0","1.3","0.1","0.42","1.3"
"211","Isaac TeSlaa","DET","WR","17","2025","14","93.3","14.0","14","10.6","1","0.1","6.7","0.07","0","","0","0.0","0.0","","0.00","","0","","","","0","0.0","0","0","0","0","0","0.0","0","","0","0.000","0","","1","100.0","0","","1","0","0.0","0","39.6","7.1","-9.8","","100.0","","","0.00","","0.0","2.0","0.1","0.14","2.0"
"212","Tom Kennedy","DET","WR","6","2025","3","100.0","0.0","0","0.0","0","0.0","0.0","","0","","0","0.0","0.0","","0.00","","0","","","","0","0.0","0","0","0","0","0","0.0","0","","0","0.000","0","","0","","0","","0","0","0.0","0","0.0","","","","100.0","","","0.00","","0.0","0.0","0.0","0.00","0.0"
"213","Taysom Hill","NO","TE","13","2025","2","100.0","0.0","0","0.0","0","0.0","0.0","","0","","0","0.0","0.0","","0.00","","0","","","","0","0.0","0","0","0","0","0","0.0","0","","0","0.000","0","","0","","0","","0","0","0.0","0","0.0","","","","100.0","","","0.00","","0.0","0.0","0.0","0.00","0.0"
"214","Chuba Hubbard","CAR","RB","15","2025","1","100.0","0.0","0","0.0","0","0.0","0.0","","0","","0","0.0","0.0","","0.00","","0","","","","0","0.0","0","0","0","0","0","0.0","0","","0","0.000","0","","0","","0","","0","0","0.0","0","0.0","","","","100.0","","","0.00","","0.0","0.0","0.0","0.00","0.0"
"215","Saquon Barkley","PHI","RB","16","2025","3","100.0","0.0","0","0.0","0","0.0","0.0","","0","","0","0.0","0.0","","0.00","","0","","","","0","0.0","0","0","0","0","0","0.0","0","","0","0.000","0","","0","","0","","0","0","0.0","0","0.0","","","","100.0","","","0.00","","0.0","0.0","0.0","0.00","0.0"
"216","Derius Davis","LAC","WR","11","2025","3","100.0","0.0","0","0.0","0","0.0","0.0","","0","","0","0.0","0.0","","0.00","","0","","","","0","0.0","0","0","0","0","0","0.0","0","","0","0.000","0","","0","","0","","0","0","0.0","0","0.0","","","","100.0","","","0.00","","0.0","0.0","0.0","0.00","0.0"
"217","Pat Bryant","DEN","WR","15","2025","19","90.5","0.0","0","0.0","0","0.0","0.0","","0","","0","0.0","0.0","","0.00","","0","","","","0","0.0","0","0","0","0","0","0.0","0","","0","0.000","0","","0","","0","","0","0","0.0","0","0.0","","","","100.0","","","0.00","","0.0","1.6","0.1","0.08","1.6"
"218","Jordan Watkins","SF","WR","4","2025","2","100.0","0.0","0","0.0","0","0.0","0.0","","0","","0","0.0","0.0","","0.00","","0","","","","0","0.0","0","0","0","0","0","0.0","0","","0","0.000","0","","0","","0","","0","0","0.0","0","0.0","","","","100.0","","","0.00","","0.0","0.0","0.0","0.00","0.0"
"219","Noah Brown","WAS","WR","4","2025","1","50.0","0.0","0","0.0","0","0.0","0.0","","0","","0","0.0","0.0","","0.00","","0","","","","0","0.0","0","0","0","0","0","0.0","0","","0","0.000","0","","0","","0","","0","0","0.0","0","0.0","","","","100.0","","","0.00","","0.0","0.0","0.0","0.00","0.0"
"220","Cameron Latu","PHI","TE","15","2025","1","100.0","0.0","0","0.0","0","0.0","0.0","","0","","0","0.0","0.0","","0.00","","0","","","","0","0.0","0","0","0","0","0","0.0","0","","0","0.000","0","","0","","0","","0","0","0.0","0","0.0","","","","100.0","","","0.00","","0.0","0.0","0.0","0.00","0.0"
"221","Jahdae Walker","CHI","WR","7","2025","4","80.0","0.0","0","0.0","0","0.0","0.0","","0","","0","0.0","0.0","","0.00","","0","","","","0","0.0","0","0","0","0","0","0.0","0","","0","0.000","0","","0","","0","","0","0","0.0","0","0.0","","","","100.0","","","0.00","","0.0","0.0","0.0","0.00","0.0"
"222","Efton Chism","NE","WR","8","2025","1","100.0","0.0","0","0.0","0","0.0","0.0","","0","","0","0.0","0.0","","0.00","","0","","","","0","0.0","0","0","0","0","0","0.0","0","","0","0.000","0","","0","","0","","0","0","0.0","0","0.0","","","","100.0","","","0.00","","0.0","0.0","0.0","0.00","0.0"
"223","Jeff Wilson","MIA","RB","2","2025","1","100.0","0.0","0","0.0","0","0.0","0.0","","0","","0","0.0","0.0","","0.00","","0","","","","0","0.0","0","0","0","0","0","0.0","0","","0","0.000","0","","0","","0","","0","0","0.0","0","0.0","","","","100.0","","","0.00","","0.0","0.0","0.0","0.00","0.0"
"224","Jalin Hyatt","NYG","WR","8","2025","3","75.0","0.0","0","0.0","0","0.0","0.0","","0","","0","0.0","0.0","","0.00","","0","","","","0","0.0","0","0","0","0","0","0.0","0","","0","0.000","0","","0","","0","","0","0","0.0","0","0.0","","","","100.0","","","0.00","","0.0","0.0","0.0","0.00","0.0"
"225","Britain Covey","PHI","WR","6","2025","6","85.7","0.0","0","0.0","0","0.0","0.0","","0","","0","0.0","0.0","","0.00","","0","","","","0","0.0","0","0","0","0","0","0.0","0","","0","0.000","0","","0","","0","","0","0","0.0","0","0.0","","","","100.0","","","0.00","","0.0","0.0","0.0","0.00","0.0"
"226","Harrison Bryant","HST","TE","12","2025","1","50.0","0.0","0","0.0","0","0.0","0.0","","0","","0","0.0","0.0","","0.00","","0","","","","0","0.0","0","0","0","0","0","0.0","0","","0","0.000","0","","0","","0","","0","0","0.0","0","0.0","","","","100.0","","","0.00","","0.0","0.0","0.0","0.00","0.0"
"227","Blake Corum","LA","RB","17","2025","7","100.0","0.0","0","0.0","0","0.0","0.0","","0","","0","0.0","0.0","","0.00","","0","","","","0","0.0","0","0","0","0","0","0.0","0","","0","0.000","0","","0","","0","","0","0","0.0","0","0.0","","","","100.0","","","0.00","","0.0","0.0","0.0","0.00","0.0"
"228","Kevin Austin","NO","WR","8","2025","7","100.0","0.0","0","0.0","0","0.0","0.0","","0","","0","0.0","0.0","","0.00","","0","","","","0","0.0","0","0","0","0","0","0.0","0","","0","0.000","0","","0","","0","","0","0","0.0","0","0.0","","","","100.0","","","0.00","","0.0","0.0","0.0","0.00","0.0"
"229","Jerome Ford","CLV","RB","13","2025","1","100.0","0.0","0","0.0","0","0.0","0.0","","0","","0","0.0","0.0","","0.00","","0","","","","0","0.0","0","0","0","0","0","0.0","0","","0","0.000","0","","0","","0","","0","0","0.0","0","0.0","","","","100.0","","","0.00","","0.0","0.0","0.0","0.00","0.0"
"230","Dalen Cambre","NYG","WR","6","2025","2","100.0","0.0","0","0.0","0","0.0","0.0","","0","","0","0.0","0.0","","0.00","","0","","","","0","0.0","0","0","0","0","0","0.0","0","","0","0.000","0","","0","","0","","0","0","0.0","0","0.0","","","","100.0","","","0.00","","0.0","0.0","0.0","0.00","0.0"
"231","Anthony Gould","IND","WR","11","2025","1","100.0","0.0","0","0.0","0","0.0","0.0","","0","","0","0.0","0.0","","0.00","","0","","","","0","0.0","0","0","0","0","0","0.0","0","","0","0.000","0","","0","","0","","0","0","0.0","0","0.0","","","","100.0","","","0.00","","0.0","0.0","0.0","0.00","0.0"
"232","Samori Toure","NO","WR","1","2025","1","100.0","25.0","25","100.0","1","1.0","100.0","1.00","0","","0","0.0","0.0","","0.00","","0","","","","0","0.0","0","0","0","1","1","100.0","0","","0","0.000","0","","0","","0","","0","0","0.0","0","39.6","100.0","-11.5","","100.0","","","0.00","","0.0","1.6","1.6","1.57","1.6"
"233","Kenneth Walker","SEA","RB","17","2025","2","66.7","0.0","0","0.0","0","0.0","0.0","","0","","0","0.0","0.0","","0.00","","0","","","","0","0.0","0","0","0","0","0","0.0","0","","0","0.000","0","","0","","0","","0","0","0.0","0","0.0","","","","100.0","","","0.00","","0.0","0.0","0.0","0.00","0.0"
"234","Chase Edmonds","WAS","RB","3","2025","1","100.0","0.0","0","0.0","0","0.0","0.0","","0","","0","0.0","0.0","","0.00","","0","","","","0","0.0","0","0","0","0","0","0.0","0","","0","0.000","0","","0","","0","","0","0","0.0","0","0.0","","","","100.0","","","0.00","","0.0","0.0","0.0","0.00","0.0"
"235","AJ Barner","SEA","TE","17","2025","3","75.0","0.0","0","0.0","0","0.0","0.0","","0","","0","0.0","0.0","","0.00","","0","","","","0","0.0","0","0","0","0","0","0.0","0","","0","0.000","0","","0","","0","","0","0","0.0","0","0.0","","","","100.0","","","0.00","","0.0","0.0","0.0","0.00","0.0"
"236","Russell Gage","SF","WR","1","2025","2","100.0","0.0","0","0.0","0","0.0","0.0","","0","","0","0.0","0.0","","0.00","","0","","","","0","0.0","0","0","0","0","0","0.0","0","","0","0.000","0","","0","","0","","0","0","0.0","0","0.0","","","","100.0","","","0.00","","0.0","0.0","0.0","0.00","0.0"
"237","Xavier Restrepo","TEN","WR","2","2025","1","100.0","0.0","0","0.0","0","0.0","0.0","","0","","0","0.0","0.0","","0.00","","0","","","","0","0.0","0","0","0","0","0","0.0","0","","0","0.000","0","","0","","0","","0","0","0.0","0","0.0","","","","100.0","","","0.00","","0.0","0.0","0.0","0.00","0.0"
"238","Moliki Matavao","NO","TE","6","2025","1","100.0","0.0","0","0.0","0","0.0","0.0","","0","","0","0.0","0.0","","0.00","","0","","","","0","0.0","0","0","0","0","0","0.0","0","","0","0.000","0","","0","","0","","0","0","0.0","0","0.0","","","","100.0","","","0.00","","0.0","0.0","0.0","0.00","0.0"
"239","Adam Trautman","DEN","TE","17","2025","3","60.0","0.0","0","0.0","0","0.0","0.0","","0","","0","0.0","0.0","","0.00","","0","","","","0","0.0","0","0","0","0","0","0.0","0","","0","0.000","0","","0","","0","","0","0","0.0","0","0.0","","","","100.0","","","0.00","","0.0","0.0","0.0","0.00","0.0"
"240","Devontez Walker","BLT","WR","11","2025","3","100.0","0.0","0","0.0","0","0.0","0.0","","0","","0","0.0","0.0","","0.00","","0","","","","0","0.0","0","0","0","0","0","0.0","0","","0","0.000","0","","0","","0","","0","0","0.0","0","0.0","","","","100.0","","","0.00","","0.0","0.0","0.0","0.00","0.0"
"241","Ben Sims","GB, MIN","TE","9","2025","1","100.0","0.0","0","0.0","0","0.0","0.0","","0","","0","0.0","0.0","","0.00","","0","","","","0","0.0","0","0","0","0","0","0.0","0","","0","0.000","0","","0","","0","","0","0","0.0","0","0.0","","","","100.0","","","0.00","","0.0","0.0","0.0","0.00","0.0"
"242","Jackson Hawes","BUF","TE","17","2025","1","100.0","0.0","0","0.0","0","0.0","0.0","","0","","0","0.0","0.0","","0.00","","0","","","","0","0.0","0","0","0","0","0","0.0","0","","0","0.000","0","","0","","0","","0","0","0.0","0","0.0","","","","100.0","","","0.00","","0.0","0.0","0.0","0.00","0.0"
"243","Raheem Mostert","LV","RB","12","2025","1","100.0","0.0","0","0.0","0","0.0","0.0","","0","","0","0.0","0.0","","0.00","","0","","","","0","0.0","0","0","0","0","0","0.0","0","","0","0.000","0","","0","","0","","0","0","0.0","0","0.0","","","","100.0","","","0.00","","0.0","0.0","0.0","0.00","0.0"
"244","Ian Thomas","LV","TE","15","2025","3","100.0","0.0","0","0.0","0","0.0","0.0","","0","","0","0.0","0.0","","0.00","","0","","","","0","0.0","0","0","0","0","0","0.0","0","","0","0.000","0","","0","","0","","0","0","0.0","0","0.0","","","","100.0","","","0.00","","0.0","0.0","0.0","0.00","0.0"
"245","Drew Sample","CIN","TE","17","2025","3","100.0","0.0","0","0.0","0","0.0","0.0","","0","","0","0.0","0.0","","0.00","","0","","","","0","0.0","0","0","0","0","0","0.0","0","","0","0.000","0","","0","","0","","0","0","0.0","0","0.0","","","","100.0","","","0.00","","0.0","0.0","0.0","0.00","0.0"
"246","Luke McCaffrey","WAS","WR","9","2025","12","92.3","19.5","39","67.2","2","0.2","18.2","0.17","0","","0","0.0","0.0","","0.00","","0","","","","0","0.0","1","1","0","1","1","14.3","0","","0","0.000","0","","0","","0","","0","0","0.0","0","39.6","20.0","-10.5","","100.0","","","0.00","","0.0","3.4","0.4","0.28","3.4"
"247","Mitchell Evans","CAR","TE","17","2025","5","71.4","0.0","0","0.0","0","0.0","0.0","","0","","0","0.0","0.0","","0.00","","0","","","","0","0.0","0","0","0","0","0","0.0","0","","0","0.000","0","","0","","0","","0","0","0.0","0","0.0","","","","100.0","","","0.00","","0.0","0.0","0.0","0.00","0.0"
"248","Ben Skowronek","PIT","WR","16","2025","4","100.0","0.0","0","0.0","0","0.0","0.0","","0","","0","0.0","0.0","","0.00","","0","","","","0","0.0","0","0","0","0","0","0.0","0","","0","0.000","0","","0","","0","","0","0","0.0","0","0.0","","","","100.0","","","0.00","","0.0","0.0","0.0","0.00","0.0"
"249","Kyle Williams","NE","WR","17","2025","3","100.0","14.0","14","60.9","1","0.1","50.0","0.33","0","","0","0.0","0.0","","0.00","","0","","","","0","0.0","0","0","0","0","1","50.0","0","","0","0.000","0","","1","100.0","0","","1","0","0.0","0","39.6","50.0","-9.8","","100.0","","","0.00","","0.0","3.7","0.2","1.23","3.7"
"250","Jacory Croskey-Merritt","WAS","RB","17","2025","2","100.0","0.0","0","0.0","0","0.0","0.0","","0","","0","0.0","0.0","","0.00","","0","","","","0","0.0","0","0","0","0","0","0.0","0","","0","0.000","0","","0","","0","","0","0","0.0","0","0.0","","","","100.0","","","0.00","","0.0","0.0","0.0","0.00","0.0"
"251","Devaughn Vele","NO","WR","13","2025","9","100.0","0.0","0","0.0","0","0.0","0.0","","0","","0","0.0","0.0","","0.00","","0","","","","0","0.0","0","0","0","0","0","0.0","0","","0","0.000","0","","0","","0","","0","0","0.0","0","0.0","","","","100.0","","","0.00","","0.0","0.0","0.0","0.00","0.0"
"252","Jared Wayne","HST","WR","1","2025","1","100.0","0.0","0","0.0","0","0.0","0.0","","0","","0","0.0","0.0","","0.00","","0","","","","0","0.0","0","0","0","0","0","0.0","0","","0","0.000","0","","0","","0","","0","0","0.0","0","0.0","","","","100.0","","","0.00","","0.0","0.0","0.0","0.00","0.0"
"253","James Proche","TEN","WR","9","2025","2","66.7","0.0","0","0.0","0","0.0","0.0","","0","","0","0.0","0.0","","0.00","","0","","","","0","0.0","0","0","0","0","0","0.0","0","","0","0.000","0","","0","","0","","0","0","0.0","0","0.0","","","","100.0","","","0.00","","0.0","0.0","0.0","0.00","0.0"
"254","DeeJay Dallas","CAR, JAX","RB","5","2025","1","100.0","0.0","0","0.0","0","0.0","0.0","","0","","0","0.0","0.0","","0.00","","0","","","","0","0.0","0","0","0","0","0","0.0","0","","0","0.000","0","","0","","0","","0","0","0.0","0","0.0","","","","100.0","","","0.00","","0.0","0.0","0.0","0.00","0.0"
"255","LeQuint Allen","JAX","RB","17","2025","3","100.0","0.0","0","0.0","0","0.0","0.0","","0","","0","0.0","0.0","","0.00","","0","","","","0","0.0","0","0","0","0","0","0.0","0","","0","0.000","0","","0","","0","","0","0","0.0","0","0.0","","","","100.0","","","0.00","","0.0","0.0","0.0","0.00","0.0"
"256","Jeremy McNichols","WAS","RB","17","2025","4","100.0","0.0","0","0.0","0","0.0","0.0","","0","","0","0.0","0.0","","0.00","","0","","","","0","0.0","0","0","0","0","0","0.0","0","","0","0.000","0","","0","","0","","0","0","0.0","0","0.0","","","","100.0","","","0.00","","0.0","0.0","0.0","0.00","0.0"
"257","Zach Charbonnet","SEA","RB","16","2025","3","100.0","0.0","0","0.0","0","0.0","0.0","","0","","0","0.0","0.0","","0.00","","0","","","","0","0.0","0","0","0","0","0","0.0","0","","0","0.000","0","","0","","0","","0","0","0.0","0","0.0","","","","100.0","","","0.00","","0.0","0.0","0.0","0.00","0.0"
"258","TreVeyon Henderson","NE","RB","17","2025","1","100.0","0.0","0","0.0","0","0.0","0.0","","0","","0","0.0","0.0","","0.00","","0","","","","0","0.0","0","0","0","0","0","0.0","0","","0","0.000","0","","0","","0","","0","0","0.0","0","0.0","","","","100.0","","","0.00","","0.0","0.0","0.0","0.00","0.0"
"259","Robert Tonyan","KC","TE","16","2025","1","100.0","0.0","0","0.0","0","0.0","0.0","","0","","0","0.0","0.0","","0.00","","0","","","","0","0.0","0","0","0","0","0","0.0","0","","0","0.000","0","","0","","0","","0","0","0.0","0","0.0","","","","100.0","","","0.00","","0.0","0.0","0.0","0.00","0.0"
"260","Elijah Higgins","ARZ","TE","17","2025","13","81.3","16.0","16","10.7","1","0.1","7.1","0.08","0","","0","0.0","0.0","","0.00","","0","","","","0","0.0","0","0","0","0","1","9.1","0","","0","0.000","0","","0","","0","","1","0","0.0","0","39.6","8.3","-10.2","","100.0","","","0.00","","0.0","1.9","0.1","0.14","1.9"
"261","Devin Singletary","NYG","RB","17","2025","1","100.0","0.0","0","0.0","0","0.0","0.0","","0","","0","0.0","0.0","","0.00","","0","","","","0","0.0","0","0","0","0","0","0.0","0","","0","0.000","0","","0","","0","","0","0","0.0","0","0.0","","","","100.0","","","0.00","","0.0","0.0","0.0","0.00","0.0"
"262","AJ Dillon","PHI","RB","7","2025","1","100.0","0.0","0","0.0","0","0.0","0.0","","0","","0","0.0","0.0","","0.00","","0","","","","0","0.0","0","0","0","0","0","0.0","0","","0","0.000","0","","0","","0","","0","0","0.0","0","0.0","","","","100.0","","","0.00","","0.0","0.0","0.0","0.00","0.0"
"263","Rasheen Ali","BLT","RB","15","2025","1","100.0","0.0","0","0.0","0","0.0","0.0","","0","","0","0.0","0.0","","0.00","","0","","","","0","0.0","0","0","0","0","0","0.0","0","","0","0.000","0","","0","","0","","0","0","0.0","0","0.0","","","","100.0","","","0.00","","0.0","0.0","0.0","0.00","0.0"
"264","Isaiah Davis","NYJ","RB","16","2025","1","100.0","0.0","0","0.0","0","0.0","0.0","","0","","0","0.0","0.0","","0.00","","0","","","","0","0.0","0","0","0","0","0","0.0","0","","0","0.000","0","","0","","0","","0","0","0.0","0","0.0","","","","100.0","","","0.00","","0.0","0.0","0.0","0.00","0.0"
"265","Ty Johnson","BUF","RB","17","2025","10","100.0","0.0","0","0.0","0","0.0","0.0","","0","","0","0.0","0.0","","0.00","","0","","","","0","0.0","0","0","0","0","0","0.0","0","","0","0.000","0","","0","","0","","0","0","0.0","0","0.0","","","","100.0","","","0.00","","0.0","0.0","0.0","0.00","0.0"
"266","Colby Parkinson","LA","TE","15","2025","3","100.0","0.0","0","0.0","0","0.0","0.0","","0","","0","0.0","0.0","","0.00","","0","","","","0","0.0","0","0","0","0","0","0.0","0","","0","0.000","0","","0","","0","","0","0","0.0","0","0.0","","","","100.0","","","0.00","","0.0","0.0","0.0","0.00","0.0"
"267","Myles Price","MIN","WR","16","2025","1","100.0","0.0","0","0.0","0","0.0","0.0","","0","","0","0.0","0.0","","0.00","","0","","","","0","0.0","0","0","0","0","0","0.0","0","","0","0.000","0","","0","","0","","0","0","0.0","0","0.0","","","","100.0","","","0.00","","0.0","0.0","0.0","0.00","0.0"
"268","Elijah Mitchell","KC","RB","1","2025","1","100.0","0.0","0","0.0","0","0.0","0.0","","0","","0","0.0","0.0","","0.00","","0","","","","0","0.0","0","0","0","0","0","0.0","0","","0","0.000","0","","0","","0","","0","0","0.0","0","0.0","","","","100.0","","","0.00","","0.0","0.0","0.0","0.00","0.0"
"269","Ashton Dulin","IND","WR","12","2025","4","100.0","0.0","0","0.0","0","0.0","0.0","","0","","0","0.0","0.0","","0.00","","0","","","","0","0.0","0","0","0","0","0","0.0","0","","0","0.000","0","","0","","0","","0","0","0.0","0","0.0","","","","100.0","","","0.00","","0.0","0.0","0.0","0.00","0.0"
"270","Mo Alie-Cox","IND","TE","17","2025","1","50.0","0.0","0","0.0","0","0.0","0.0","","0","","0","0.0","0.0","","0.00","","0","","","","0","0.0","0","0","0","0","0","0.0","0","","0","0.000","0","","0","","0","","0","0","0.0","0","0.0","","","","100.0","","","0.00","","0.0","0.0","0.0","0.00","0.0"
"271","Kimani Vidal","LAC","RB","13","2025","2","100.0","0.0","0","0.0","0","0.0","0.0","","0","","0","0.0","0.0","","0.00","","0","","","","0","0.0","0","0","0","0","0","0.0","0","","0","0.000","0","","0","","0","","0","0","0.0","0","0.0","","","","100.0","","","0.00","","0.0","0.0","0.0","0.00","0.0"
"272","Kendre Miller","NO","RB","7","2025","1","100.0","0.0","0","0.0","0","0.0","0.0","","0","","0","0.0","0.0","","0.00","","0","","","","0","0.0","0","0","0","0","0","0.0","0","","0","0.000","0","","0","","0","","0","0","0.0","0","0.0","","","","100.0","","","0.00","","0.0","0.0","0.0","0.00","0.0"
"273","Kareem Hunt","KC","RB","17","2025","6","100.0","0.0","0","0.0","0","0.0","0.0","","0","","0","0.0","0.0","","0.00","","0","","","","0","0.0","0","0","0","0","0","0.0","0","","0","0.000","0","","0","","0","","0","0","0.0","0","0.0","","","","100.0","","","0.00","","0.0","0.0","0.0","0.00","0.0"
"274","Bo Melton","GB","WR","9","2025","2","100.0","0.0","0","0.0","0","0.0","0.0","","0","","0","0.0","0.0","","0.00","","0","","","","0","0.0","0","0","0","0","0","0.0","0","","0","0.000","0","","0","","0","","0","0","0.0","0","0.0","","","","100.0","","","0.00","","0.0","0.0","0.0","0.00","0.0"
"275","Jalen Brooks","DAL, ARZ","WR","6","2025","6","100.0","0.0","0","0.0","0","0.0","0.0","","0","","0","0.0","0.0","","0.00","","0","","","","0","0.0","0","0","0","0","0","0.0","0","","0","0.000","0","","0","","0","","0","0","0.0","0","0.0","","","","100.0","","","0.00","","0.0","0.0","0.0","0.00","0.0"
"276","Konata Mumpfield","LA","WR","17","2025","5","100.0","12.0","12","35.3","1","0.1","20.0","0.20","0","","0","0.0","0.0","","0.00","","0","","","","0","0.0","0","0","0","0","1","33.3","0","","0","0.000","0","","0","","0","","0","0","0.0","0","39.6","25.0","-9.0","","100.0","","","0.00","","0.0","1.9","0.1","0.38","1.9"
"277","Xavier Weaver","ARZ","WR","9","2025","5","100.0","0.0","0","0.0","0","0.0","0.0","","0","","0","0.0","0.0","","0.00","","0","","","","0","0.0","0","0","0","0","0","0.0","0","","0","0.000","0","","0","","0","","0","0","0.0","0","0.0","","","","100.0","","","0.00","","0.0","0.0","0.0","0.00","0.0"
"278","Tanner Conner","MIA","TE","9","2025","5","83.3","6.0","12","50.0","2","0.2","33.3","0.40","0","","0","0.0","0.0","","0.00","","0","","","","0","0.0","0","0","0","0","1","50.0","0","","0","0.000","1","50.0","1","50.0","0","","1","0","0.0","0","39.6","50.0","-7.0","","100.0","","","0.00","","0.0","2.9","0.3","0.59","2.9"
"279","Samaje Perine","CIN","RB","15","2025","2","100.0","0.0","0","0.0","0","0.0","0.0","","0","","0","0.0","0.0","","0.00","","0","","","","0","0.0","0","0","0","0","0","0.0","0","","0","0.000","0","","0","","0","","0","0","0.0","0","0.0","","","","100.0","","","0.00","","0.0","0.0","0.0","0.00","0.0"
"280","Omarion Hampton","LAC","RB","9","2025","3","100.0","0.0","0","0.0","0","0.0","0.0","","0","","0","0.0","0.0","","0.00","","0","","","","0","0.0","0","0","0","0","0","0.0","0","","0","0.000","0","","0","","0","","0","0","0.0","0","0.0","","","","100.0","","","0.00","","0.0","0.0","0.0","0.00","0.0"
"281","Blake Whiteheart","CLV","TE","16","2025","3","50.0","0.0","0","0.0","0","0.0","0.0","","0","","0","0.0","0.0","","0.00","","0","","","","0","0.0","0","0","0","0","0","0.0","0","","0","0.000","0","","0","","0","","0","0","0.0","0","0.0","","","","100.0","","","0.00","","0.0","0.0","0.0","0.00","0.0"
"282","Devin Culp","TB","TE","11","2025","2","100.0","0.0","0","0.0","0","0.0","0.0","","0","","0","0.0","0.0","","0.00","","0","","","","0","0.0","0","0","0","0","0","0.0","0","","0","0.000","0","","0","","0","","0","0","0.0","0","0.0","","","","100.0","","","0.00","","0.0","0.0","0.0","0.00","0.0"
"283","Grant Calcaterra","PHI","TE","15","2025","4","100.0","0.0","0","0.0","0","0.0","0.0","","0","","0","0.0","0.0","","0.00","","0","","","","0","0.0","0","0","0","0","0","0.0","0","","0","0.000","0","","0","","0","","0","0","0.0","0","0.0","","","","100.0","","","0.00","","0.0","0.0","0.0","0.00","0.0"
"284","Skyy Moore","SF","WR","17","2025","1","100.0","0.0","0","0.0","0","0.0","0.0","","0","","0","0.0","0.0","","0.00","","0","","","","0","0.0","0","0","0","0","0","0.0","0","","0","0.000","0","","0","","0","","0","0","0.0","0","0.0","","","","100.0","","","0.00","","0.0","0.0","0.0","0.00","0.0"
"285","Keaton Mitchell","BLT","RB","13","2025","1","100.0","0.0","0","0.0","0","0.0","0.0","","0","","0","0.0","0.0","","0.00","","0","","","","0","0.0","0","0","0","0","0","0.0","0","","0","0.000","0","","0","","0","","0","0","0.0","0","0.0","","","","100.0","","","0.00","","0.0","0.0","0.0","0.00","0.0"
"286","Austin Ekeler","WAS","RB","2","2025","3","100.0","0.0","0","0.0","0","0.0","0.0","","0","","0","0.0","0.0","","0.00","","0","","","","0","0.0","0","0","0","0","0","0.0","0","","0","0.000","0","","0","","0","","0","0","0.0","0","0.0","","","","100.0","","","0.00","","0.0","0.0","0.0","0.00","0.0"
"287","Dee Eskridge","MIA","WR","13","2025","2","100.0","0.0","0","0.0","0","0.0","0.0","","0","","0","0.0","0.0","","0.00","","0","","","","0","0.0","0","0","0","0","0","0.0","0","","0","0.000","0","","0","","0","","0","0","0.0","0","0.0","","","","100.0","","","0.00","","0.0","0.0","0.0","0.00","0.0"
"288","Jahan Dotson","PHI","WR","17","2025","28","100.0","13.0","13","5.1","1","0.1","5.0","0.04","0","","0","0.0","0.0","","0.00","","0","","","","0","0.0","0","0","0","0","1","6.3","0","","0","0.000","0","","0","","0","","0","0","0.0","0","39.6","5.3","-8.9","","100.0","","","0.00","","0.0","2.0","0.1","0.07","2.0"
"289","Darnell Washington","PIT","TE","16","2025","2","100.0","0.0","0","0.0","0","0.0","0.0","","0","","0","0.0","0.0","","0.00","","0","","","","0","0.0","0","0","0","0","0","0.0","0","","0","0.000","0","","0","","0","","0","0","0.0","0","0.0","","","","100.0","","","0.00","","0.0","0.0","0.0","0.00","0.0"
"290","Josh Oliver","MIN","TE","15","2025","3","75.0","0.0","0","0.0","0","0.0","0.0","","0","","0","0.0","0.0","","0.00","","0","","","","0","0.0","0","0","0","0","0","0.0","0","","0","0.000","0","","0","","0","","0","0","0.0","0","0.0","","","","100.0","","","0.00","","0.0","0.0","0.0","0.00","0.0"
"291","Tony Pollard","TEN","RB","17","2025","4","100.0","0.0","0","0.0","0","0.0","0.0","","0","","0","0.0","0.0","","0.00","","0","","","","0","0.0","0","0","0","0","0","0.0","0","","0","0.000","0","","0","","0","","0","0","0.0","0","0.0","","","","100.0","","","0.00","","0.0","0.0","0.0","0.00","0.0"
"292","Shane Zylstra","DET","TE","5","2025","8","100.0","0.0","0","0.0","0","0.0","0.0","","0","","0","0.0","0.0","","0.00","","0","","","","0","0.0","0","0","0","0","0","0.0","0","","0","0.000","0","","0","","0","","0","0","0.0","0","0.0","","","","100.0","","","0.00","","0.0","0.0","0.0","0.00","0.0"
"293","Tommy Tremble","CAR","TE","17","2025","18","90.0","4.0","12","7.3","3","0.2","15.8","0.17","0","","0","0.0","0.0","","0.00","","0","","","","0","0.0","0","0","0","0","2","14.3","0","","0","0.000","0","","0","","0","","0","0","0.0","0","39.6","16.7","-6.3","","100.0","","","0.00","","0.0","4.4","0.3","0.24","4.4"
"294","Alec Pierce","IND","WR","15","2025","8","100.0","0.0","0","0.0","0","0.0","0.0","","0","","0","0.0","0.0","","0.00","","0","","","","0","0.0","0","0","0","0","0","0.0","0","","0","0.000","0","","0","","0","","0","0","0.0","0","0.0","","","","100.0","","","0.00","","0.0","0.0","0.0","0.00","0.0"
"295","Thomas Fidone","NYG","TE","2","2025","1","100.0","0.0","0","0.0","0","0.0","0.0","","0","","0","0.0","0.0","","0.00","","0","","","","0","0.0","0","0","0","0","0","0.0","0","","0","0.000","0","","0","","0","","0","0","0.0","0","0.0","","","","100.0","","","0.00","","0.0","0.0","0.0","0.00","0.0"
"296","Javonte Williams","DAL","RB","16","2025","5","100.0","0.0","0","0.0","0","0.0","0.0","","0","","0","0.0","0.0","","0.00","","0","","","","0","0.0","0","0","0","0","0","0.0","0","","0","0.000","0","","0","","0","","0","0","0.0","0","0.0","","","","100.0","","","0.00","","0.0","0.0","0.0","0.00","0.0"
"297","Josh Reynolds","NYJ","WR","5","2025","3","100.0","0.0","0","0.0","0","0.0","0.0","","0","","0","0.0","0.0","","0.00","","0","","","","0","0.0","0","0","0","0","0","0.0","0","","0","0.000","0","","0","","0","","0","0","0.0","0","0.0","","","","100.0","","","0.00","","0.0","0.0","0.0","0.00","0.0"
"298","Zavier Scott","MIN","RB","11","2025","2","100.0","24.0","24","100.0","1","0.1","100.0","0.50","0","","0","0.0","0.0","","0.00","","0","","","","0","0.0","0","0","0","1","1","100.0","0","","0","0.000","0","","0","","0","","0","0","0.0","0","39.6","100.0","-12.4","","100.0","","","0.00","","0.0","1.6","0.1","0.82","1.6"
"299","Dylan Sampson","CLV","RB","15","2025","1","100.0","0.0","0","0.0","0","0.0","0.0","","0","","0","0.0","0.0","","0.00","","0","","","","0","0.0","0","0","0","0","0","0.0","0","","0","0.000","0","","0","","0","","0","0","0.0","0","0.0","","","","100.0","","","0.00","","0.0","0.0","0.0","0.00","0.0"
"300","Calvin Ridley","TEN","WR","7","2025","4","100.0","0.0","0","0.0","0","0.0","0.0","","0","","0","0.0","0.0","","0.00","","0","","","","0","0.0","0","0","0","0","0","0.0","0","","0","0.000","0","","0","","0","","0","0","0.0","0","0.0","","","","100.0","","","0.00","","0.0","0.0","0.0","0.00","0.0"
"301","Coleman Owen","IND","WR","2","2025","1","100.0","3.0","3","100.0","1","0.5","100.0","1.00","0","","0","0.0","0.0","","0.00","","0","","","","0","0.0","0","0","0","0","1","100.0","0","","0","0.000","0","","0","","0","","0","0","0.0","0","39.6","100.0","-5.4","","100.0","","","0.00","","0.0","1.4","0.7","1.43","1.4"
"302","Tyrell Shavers","BUF","WR","17","2025","12","80.0","16.0","16","17.6","1","0.1","7.1","0.08","0","","0","0.0","0.0","","0.00","","0","","","","0","0.0","0","0","0","0","1","12.5","0","","0","0.000","0","","0","","0","","0","0","0.0","0","39.6","8.3","-10.1","","100.0","","","0.00","","0.0","3.6","0.2","0.30","3.6"
"303","Jaylen Warren","PIT","RB","16","2025","1","100.0","0.0","0","0.0","0","0.0","0.0","","0","","0","0.0","0.0","","0.00","","0","","","","0","0.0","0","0","0","0","0","0.0","0","","0","0.000","0","","0","","0","","0","0","0.0","0","0.0","","","","100.0","","","0.00","","0.0","0.0","0.0","0.00","0.0"
"304","Tyler Higbee","LA","TE","10","2025","14","93.3","4.0","4","3.8","1","0.1","7.1","0.07","0","","0","0.0","0.0","","0.00","","0","","","","0","0.0","0","0","0","0","1","10.0","0","","0","0.000","1","100.0","1","100.0","0","","1","0","0.0","0","39.6","7.1","-6.1","","100.0","","","0.00","","0.0","1.4","0.1","0.10","1.4"
"305","Darius Cooper","PHI","WR","13","2025","9","75.0","0.0","0","0.0","0","0.0","0.0","","0","","0","0.0","0.0","","0.00","","0","","","","0","0.0","0","0","0","0","0","0.0","0","","0","0.000","0","","0","","0","","0","0","0.0","0","0.0","","","","100.0","","","0.00","","0.0","0.0","0.0","0.00","0.0"
"306","Marquez Valdes-Scantling","PIT, SF","WR","10","2025","8","88.9","21.5","43","35.5","2","0.2","22.2","0.25","0","","0","0.0","0.0","","0.00","","0","","","","0","0.0","0","0","0","2","2","25.0","0","","0","0.000","0","","0","","0","","0","0","0.0","0","39.6","22.2","-11.6","","100.0","","","0.00","","0.0","5.7","0.6","0.71","5.7"
"307","Tyreek Hill","MIA","WR","4","2025","5","100.0","0.0","0","0.0","0","0.0","0.0","","0","","0","0.0","0.0","","0.00","","0","","","","0","0.0","0","0","0","0","0","0.0","0","","0","0.000","0","","0","","0","","0","0","0.0","0","0.0","","","","100.0","","","0.00","","0.0","0.0","0.0","0.00","0.0"
"308","Jake Bobo","SEA","WR","11","2025","1","100.0","0.0","0","0.0","0","0.0","0.0","","0","","0","0.0","0.0","","0.00","","0","","","","0","0.0","0","0","0","0","0","0.0","0","","0","0.000","0","","0","","0","","0","0","0.0","0","0.0","","","","100.0","","","0.00","","0.0","0.0","0.0","0.00","0.0"
"309","Bam Knight","ARZ","RB","12","2025","2","66.7","0.0","0","0.0","0","0.0","0.0","","0","","0","0.0","0.0","","0.00","","0","","","","0","0.0","0","0","0","0","0","0.0","0","","0","0.000","0","","0","","0","","0","0","0.0","0","0.0","","","","100.0","","","0.00","","0.0","0.0","0.0","0.00","0.0"
"310","Dalevon Campbell","CAR","WR","2","2025","1","100.0","0.0","0","0.0","0","0.0","0.0","","0","","0","0.0","0.0","","0.00","","0","","","","0","0.0","0","0","0","0","0","0.0","0","","0","0.000","0","","0","","0","","0","0","0.0","0","0.0","","","","100.0","","","0.00","","0.0","0.0","0.0","0.00","0.0"
"311","Isaiah Hodgins","NYG","WR","7","2025","19","100.0","12.0","24","17.6","2","0.3","13.3","0.11","0","","0","0.0","0.0","","0.00","","0","","","","0","0.0","0","0","0","0","2","18.2","0","","0","0.000","0","","0","","0","","0","0","0.0","0","39.6","15.4","-9.1","","100.0","","","0.00","","0.0","3.4","0.5","0.18","3.4"
"312","Terry McLaurin","WAS","WR","10","2025","8","88.9","13.0","52","68.4","4","0.4","50.0","0.50","0","","0","0.0","0.0","","0.00","","0","","","","0","0.0","0","0","0","2","4","57.1","0","","0","0.000","0","","0","","0","","0","0","0.0","0","39.6","57.1","-7.4","","100.0","","","0.00","","0.0","7.1","0.7","0.88","7.1"
"313","John Bates","WAS","TE","15","2025","1","16.7","0.0","0","0.0","0","0.0","0.0","","0","","0","0.0","0.0","","0.00","","0","","","","0","0.0","0","0","0","0","0","0.0","0","","0","0.000","0","","0","","0","","0","0","0.0","0","0.0","","","","100.0","","","0.00","","0.0","0.0","0.0","0.00","0.0"
"314","Payne Durham","TB","TE","17","2025","1","50.0","0.0","0","0.0","0","0.0","0.0","","0","","0","0.0","0.0","","0.00","","0","","","","0","0.0","0","0","0","0","0","0.0","0","","0","0.000","0","","0","","0","","0","0","0.0","0","0.0","","","","100.0","","","0.00","","0.0","0.0","0.0","0.00","0.0"
"315","Josiah Deguara","ARZ","TE","12","2025","4","100.0","0.0","0","0.0","0","0.0","0.0","","0","","0","0.0","0.0","","0.00","","0","","","","0","0.0","0","0","0","0","0","0.0","0","","0","0.000","0","","0","","0","","0","0","0.0","0","0.0","","","","100.0","","","0.00","","0.0","0.0","0.0","0.00","0.0"
"316","Ray-Ray McCloud","NYG, ATL","WR","6","2025","7","87.5","16.0","16","16.3","1","0.2","12.5","0.14","0","","0","0.0","0.0","","0.00","","0","","","","0","0.0","1","1","0","0","1","12.5","0","","0","0.000","0","","0","","0","","0","0","0.0","0","39.6","12.5","-10.1","","100.0","","","0.00","","0.0","3.9","0.6","0.55","3.9"
"317","Trayveon Williams","LAC, CLV","RB","6","2025","1","100.0","0.0","0","0.0","0","0.0","0.0","","0","","0","0.0","0.0","","0.00","","0","","","","0","0.0","0","0","0","0","0","0.0","0","","0","0.000","0","","0","","0","","0","0","0.0","0","0.0","","","","100.0","","","0.00","","0.0","0.0","0.0","0.00","0.0"
"318","Johnny Mundt","JAX","TE","16","2025","2","66.7","0.0","0","0.0","0","0.0","0.0","","0","","0","0.0","0.0","","0.00","","0","","","","0","0.0","0","0","0","0","0","0.0","0","","0","0.000","0","","0","","0","","0","0","0.0","0","0.0","","","","100.0","","","0.00","","0.0","0.0","0.0","0.00","0.0"
"319","Brycen Tremayne","CAR","WR","16","2025","6","100.0","0.0","0","0.0","0","0.0","0.0","","0","","0","0.0","0.0","","0.00","","0","","","","0","0.0","0","0","0","0","0","0.0","0","","0","0.000","0","","0","","0","","0","0","0.0","0","0.0","","","","100.0","","","0.00","","0.0","1.4","0.1","0.24","1.4"
"320","Jaylen Wright","MIA","RB","10","2025","1","100.0","0.0","0","0.0","0","0.0","0.0","","0","","0","0.0","0.0","","0.00","","0","","","","0","0.0","0","0","0","0","0","0.0","0","","0","0.000","0","","0","","0","","0","0","0.0","0","0.0","","","","100.0","","","0.00","","0.0","0.0","0.0","0.00","0.0"
"321","Cam Akers","MIN, SEA","RB","4","2025","1","100.0","0.0","0","0.0","0","0.0","0.0","","0","","0","0.0","0.0","","0.00","","0","","","","0","0.0","0","0","0","0","0","0.0","0","","0","0.000","0","","0","","0","","0","0","0.0","0","0.0","","","","100.0","","","0.00","","0.0","0.0","0.0","0.00","0.0"
"322","Charlie Kolar","BLT","TE","17","2025","1","100.0","0.0","0","0.0","0","0.0","0.0","","0","","0","0.0","0.0","","0.00","","0","","","","0","0.0","0","0","0","0","0","0.0","0","","0","0.000","0","","0","","0","","0","0","0.0","0","0.0","","","","100.0","","","0.00","","0.0","0.0","0.0","0.00","0.0"
"323","Sean Tucker","TB","RB","17","2025","1","100.0","0.0","0","0.0","0","0.0","0.0","","0","","0","0.0","0.0","","0.00","","0","","","","0","0.0","0","0","0","0","0","0.0","0","","0","0.000","0","","0","","0","","0","0","0.0","0","0.0","","","","100.0","","","0.00","","0.0","0.0","0.0","0.00","0.0"
"324","Lil'Jordan Humphrey","DEN, NYG","WR","10","2025","9","90.0","0.0","0","0.0","0","0.0","0.0","","0","","0","0.0","0.0","","0.00","","0","","","","0","0.0","0","0","0","0","0","0.0","0","","0","0.000","0","","0","","0","","0","0","0.0","0","0.0","","","","100.0","","","0.00","","0.0","0.0","0.0","0.00","0.0"
"325","Albert Okwuegbunam","LV","TE","1","2025","4","100.0","0.0","0","0.0","0","0.0","0.0","","0","","0","0.0","0.0","","0.00","","0","","","","0","0.0","0","0","0","0","0","0.0","0","","0","0.000","0","","0","","0","","0","0","0.0","0","0.0","","","","100.0","","","0.00","","0.0","0.0","0.0","0.00","0.0"
"326","Sal Cannella","CLV","TE","2","2025","1","100.0","8.0","8","100.0","1","0.5","100.0","1.00","0","","0","0.0","0.0","","0.00","","0","","","","0","0.0","0","0","0","0","1","100.0","0","","0","0.000","0","","0","","0","","0","0","0.0","0","39.6","100.0","-7.7","","100.0","","","0.00","","0.0","1.1","0.6","1.13","1.1"
"327","Jeremy Ruckert","NYJ","TE","17","2025","2","40.0","5.0","5","41.7","1","0.1","25.0","0.50","0","","0","0.0","0.0","","0.00","","0","","","","0","0.0","1","0","0","0","1","25.0","0","","0","0.000","0","","1","100.0","0","","1","0","0.0","0","39.6","25.0","-6.5","","100.0","","","0.00","","0.0","1.5","0.1","0.73","1.5"
"328","Curtis Samuel","BUF","WR","6","2025","8","88.9","0.0","0","0.0","0","0.0","0.0","","0","","0","0.0","0.0","","0.00","","0","","","","0","0.0","0","0","0","0","0","0.0","0","","0","0.000","0","","0","","0","","0","0","0.0","0","0.0","","","","100.0","","","0.00","","0.0","0.0","0.0","0.00","0.0"
"329","Brenden Bates","HST, CLV","TE","9","2025","1","50.0","0.0","0","0.0","0","0.0","0.0","","0","","0","0.0","0.0","","0.00","","0","","","","0","0.0","0","0","0","0","0","0.0","0","","0","0.000","0","","0","","0","","0","0","0.0","0","0.0","","","","100.0","","","0.00","","0.0","0.0","0.0","0.00","0.0"
"330","Kylen Granson","PHI","TE","17","2025","7","87.5","0.0","0","0.0","0","0.0","0.0","","0","","0","0.0","0.0","","0.00","","0","","","","0","0.0","0","0","0","0","0","0.0","0","","0","0.000","0","","0","","0","","0","0","0.0","0","0.0","","","","100.0","","","0.00","","0.0","0.0","0.0","0.00","0.0"
"331","Colson Yankoff","WAS","TE","14","2025","2","66.7","0.0","0","0.0","0","0.0","0.0","","0","","0","0.0","0.0","","0.00","","0","","","","0","0.0","0","0","0","0","0","0.0","0","","0","0.000","0","","0","","0","","0","0","0.0","0","0.0","","","","100.0","","","0.00","","0.0","0.0","0.0","0.00","0.0"
"332","Elijah Arroyo","SEA","TE","13","2025","4","66.7","11.0","11","28.9","1","0.1","16.7","0.25","0","","0","0.0","0.0","","0.00","","0","","","","0","0.0","0","0","0","0","1","25.0","0","","0","0.000","0","","0","","0","","0","0","0.0","0","39.6","20.0","-8.7","","100.0","","","0.00","","0.0","1.6","0.1","0.40","1.6"
"333","Ronnie Bell","NO","WR","2","2025","1","100.0","0.0","0","0.0","0","0.0","0.0","","0","","0","0.0","0.0","","0.00","","0","","","","0","0.0","0","0","0","0","0","0.0","0","","0","0.000","0","","0","","0","","0","0","0.0","0","0.0","","","","100.0","","","0.00","","0.0","0.0","0.0","0.00","0.0"
"334","Quintin Morris","JAX","TE","13","2025","6","100.0","0.0","0","0.0","0","0.0","0.0","","0","","0","0.0","0.0","","0.00","","0","","","","0","0.0","0","0","0","0","0","0.0","0","","0","0.000","0","","0","","0","","0","0","0.0","0","0.0","","","","100.0","","","0.00","","0.0","0.0","0.0","0.00","0.0"
"335","Chris Brooks","GB","RB","17","2025","1","100.0","0.0","0","0.0","0","0.0","0.0","","0","","0","0.0","0.0","","0.00","","0","","","","0","0.0","0","0","0","0","0","0.0","0","","0","0.000","0","","0","","0","","0","0","0.0","0","0.0","","","","100.0","","","0.00","","0.0","0.0","0.0","0.00","0.0"
"336","Tyler Johnson","NYJ","WR","12","2025","12","100.0","0.0","0","0.0","0","0.0","0.0","","0","","0","0.0","0.0","","0.00","","0","","","","0","0.0","0","0","0","0","0","0.0","0","","0","0.000","0","","0","","0","","0","0","0.0","0","0.0","","","","100.0","","","0.00","","0.0","0.0","0.0","0.00","0.0"
"337","David Sills","ATL","WR","17","2025","29","96.7","24.5","49","22.3","2","0.1","7.1","0.07","0","","0","0.0","0.0","","0.00","","0","","","","0","0.0","0","0","0","2","2","11.8","0","","0","0.000","0","","0","","0","","0","0","0.0","0","39.6","8.7","-11.2","","100.0","","","0.00","","0.0","5.1","0.3","0.17","5.1"
"338","De'Von Achane","MIA","RB","16","2025","4","80.0","0.0","0","0.0","0","0.0","0.0","","0","","0","0.0","0.0","","0.00","","0","","","","0","0.0","0","0","0","0","0","0.0","0","","0","0.000","0","","0","","0","","0","0","0.0","0","0.0","","","","100.0","","","0.00","","0.0","0.0","0.0","0.00","0.0"
"339","Theo Wease","MIA","WR","3","2025","1","33.3","0.0","0","0.0","0","0.0","0.0","","0","","0","0.0","0.0","","0.00","","0","","","","0","0.0","0","0","0","0","0","0.0","0","","0","0.000","0","","0","","0","","0","0","0.0","0","0.0","","","","100.0","","","0.00","","0.0","0.0","0.0","0.00","0.0"
"340","Josh Whyle","GB","TE","8","2025","2","66.7","3.0","3","6.4","1","0.1","33.3","0.50","0","","0","0.0","0.0","","0.00","","0","","","","0","0.0","0","0","0","0","0","0.0","0","","0","0.000","0","","0","","0","","0","0","0.0","0","39.6","33.3","-6.3","","100.0","","","0.00","","0.0","1.4","0.2","0.70","1.4"
"341","Travis Etienne","JAX","RB","17","2025","4","80.0","4.0","4","25.0","1","0.1","20.0","0.25","0","","0","0.0","0.0","","0.00","","0","","","","0","0.0","0","0","0","0","1","33.3","0","","0","0.000","0","","0","","0","","1","0","0.0","0","39.6","25.0","-6.7","","100.0","","","0.00","","0.0","1.4","0.1","0.34","1.4"
"342","Brandin Cooks","NO, BUF","WR","15","2025","26","96.3","27.0","27","13.2","1","0.1","4.3","0.04","0","","0","0.0","0.0","","0.00","","0","","","","0","0.0","0","0","0","1","1","5.9","0","","0","0.000","1","100.0","1","100.0","0","","0","0","0.0","0","39.6","4.5","-11.9","","100.0","","","0.00","","0.0","1.8","0.1","0.07","1.8"
"343","Robbie Chosen","WAS","WR","3","2025","2","100.0","0.0","0","0.0","0","0.0","0.0","","0","","0","0.0","0.0","","0.00","","0","","","","0","0.0","0","0","0","0","0","0.0","0","","0","0.000","0","","0","","0","","0","0","0.0","0","0.0","","","","100.0","","","0.00","","0.0","0.0","0.0","0.00","0.0"
"344","Jalen Royals","KC","WR","7","2025","2","100.0","0.0","0","0.0","0","0.0","0.0","","0","","0","0.0","0.0","","0.00","","0","","","","0","0.0","0","0","0","0","0","0.0","0","","0","0.000","0","","0","","0","","0","0","0.0","0","0.0","","","","100.0","","","0.00","","0.0","0.0","0.0","0.00","0.0"
"345","Andrew Ogletree","IND","TE","15","2025","1","100.0","0.0","0","0.0","0","0.0","0.0","","0","","0","0.0","0.0","","0.00","","0","","","","0","0.0","0","0","0","0","0","0.0","0","","0","0.000","0","","0","","0","","0","0","0.0","0","0.0","","","","100.0","","","0.00","","0.0","0.0","0.0","0.00","0.0"
"346","Ke'Shawn Williams","PIT, CIN","WR","11","2025","1","100.0","0.0","0","0.0","0","0.0","0.0","","0","","0","0.0","0.0","","0.00","","0","","","","0","0.0","0","0","0","0","0","0.0","0","","0","0.000","0","","0","","0","","0","0","0.0","0","0.0","","","","100.0","","","0.00","","0.0","0.0","0.0","0.00","0.0"
"347","Davis Allen","LA","TE","17","2025","6","85.7","0.0","0","0.0","0","0.0","0.0","","0","","0","0.0","0.0","","0.00","","0","","","","0","0.0","0","0","0","0","0","0.0","0","","0","0.000","0","","0","","0","","0","0","0.0","0","0.0","","","","100.0","","","0.00","","0.0","0.0","0.0","0.00","0.0"
"348","Brian Robinson","SF","RB","17","2025","1","100.0","0.0","0","0.0","0","0.0","0.0","","0","","0","0.0","0.0","","0.00","","0","","","","0","0.0","0","0","0","0","0","0.0","0","","0","0.000","0","","0","","0","","0","0","0.0","0","0.0","","","","100.0","","","0.00","","0.0","0.0","0.0","0.00","0.0"
"349","Emari Demercado","ARZ","RB","13","2025","2","100.0","0.0","0","0.0","0","0.0","0.0","","0","","0","0.0","0.0","","0.00","","0","","","","0","0.0","0","0","0","0","0","0.0","0","","0","0.000","0","","0","","0","","0","0","0.0","0","0.0","","","","100.0","","","0.00","","0.0","0.0","0.0","0.00","0.0"
"350","Andre Baccellia","ARZ","WR","5","2025","4","100.0","0.0","0","0.0","0","0.0","0.0","","0","","0","0.0","0.0","","0.00","","0","","","","0","0.0","0","0","0","0","0","0.0","0","","0","0.000","0","","0","","0","","0","0","0.0","0","0.0","","","","100.0","","","0.00","","0.0","0.0","0.0","0.00","0.0"
"351","John FitzPatrick","GB","TE","15","2025","3","60.0","0.0","0","0.0","0","0.0","0.0","","0","","0","0.0","0.0","","0.00","","0","","","","0","0.0","0","0","0","0","0","0.0","0","","0","0.000","0","","0","","0","","0","0","0.0","0","0.0","","","","100.0","","","0.00","","0.0","0.0","0.0","0.00","0.0"
"352","Ronnie Rivers","LA","RB","7","2025","1","100.0","0.0","0","0.0","0","0.0","0.0","","0","","0","0.0","0.0","","0.00","","0","","","","0","0.0","0","0","0","0","0","0.0","0","","0","0.000","0","","0","","0","","0","0","0.0","0","0.0","","","","100.0","","","0.00","","0.0","0.0","0.0","0.00","0.0"
"353","LaJohntay Wester","BLT","WR","16","2025","5","100.0","0.0","0","0.0","0","0.0","0.0","","0","","0","0.0","0.0","","0.00","","0","","","","0","0.0","0","0","0","0","0","0.0","0","","0","0.000","0","","0","","0","","0","0","0.0","0","0.0","","","","100.0","","","0.00","","0.0","0.0","0.0","0.00","0.0"
"354","Aaron Jones","MIN","RB","12","2025","1","100.0","0.0","0","0.0","0","0.0","0.0","","0","","0","0.0","0.0","","0.00","","0","","","","0","0.0","0","0","0","0","0","0.0","0","","0","0.000","0","","0","","0","","0","0","0.0","0","0.0","","","","100.0","","","0.00","","0.0","0.0","0.0","0.00","0.0"
"355","Foster Moreau","NO","TE","11","2025","3","100.0","0.0","0","0.0","0","0.0","0.0","","0","","0","0.0","0.0","","0.00","","0","","","","0","0.0","0","0","0","0","0","0.0","0","","0","0.000","0","","0","","0","","0","0","0.0","0","0.0","","","","100.0","","","0.00","","0.0","0.0","0.0","0.00","0.0"
"356","Dante Pettis","NO","WR","8","2025","2","100.0","0.0","0","0.0","0","0.0","0.0","","0","","0","0.0","0.0","","0.00","","0","","","","0","0.0","0","0","0","0","0","0.0","0","","0","0.000","0","","0","","0","","0","0","0.0","0","0.0","","","","100.0","","","0.00","","0.0","0.0","0.0","0.00","0.0"
"357","Trent Sherfield","DEN, ARZ","WR","12","2025","3","100.0","0.0","0","0.0","0","0.0","0.0","","0","","0","0.0","0.0","","0.00","","0","","","","0","0.0","0","0","0","0","0","0.0","0","","0","0.000","0","","0","","0","","0","0","0.0","0","0.0","","","","100.0","","","0.00","","0.0","0.0","0.0","0.00","0.0"
"358","RJ Harvey","DEN","RB","17","2025","5","100.0","4.0","4","16.7","1","0.1","20.0","0.20","0","","0","0.0","0.0","","0.00","","0","","","","0","0.0","0","0","0","0","1","20.0","0","","0","0.000","1","100.0","1","100.0","0","","0","0","0.0","0","39.6","20.0","-6.7","","100.0","","","0.00","","0.0","1.3","0.1","0.27","1.3"
"359","Tahj Washington","MIA","WR","6","2025","3","100.0","0.0","0","0.0","0","0.0","0.0","","0","","0","0.0","0.0","","0.00","","0","","","","0","0.0","0","0","0","0","0","0.0","0","","0","0.000","0","","0","","0","","0","0","0.0","0","0.0","","","","100.0","","","0.00","","0.0","0.0","0.0","0.00","0.0"
"360","Alvin Kamara","NO","RB","11","2025","2","100.0","0.0","0","0.0","0","0.0","0.0","","0","","0","0.0","0.0","","0.00","","0","","","","0","0.0","0","0","0","0","0","0.0","0","","0","0.000","0","","0","","0","","0","0","0.0","0","0.0","","","","100.0","","","0.00","","0.0","0.0","0.0","0.00","0.0"
"361","Savion Williams","GB","WR","12","2025","4","100.0","0.0","0","0.0","0","0.0","0.0","","0","","0","0.0","0.0","","0.00","","0","","","","0","0.0","0","0","0","0","0","0.0","0","","0","0.000","0","","0","","0","","0","0","0.0","0","0.0","","","","100.0","","","0.00","","0.0","0.0","0.0","0.00","0.0"
"362","Treylon Burks","WAS","WR","8","2025","7","87.5","21.0","42","66.7","2","0.3","28.6","0.29","0","","0","0.0","0.0","","0.00","","0","","","","0","0.0","0","0","0","1","0","0.0","0","","0","0.000","0","","2","100.0","0","","2","0","0.0","0","39.6","28.6","-11.3","","100.0","","","0.00","","0.0","3.5","0.4","0.50","3.5"
"363","Dont'e Thornton","LV","WR","15","2025","19","100.0","15.0","30","30.3","2","0.1","15.4","0.11","0","","0","0.0","0.0","","0.00","","0","","","","0","0.0","0","0","0","0","2","22.2","0","","0","0.000","0","","0","","0","","0","0","0.0","0","39.6","15.4","-10.0","","100.0","","","0.00","","0.0","3.3","0.2","0.17","3.3"
"364","Nick Westbrook-Ikhine","MIA","WR","15","2025","12","85.7","0.0","0","0.0","0","0.0","0.0","","0","","0","0.0","0.0","","0.00","","0","","","","0","0.0","0","0","0","0","0","0.0","0","","0","0.000","0","","0","","0","","0","0","0.0","0","0.0","","","","100.0","","","0.00","","0.0","0.0","0.0","0.00","0.0"
"365","James Mitchell","CAR","TE","5","2025","1","100.0","0.0","0","0.0","0","0.0","0.0","","0","","0","0.0","0.0","","0.00","","0","","","","0","0.0","0","0","0","0","0","0.0","0","","0","0.000","0","","0","","0","","0","0","0.0","0","0.0","","","","100.0","","","0.00","","0.0","0.0","0.0","0.00","0.0"
"366","Brevyn Spann-Ford","DAL","TE","17","2025","1","50.0","0.0","0","0.0","0","0.0","0.0","","0","","0","0.0","0.0","","0.00","","0","","","","0","0.0","0","0","0","0","0","0.0","0","","0","0.000","0","","0","","0","","0","0","0.0","0","0.0","","","","100.0","","","0.00","","0.0","0.0","0.0","0.00","0.0"
"367","Dare Ogunbowale","HST","RB","17","2025","2","100.0","0.0","0","0.0","0","0.0","0.0","","0","","0","0.0","0.0","","0.00","","0","","","","0","0.0","0","0","0","0","0","0.0","0","","0","0.000","0","","0","","0","","0","0","0.0","0","0.0","","","","100.0","","","0.00","","0.0","0.0","0.0","0.00","0.0"
"368","Charlie Woerner","ATL","TE","17","2025","3","75.0","0.0","0","0.0","0","0.0","0.0","","0","","0","0.0","0.0","","0.00","","0","","","","0","0.0","0","0","0","0","0","0.0","0","","0","0.000","0","","0","","0","","0","0","0.0","0","0.0","","","","100.0","","","0.00","","0.0","0.0","0.0","0.00","0.0"
"369","Treyton Welch","NO","TE","3","2025","1","100.0","0.0","0","0.0","0","0.0","0.0","","0","","0","0.0","0.0","","0.00","","0","","","","0","0.0","0","0","0","0","0","0.0","0","","0","0.000","0","","0","","0","","0","0","0.0","0","0.0","","","","100.0","","","0.00","","0.0","0.0","0.0","0.00","0.0"
"370","Rico Dowdle","CAR","RB","17","2025","2","100.0","0.0","0","0.0","0","0.0","0.0","","0","","0","0.0","0.0","","0.00","","0","","","","0","0.0","0","0","0","0","0","0.0","0","","0","0.000","0","","0","","0","","0","0","0.0","0","0.0","","","","100.0","","","0.00","","0.0","0.0","0.0","0.00","0.0"
"371","Ben Sinnott","WAS","TE","16","2025","6","100.0","0.0","0","0.0","0","0.0","0.0","","0","","0","0.0","0.0","","0.00","","0","","","","0","0.0","0","0","0","0","0","0.0","0","","0","0.000","0","","0","","0","","0","0","0.0","0","0.0","","","","100.0","","","0.00","","0.0","0.0","0.0","0.00","0.0"
"372","Bijan Robinson","ATL","RB","17","2025","12","100.0","20.0","40","23.4","2","0.1","20.0","0.17","0","","0","0.0","0.0","","0.00","","0","","","","0","0.0","0","0","0","2","2","20.0","0","","0","0.000","0","","0","","0","","1","0","0.0","0","39.6","20.0","-10.3","","100.0","","","0.00","","0.0","4.4","0.3","0.37","4.4"
"373","Brenton Strange","JAX","TE","12","2025","16","80.0","4.0","4","3.6","1","0.1","6.7","0.06","0","","0","0.0","0.0","","0.00","","0","","","","0","0.0","1","0","0","0","1","10.0","0","","0","0.000","0","","0","","0","","0","0","0.0","0","39.6","9.1","-6.1","","100.0","","","0.00","","0.0","3.3","0.3","0.21","3.3"
"374","Isiah Pacheco","KC","RB","13","2025","3","100.0","0.0","0","0.0","0","0.0","0.0","","0","","0","0.0","0.0","","0.00","","0","","","","0","0.0","0","0","0","0","0","0.0","0","","0","0.000","0","","0","","0","","0","0","0.0","0","0.0","","","","100.0","","","0.00","","0.0","0.0","0.0","0.00","0.0"
"375","Tucker Fisk","LAC","TE","10","2025","1","100.0","4.0","4","100.0","1","0.1","100.0","1.00","0","","0","0.0","0.0","","0.00","","0","","","","0","0.0","0","0","0","0","1","100.0","0","","0","0.000","1","100.0","1","100.0","0","","1","0","0.0","0","39.6","100.0","-6.1","","100.0","","","0.00","","0.0","1.3","0.1","1.34","1.3"
"376","KhaDarel Hodge","ATL","WR","11","2025","4","100.0","0.0","0","0.0","0","0.0","0.0","","0","","0","0.0","0.0","","0.00","","0","","","","0","0.0","0","0","0","0","0","0.0","0","","0","0.000","0","","0","","0","","0","0","0.0","0","0.0","","","","100.0","","","0.00","","0.0","0.0","0.0","0.00","0.0"
"377","Roman Wilson","PIT","WR","13","2025","6","85.7","0.0","0","0.0","0","0.0","0.0","","0","","0","0.0","0.0","","0.00","","0","","","","0","0.0","0","0","0","0","0","0.0","0","","0","0.000","0","","0","","0","","0","0","0.0","0","0.0","","","","100.0","","","0.00","","0.0","1.2","0.1","0.20","1.2"
"378","Zay Jones","ARZ","WR","8","2025","15","100.0","17.0","17","10.6","1","0.1","8.3","0.07","0","","0","0.0","0.0","","0.00","","0","","","","0","0.0","0","0","0","0","1","9.1","0","","0","0.000","0","","1","100.0","0","","1","0","0.0","0","39.6","9.1","-11.7","","100.0","","","0.00","","0.0","1.7","0.2","0.11","1.7"
"379","David Moore","CAR","WR","4","2025","1","50.0","0.0","0","0.0","0","0.0","0.0","","0","","0","0.0","0.0","","0.00","","0","","","","0","0.0","0","0","0","0","0","0.0","0","","0","0.000","0","","0","","0","","0","0","0.0","0","0.0","","","","100.0","","","0.00","","0.0","0.0","0.0","0.00","0.0"
"380","Luke Schoonmaker","DAL","TE","17","2025","3","100.0","0.0","0","0.0","0","0.0","0.0","","0","","0","0.0","0.0","","0.00","","0","","","","0","0.0","0","0","0","0","0","0.0","0","","0","0.000","0","","0","","0","","0","0","0.0","0","0.0","","","","100.0","","","0.00","","0.0","0.0","0.0","0.00","0.0"
"381","Durham Smythe","CHI","TE","17","2025","2","100.0","0.0","0","0.0","0","0.0","0.0","","0","","0","0.0","0.0","","0.00","","0","","","","0","0.0","0","0","0","0","0","0.0","0","","0","0.000","0","","0","","0","","0","0","0.0","0","0.0","","","","100.0","","","0.00","","0.0","0.0","0.0","0.00","0.0"
"382","Beaux Collins","NYG","WR","9","2025","3","100.0","0.0","0","0.0","0","0.0","0.0","","0","","0","0.0","0.0","","0.00","","0","","","","0","0.0","0","0","0","0","0","0.0","0","","0","0.000","0","","0","","0","","0","0","0.0","0","0.0","","","","100.0","","","0.00","","0.0","0.0","0.0","0.00","0.0"