"Player Details","","","","","","Receiving","","","","","","","","","","","","","","","","","","","","","","","Advanced","","","","","","","","","","","","","","","","","","","","","","","","","","","FPTS","","","","","",""
"Rank","Name","Team","POS","G","Season","RTE","RTE %","aDOT","AY","AY Share","TGT","TGT/G","TGT %","TPRR","REC","CR %","YDS","RecYDS/G","TM YDS %","YPRR","YPT","YPR","YAC","YAC/REC","YACO","YACO/REC","TD","TM TD %","i20 TGT","EZTGT","EZTD","DP TGT","1READ","1READ %","MTF","MTF/REC","1D","1D/RR","DRP","DRP %","CTGT","CTGT %","DESIGN","DESIGN %","CT","CC","CC %","HERO","RATE","THREAT","YPTOE","WIDE RTE %","SLOT RTE %","INLINE RTE %","BACK RTE %","FP/RR","FP/G","FP","XFP","XFP/G","XFP/RR","RecXFP"
"1","Pat Freiermuth","PIT","TE","17","2025","30","96.8","6.9","76","52.4","11","0.6","37.9","0.37","11","100.0","190","11.2","62.3","6.33","17.27","17.27","114","10.36","32","2.91","1","100.0","0","0","0","2","9","50.0","1","0.09","7","0.233","0","","11","100.0","2","18.2","1","1","100.0","0","149.1","37.9","9.5","","100.0","","","1.20","2.1","36.0","17.8","1.0","0.59","17.8"
"2","Wan'Dale Robinson","NYG","WR","16","2025","59","100.0","12.2","208","43.4","17","1.1","31.5","0.29","11","64.7","162","10.1","43.1","2.75","9.53","14.73","51","4.64","21","1.91","0","0.0","0","0","0","6","15","48.4","2","0.18","4","0.068","1","5.9","13","76.5","2","11.8","4","2","50.0","0","95.7","33.3","1.3","","100.0","","","0.46","1.7","27.2","24.6","1.5","0.42","24.6"
"3","Justin Jefferson","MIN","WR","17","2025","24","100.0","6.2","62","59.6","10","0.6","47.6","0.42","9","90.0","116","6.8","64.4","4.83","11.60","12.89","65","7.22","19","2.11","0","0.0","1","0","0","1","9","56.3","0","","3","0.125","0","","9","90.0","3","30.0","0","0","0.0","0","115.0","50.0","4.8","","100.0","","","0.86","1.2","20.6","15.1","0.9","0.63","15.1"
"4","Dallas Goedert","PHI","TE","15","2025","38","97.4","10.9","109","48.7","10","0.7","28.6","0.26","8","80.0","111","7.4","39.6","2.92","11.10","13.88","21","2.63","4","0.50","1","100.0","0","0","0","2","5","38.5","0","","5","0.132","0","","9","90.0","0","","2","1","50.0","0","146.3","33.3","2.5","","100.0","","","0.66","1.7","25.1","14.0","0.9","0.37","14.0"
"5","Amon-Ra St. Brown","DET","WR","17","2025","50","96.2","7.5","105","34.5","14","0.8","29.2","0.28","12","85.7","104","6.1","28.7","2.08","7.43","8.67","35","2.92","20","1.67","0","0.0","0","0","0","1","13","44.8","1","0.08","4","0.080","1","7.1","13","92.9","0","","2","2","100.0","0","67.9","31.8","0.6","","100.0","","","0.45","1.3","22.4","20.4","1.2","0.41","20.4"
"6","DeVonta Smith","PHI","WR","17","2025","48","98.0","6.7","80","41.7","12","0.7","26.7","0.25","11","91.7","93","5.5","37.1","1.94","7.75","8.45","19","1.73","8","0.73","0","0.0","1","0","0","0","9","39.1","0","","5","0.104","1","8.3","12","100.0","1","8.3","0","0","0.0","0","99.0","30.8","0.6","","100.0","","","0.42","1.2","20.3","18.5","1.1","0.39","18.5"
"7","KaVontae Turpin","DAL","WR","15","2025","30","100.0","27.2","136","42.2","5","0.3","20.8","0.17","2","40.0","93","6.2","42.5","3.10","18.60","46.50","37","18.50","","","1","100.0","1","2","0","2","2","16.7","0","","1","0.033","1","20.0","3","60.0","0","","0","0","0.0","0","87.5","21.7","7.9","","100.0","","","0.58","1.2","17.3","10.1","0.7","0.34","10.1"
"8","Jakobi Meyers","JAX, LV","WR","16","2025","28","90.3","9.6","86","55.5","9","0.6","34.6","0.32","7","77.8","91","5.7","37.3","3.25","10.11","13.00","44","6.29","18","2.57","0","0.0","1","1","0","2","9","47.4","1","0.14","3","0.107","0","","8","88.9","1","11.1","2","1","50.0","0","69.2","40.9","2.1","","100.0","","","0.58","1.0","16.1","15.2","0.9","0.54","15.2"
"9","Juwan Johnson","NO","TE","17","2025","44","97.8","12.0","84","27.1","7","0.4","16.3","0.16","5","71.4","91","5.4","25.9","2.07","13.00","18.20","28","5.60","17","3.40","0","0.0","0","0","0","2","5","20.8","2","0.40","3","0.068","1","14.3","7","100.0","0","","2","1","50.0","0","113.7","16.7","4.6","","100.0","","","0.32","0.8","14.1","10.6","0.6","0.24","10.6"
"10","Chig Okonkwo","TEN","TE","17","2025","29","90.6","6.2","68","40.5","11","0.6","40.7","0.38","8","72.7","86","5.1","68.3","2.97","7.82","10.75","59","7.38","17","2.13","0","0.0","0","0","0","2","9","47.4","3","0.38","4","0.138","1","9.1","9","81.8","3","27.3","0","0","0.0","0","95.3","40.7","0.4","","100.0","","","0.57","1.0","16.6","19.7","1.2","0.68","19.7"
"11","CeeDee Lamb","DAL","WR","14","2025","25","100.0","14.7","44","24.3","3","0.2","13.6","0.12","3","100.0","83","5.9","43.2","3.32","27.67","27.67","39","13.00","","","1","100.0","1","0","0","1","3","27.3","0","","2","0.080","0","","3","100.0","0","","1","1","100.0","0","158.3","15.8","18.9","","100.0","","","0.69","1.2","17.3","8.8","0.6","0.35","8.8"
"12","Jake Ferguson","DAL","TE","17","2025","50","92.6","9.3","130","36.3","14","0.8","28.6","0.28","10","71.4","81","4.8","23.0","1.62","5.79","8.10","37","3.70","14","1.40","0","0.0","1","1","0","3","7","38.9","0","","3","0.060","0","","12","85.7","0","","1","0","0.0","0","56.0","36.8","-2.7","","100.0","","","0.36","1.1","18.1","24.6","1.4","0.49","24.6"
"13","Rashee Rice","KC","WR","8","2025","6","100.0","3.0","15","100.0","5","0.6","83.3","0.83","5","100.0","79","9.9","90.8","13.17","15.80","15.80","64","12.80","3","0.60","1","100.0","0","0","0","1","4","100.0","1","0.20","2","0.333","0","","5","100.0","3","60.0","0","0","0.0","0","158.3","83.3","9.4","","100.0","","","3.15","2.4","18.9","7.7","1.0","1.28","7.7"
"14","Drake London","ATL","WR","12","2025","15","83.3","8.9","71","81.6","8","0.7","50.0","0.53","7","87.5","77","6.4","59.7","5.13","9.63","11.00","27","3.86","10","1.43","0","0.0","0","0","0","1","8","57.1","0","","5","0.333","0","","7","87.5","0","","2","2","100.0","0","106.8","50.0","2.0","","100.0","","","0.98","1.2","14.7","15.1","1.3","1.00","15.1"
"15","Stefon Diggs","NE","WR","17","2025","36","100.0","8.5","102","50.0","12","0.7","40.0","0.33","10","83.3","77","4.5","30.1","2.14","6.42","7.70","19","1.90","10","1.00","0","0.0","0","0","0","1","7","53.8","2","0.20","3","0.083","0","","11","91.7","0","","3","2","66.7","0","93.4","41.4","-0.8","","100.0","","","0.49","1.0","17.7","17.1","1.0","0.47","17.1"
"16","Trey McBride","ARZ","TE","17","2025","46","90.2","5.8","76","27.5","13","0.8","27.7","0.28","7","53.8","76","4.5","23.0","1.65","5.85","10.86","59","8.43","31","4.43","0","0.0","0","0","0","0","9","32.1","4","0.57","3","0.065","0","","9","69.2","4","30.8","3","1","33.3","0","71.3","29.5","-1.3","","100.0","","","0.32","0.9","14.6","18.6","1.1","0.40","18.6"
"17","Mike Gesicki","CIN","TE","13","2025","51","92.7","10.1","101","35.7","10","0.8","22.2","0.20","7","70.0","73","5.6","22.1","1.43","7.30","10.43","20","2.86","7","1.00","1","100.0","1","0","0","1","9","34.6","0","","3","0.059","0","","8","80.0","0","","3","2","66.7","0","124.2","24.4","-1.0","","100.0","","","0.40","1.6","20.3","19.5","1.5","0.38","19.5"
"18","Sam LaPorta","DET","TE","9","2025","18","90.0","9.0","63","45.0","7","0.8","36.8","0.39","4","57.1","72","8.0","45.0","4.00","10.29","18.00","36","9.00","18","4.50","1","100.0","1","0","0","0","4","33.3","1","0.25","3","0.167","0","","5","71.4","0","","1","0","0.0","0","132.1","38.9","2.7","","100.0","","","0.96","1.9","17.2","10.4","1.2","0.58","10.4"
"19","Cade Otton","TB","TE","16","2025","38","84.4","7.3","66","17.6","9","0.6","21.4","0.24","7","77.8","72","4.5","28.1","1.89","8.00","10.29","20","2.86","2","0.29","0","0.0","0","0","0","0","9","31.0","0","","4","0.105","0","","8","88.9","0","","3","2","66.7","0","100.0","22.5","0.5","","100.0","","","0.37","0.9","14.2","12.8","0.8","0.34","12.8"
"20","Parker Washington","JAX","WR","16","2025","22","100.0","12.3","74","41.3","6","0.4","31.6","0.27","4","66.7","70","4.4","30.6","3.18","11.67","17.50","34","8.50","15","3.75","0","0.0","0","0","0","2","6","54.5","1","0.25","2","0.091","2","33.3","6","100.0","1","16.7","0","0","0.0","0","106.3","35.3","2.8","","100.0","","","0.50","0.7","11.0","10.4","0.7","0.47","10.4"
"21","Ja'Marr Chase","CIN","WR","16","2025","53","100.0","3.2","41","17.7","13","0.8","27.7","0.25","10","76.9","69","4.3","25.1","1.30","5.31","6.90","37","3.70","19","1.90","0","0.0","4","0","0","0","11","42.3","3","0.30","3","0.057","1","7.7","11","84.6","2","15.4","2","2","100.0","0","88.3","29.5","-0.9","","100.0","","","0.30","1.0","15.9","18.5","1.2","0.35","18.5"
"22","Ladd McConkey","LAC","WR","16","2025","40","97.6","14.1","99","25.8","7","0.4","19.4","0.18","5","71.4","65","4.1","18.9","1.63","9.29","13.00","16","3.20","6","1.20","1","50.0","1","2","1","2","2","11.8","0","","1","0.025","1","14.3","7","100.0","0","","1","0","0.0","0","139.9","20.0","0.3","","100.0","","","0.44","1.1","17.5","14.1","0.9","0.35","14.1"
"23","Zach Ertz","WAS","TE","13","2025","30","81.1","19.1","153","63.5","8","0.6","25.0","0.27","5","62.5","65","5.0","31.4","2.17","8.13","13.00","1","0.20","1","0.20","0","0.0","1","0","0","3","4","26.7","0","","3","0.100","0","","6","75.0","0","","6","5","83.3","1","88.0","29.6","-0.7","","100.0","","","0.38","0.9","11.5","16.5","1.3","0.55","16.5"
"24","T.J. Hockenson","MIN","TE","15","2025","30","90.9","8.3","50","23.6","6","0.4","26.1","0.20","5","83.3","61","4.1","36.7","2.03","10.17","12.20","23","4.60","8","1.60","0","0.0","0","0","0","1","2","15.4","0","","3","0.100","0","","5","83.3","0","","0","0","0.0","0","109.0","26.1","2.4","","100.0","","","0.37","0.7","11.1","10.3","0.7","0.34","10.3"
"25","Pat Bryant","DEN","WR","15","2025","26","92.9","9.7","87","64.0","9","0.6","34.6","0.35","7","77.8","59","3.9","37.3","2.27","6.56","8.43","23","3.29","7","1.00","0","0.0","1","0","0","1","6","40.0","1","0.14","4","0.154","1","11.1","8","88.9","1","11.1","0","0","0.0","0","94.0","34.6","-1.2","","100.0","","","0.50","0.9","12.9","12.6","0.8","0.49","12.6"
"26","Chris Olave","NO","WR","16","2025","47","97.9","7.4","81","25.8","11","0.7","25.0","0.23","7","63.6","59","3.7","19.3","1.26","5.36","8.43","13","1.86","6","0.86","1","50.0","0","1","1","2","9","36.0","1","0.14","3","0.064","1","9.1","9","81.8","2","18.2","3","2","66.7","0","107.8","26.8","-1.7","","100.0","","","0.40","1.2","18.9","17.5","1.1","0.37","17.5"
"27","Jayden Reed","GB","WR","7","2025","10","90.9","18.5","37","34.3","2","0.3","20.0","0.20","2","100.0","57","8.1","58.8","5.70","28.50","28.50","20","10.00","6","3.00","0","0.0","0","0","0","0","2","33.3","0","","2","0.200","0","","2","100.0","0","","0","0","0.0","0","118.8","22.2","17.1","","100.0","","","0.77","1.1","7.7","3.0","0.4","0.30","3.0"
"28","Zay Flowers","BLT","WR","17","2025","32","100.0","5.0","40","41.2","8","0.5","29.6","0.25","6","75.0","57","3.4","37.3","1.78","7.13","9.50","37","6.17","14","2.33","0","0.0","0","0","0","0","7","46.7","3","0.50","4","0.125","1","12.5","7","87.5","1","12.5","1","1","100.0","0","94.3","30.8","0.6","","100.0","","","0.37","0.7","11.7","12.0","0.7","0.38","12.0"
"29","DeMario Douglas","NE","WR","17","2025","30","100.0","11.8","59","33.9","5","0.3","20.0","0.17","3","60.0","56","3.3","23.2","1.87","11.20","18.67","27","9.00","4","1.33","0","0.0","0","0","0","2","3","23.1","2","0.67","1","0.033","0","","3","60.0","0","","0","0","0.0","0","98.8","21.7","3.3","","100.0","","","0.29","0.5","8.6","9.0","0.5","0.30","9.0"
"30","Keenan Allen","LAC","WR","17","2025","24","100.0","8.9","71","45.5","8","0.5","40.0","0.33","6","75.0","56","3.3","39.2","2.33","7.00","9.33","31","5.17","12","2.00","0","0.0","0","0","0","1","7","63.6","2","0.33","2","0.083","0","","6","75.0","0","","1","1","100.0","0","93.8","44.4","-0.4","","100.0","","","0.48","0.7","11.6","13.1","0.8","0.54","13.1"
"31","Travis Kelce","KC","TE","17","2025","12","75.0","6.3","25","62.5","4","0.2","30.8","0.33","4","100.0","52","3.1","44.4","4.33","13.00","13.00","27","6.75","9","2.25","0","0.0","0","0","0","0","3","33.3","0","","3","0.250","0","","4","100.0","0","","0","0","0.0","0","118.8","30.8","5.9","","100.0","","","0.77","0.5","9.2","6.1","0.4","0.51","6.1"
"32","Isaiah Likely","BLT","TE","14","2025","36","97.3","5.1","36","19.0","7","0.5","22.6","0.19","6","85.7","51","3.6","21.2","1.42","7.29","8.50","18","3.00","3","0.50","0","0.0","0","0","0","0","2","15.4","0","","2","0.056","0","","6","85.7","0","","1","1","100.0","0","97.0","25.0","0.5","","100.0","","","0.31","0.8","11.1","9.8","0.7","0.27","9.8"
"33","Brock Bowers","LV","TE","12","2025","31","93.9","7.3","51","26.2","7","0.6","24.1","0.23","6","85.7","51","4.3","30.0","1.65","7.29","8.50","16","2.67","12","2.00","0","0.0","0","0","0","0","5","27.8","1","0.17","1","0.032","0","","6","85.7","0","","0","0","0.0","0","57.4","25.9","0.1","","100.0","","","0.36","0.9","11.1","12.4","1.0","0.40","12.4"
"34","Dalton Kincaid","BUF","TE","12","2025","13","100.0","12.8","51","63.8","4","0.3","36.4","0.31","3","75.0","50","4.2","45.5","3.85","12.50","16.67","21","7.00","8","2.67","0","0.0","0","0","0","2","3","50.0","0","","3","0.231","0","","4","100.0","0","","1","0","0.0","0","116.7","40.0","3.2","","100.0","","","0.62","0.7","8.0","5.8","0.5","0.44","5.8"
"35","Josh Downs","IND","WR","16","2025","33","91.7","10.0","60","30.9","6","0.4","17.1","0.18","5","83.3","50","3.1","21.1","1.52","8.33","10.00","4","0.80","1","0.20","0","0.0","0","0","0","0","5","26.3","0","","2","0.061","0","","5","83.3","0","","1","1","100.0","0","101.4","18.2","0.0","","100.0","","","0.30","0.6","10.0","9.8","0.6","0.30","9.8"
"36","George Kittle","SF","TE","11","2025","7","77.8","11.7","35","50.0","3","0.3","42.9","0.43","3","100.0","48","4.4","50.5","6.86","16.00","16.00","13","4.33","4","1.33","0","0.0","0","0","0","1","3","50.0","0","","2","0.286","0","","3","100.0","1","33.3","1","1","100.0","0","118.8","42.9","6.6","","100.0","","","1.11","0.7","7.8","5.5","0.5","0.79","5.5"
"37","Jauan Jennings","SF","WR","15","2025","18","100.0","9.8","49","35.3","5","0.3","31.3","0.28","4","80.0","48","3.2","29.3","2.67","9.60","12.00","12","3.00","7","1.75","0","0.0","0","0","0","1","4","40.0","0","","3","0.167","0","","4","80.0","0","","1","1","100.0","0","106.7","31.3","1.3","","100.0","","","0.49","0.6","8.8","8.1","0.5","0.45","8.1"
"38","Jaylin Lane","WAS","WR","15","2025","7","87.5","22.5","45","51.1","2","0.1","25.0","0.29","2","100.0","48","3.2","40.0","6.86","24.00","24.00","3","1.50","2","1.00","0","0.0","0","0","0","1","2","33.3","0","","1","0.143","0","","2","100.0","0","","1","1","100.0","0","118.8","25.0","13.1","","100.0","","","0.97","0.5","6.8","3.1","0.2","0.45","3.1"
"39","Tez Johnson","TB","WR","16","2025","13","92.9","10.3","31","47.7","3","0.2","23.1","0.23","3","100.0","47","2.9","34.8","3.62","15.67","15.67","16","5.33","","","0","0.0","0","0","0","0","2","28.6","2","0.67","2","0.154","0","","3","100.0","0","","0","0","0.0","0","118.8","25.0","6.6","","100.0","","","0.59","0.5","7.7","5.9","0.4","0.45","5.9"
"40","Calvin Ridley","TEN","WR","7","2025","9","90.0","17.5","70","72.2","4","0.6","57.1","0.44","1","25.0","47","6.7","70.1","5.22","11.75","47.00","7","7.00","","","0","0.0","0","0","0","1","4","66.7","0","","1","0.111","0","","1","25.0","0","","0","0","0.0","0","76.0","57.1","2.0","","100.0","","","0.63","0.8","5.7","8.3","1.2","0.92","8.3"
"41","Puka Nacua","LA","WR","16","2025","12","100.0","6.0","30","46.9","5","0.3","41.7","0.42","3","60.0","46","2.9","50.0","3.83","9.20","15.33","27","9.00","16","5.33","0","0.0","0","0","0","0","4","50.0","1","0.33","2","0.167","0","","4","80.0","1","20.0","1","0","0.0","0","90.4","45.5","2.1","","100.0","","","0.63","0.5","7.6","7.3","0.5","0.61","7.3"
"42","Matthew Golden","GB","WR","14","2025","8","66.7","43.0","43","86.0","1","0.1","9.1","0.13","1","100.0","46","3.3","35.7","5.75","46.00","46.00","3","3.00","3","3.00","0","0.0","0","0","0","1","1","14.3","0","","1","0.125","0","","1","100.0","0","","1","1","100.0","0","118.8","10.0","31.0","","100.0","","","0.70","0.4","5.6","2.5","0.2","0.31","2.5"
"43","Devaughn Vele","NO","WR","13","2025","11","84.6","14.8","59","80.8","4","0.3","40.0","0.36","3","75.0","45","3.5","59.2","4.09","11.25","15.00","6","2.00","2","0.67","0","0.0","0","0","0","1","3","60.0","0","","2","0.182","0","","3","75.0","0","","2","2","100.0","1","111.5","44.4","1.5","","100.0","","","0.68","0.6","7.5","6.5","0.5","0.59","6.5"
"44","Casey Washington","ATL","WR","7","2025","7","100.0","17.5","35","64.8","2","0.3","28.6","0.29","2","100.0","44","6.3","50.6","6.29","22.00","22.00","9","4.50","3","1.50","0","0.0","0","0","0","0","2","50.0","0","","2","0.286","0","","2","100.0","0","","0","0","0.0","0","118.8","28.6","10.7","","100.0","","","0.91","0.9","6.4","4.1","0.6","0.59","4.1"
"45","Khalil Shakir","BUF","WR","16","2025","24","96.0","5.4","27","12.6","5","0.3","21.7","0.21","4","80.0","44","2.8","20.9","1.83","8.80","11.00","36","9.00","8","2.00","0","0.0","0","0","0","0","5","35.7","0","","3","0.125","0","","4","80.0","1","20.0","0","0","0.0","0","103.3","21.7","1.8","","100.0","","","0.35","0.5","8.4","6.9","0.4","0.29","6.9"
"46","Brenton Strange","JAX","TE","12","2025","9","75.0","12.7","38","38.4","3","0.3","30.0","0.33","3","100.0","42","3.5","28.0","4.67","14.00","14.00","4","1.33","2","0.67","0","0.0","0","0","0","1","1","20.0","1","0.33","2","0.222","0","","3","100.0","0","","1","1","100.0","0","118.8","30.0","6.0","","100.0","","","0.80","0.6","7.2","5.1","0.4","0.57","5.1"
"47","Tyler Warren","IND","TE","17","2025","29","93.5","4.0","20","12.3","5","0.3","17.9","0.17","5","100.0","41","2.4","23.4","1.41","8.20","8.20","21","4.20","3","0.60","0","0.0","0","0","0","0","2","11.8","0","","2","0.069","0","","5","100.0","0","","0","0","0.0","0","100.8","20.0","1.9","","100.0","","","0.31","0.5","9.1","7.2","0.4","0.25","7.2"
"48","Chimere Dike","TEN","WR","17","2025","42","91.3","5.0","35","15.2","7","0.4","16.7","0.17","3","42.9","40","2.4","16.1","0.95","5.71","13.33","21","7.00","4","1.33","0","0.0","1","0","0","0","5","18.5","0","","3","0.071","1","14.3","4","57.1","2","28.6","0","0","0.0","0","61.6","17.1","-1.2","","100.0","","","0.17","0.4","7.0","12.6","0.7","0.30","12.6"
"49","Christian Watson","GB","WR","10","2025","5","83.3","23.0","23","35.9","1","0.1","20.0","0.20","1","100.0","39","3.9","38.2","7.80","39.00","39.00","16","16.00","2","2.00","1","100.0","0","0","0","1","1","25.0","0","","1","0.200","0","","1","100.0","0","","0","0","0.0","0","158.3","20.0","28.8","","100.0","","","2.18","1.1","10.9","2.3","0.2","0.46","2.3"
"50","Josh Jacobs","GB","RB","15","2025","2","100.0","-2.5","-5","100.0","2","0.1","100.0","1.00","2","100.0","39","2.6","100.0","19.50","19.50","19.50","44","22.00","24","12.00","0","0.0","0","0","0","0","1","100.0","1","0.50","1","0.500","0","","2","100.0","1","50.0","0","0","0.0","0","118.8","100.0","13.8","","100.0","","","2.95","0.4","5.9","3.4","0.2","1.71","3.4"
"51","Chase Brown","CIN","RB","17","2025","10","100.0","1.3","5","18.5","4","0.2","44.4","0.40","4","100.0","39","2.3","43.8","3.90","9.75","9.75","28","7.00","12","3.00","0","0.0","0","0","0","0","3","50.0","2","0.50","3","0.300","0","","4","100.0","1","25.0","1","1","100.0","0","107.3","44.4","2.0","","100.0","","","0.79","0.5","7.9","5.9","0.3","0.59","5.9"
"52","Elic Ayomanor","TEN","WR","16","2025","12","85.7","24.3","73","62.4","3","0.2","25.0","0.25","1","33.3","39","2.4","31.5","3.25","13.00","39.00","18","18.00","4","4.00","0","0.0","0","0","0","2","3","42.9","0","","1","0.083","0","","2","66.7","0","","0","0","0.0","0","81.9","27.3","0.8","","100.0","","","0.41","0.3","4.9","4.4","0.3","0.37","4.4"
"53","Theo Johnson","NYG","TE","15","2025","37","77.1","5.8","35","9.8","6","0.4","14.0","0.16","4","66.7","35","2.3","10.3","0.95","5.83","8.75","25","6.25","13","3.25","0","0.0","1","1","0","0","5","16.7","0","","2","0.054","0","","6","100.0","1","16.7","2","0","0.0","0","81.9","15.0","-1.6","","100.0","","","0.20","0.5","7.5","10.3","0.7","0.28","10.3"
"54","Travis Hunter","JAX","WR","7","2025","24","100.0","2.3","9","4.8","4","0.6","19.0","0.17","4","100.0","35","5.0","17.8","1.46","8.75","8.75","26","6.50","14","3.50","0","0.0","0","0","0","0","3","25.0","2","0.50","2","0.083","0","","4","100.0","2","50.0","0","0","0.0","0","103.1","21.1","2.0","","100.0","","","0.31","1.1","7.5","6.8","1.0","0.28","6.8"
"55","Chris Godwin","TB","WR","9","2025","15","83.3","4.7","14","15.4","3","0.3","20.0","0.20","3","100.0","34","3.8","26.0","2.27","11.33","11.33","20","6.67","8","2.67","0","0.0","0","0","0","0","3","30.0","0","","3","0.200","0","","3","100.0","0","","0","0","0.0","0","113.9","21.4","5.1","","100.0","","","0.43","0.7","6.4","4.3","0.5","0.28","4.3"
"56","Greg Dortch","ARZ","WR","12","2025","17","94.4","-2.0","-12","-23.1","6","0.5","33.3","0.35","6","100.0","33","2.8","28.9","1.94","5.50","5.50","45","7.50","9","1.50","0","0.0","0","0","0","0","6","46.2","1","0.17","2","0.118","0","","6","100.0","5","83.3","0","0","0.0","0","89.6","33.3","0.0","","100.0","","","0.55","0.8","9.3","9.3","0.8","0.54","9.3"
"57","Hunter Henry","NE","TE","17","2025","30","96.8","9.7","29","14.8","3","0.2","13.6","0.10","3","100.0","31","1.8","17.4","1.03","10.33","10.33","2","0.67","1","0.33","0","0.0","0","0","0","0","2","16.7","0","","2","0.067","0","","3","100.0","0","","1","1","100.0","0","109.7","14.3","2.3","","100.0","","","0.20","0.4","6.1","4.5","0.3","0.15","4.5"
"58","Brevyn Spann-Ford","DAL","TE","17","2025","4","80.0","23.0","46","51.7","2","0.1","50.0","0.50","1","50.0","31","1.8","50.8","7.75","15.50","31.00","12","12.00","4","4.00","0","0.0","0","0","0","1","2","50.0","1","1.00","1","0.250","0","","1","50.0","0","","0","0","0.0","0","95.8","50.0","3.4","","100.0","","","1.03","0.2","4.1","2.1","0.1","0.52","2.1"
"59","Mason Taylor","NYJ","TE","13","2025","21","84.0","5.2","26","26.5","5","0.4","27.8","0.24","3","60.0","31","2.4","51.7","1.48","6.20","10.33","15","5.00","7","2.33","0","0.0","0","0","0","0","2","25.0","0","","2","0.095","1","20.0","4","80.0","0","","0","0","0.0","0","77.9","31.3","-0.4","","100.0","","","0.29","0.5","6.1","7.1","0.5","0.34","7.1"
"60","Mark Andrews","BLT","TE","17","2025","40","87.0","6.6","33","13.8","5","0.3","13.9","0.13","4","80.0","31","1.8","11.9","0.78","6.20","7.75","8","2.00","7","1.75","0","0.0","0","0","0","0","5","26.3","0","","2","0.050","0","","4","80.0","0","","0","0","0.0","0","92.5","14.3","-0.9","","100.0","","","0.18","0.4","7.1","7.6","0.4","0.19","7.6"
"61","Oronde Gadsden","LAC","TE","15","2025","22","91.7","13.0","26","13.8","2","0.1","9.5","0.09","2","100.0","31","2.1","20.0","1.41","15.50","15.50","5","2.50","2","1.00","0","0.0","0","0","0","1","2","20.0","0","","1","0.045","0","","2","100.0","0","","0","0","0.0","0","118.8","10.5","7.2","","100.0","","","0.19","0.3","4.1","2.7","0.2","0.12","2.7"
"62","Darren Waller","MIA","TE","9","2025","11","91.7","10.3","31","34.8","3","0.3","30.0","0.27","2","66.7","30","3.3","21.1","2.73","10.00","15.00","14","7.00","2","1.00","0","0.0","0","0","0","1","2","33.3","0","","2","0.182","0","","2","66.7","1","33.3","1","1","100.0","0","99.3","30.0","0.4","","100.0","","","0.45","0.6","5.0","5.2","0.6","0.47","5.2"
"63","Michael Wilson","ARZ","WR","17","2025","30","96.8","3.5","14","10.8","4","0.2","14.3","0.13","4","100.0","29","1.7","14.8","0.97","7.25","7.25","15","3.75","3","0.75","0","0.0","0","0","0","0","3","20.0","0","","2","0.067","0","","4","100.0","0","","0","0","0.0","0","96.9","15.4","0.6","","100.0","","","0.23","0.4","6.9","5.9","0.3","0.20","5.9"
"64","Tetairoa McMillan","CAR","WR","17","2025","16","100.0","7.3","22","27.2","3","0.2","25.0","0.19","3","100.0","29","1.7","42.0","1.81","9.67","9.67","7","2.33","4","1.33","0","0.0","0","0","0","0","3","42.9","1","0.33","2","0.125","0","","3","100.0","0","","0","0","0.0","0","106.9","30.0","2.5","","100.0","","","0.37","0.3","5.9","4.4","0.3","0.27","4.4"
"65","Bijan Robinson","ATL","RB","17","2025","7","100.0","0.5","2","5.3","4","0.2","57.1","0.57","3","75.0","29","1.7","49.2","4.14","7.25","9.67","27","9.00","6","2.00","0","0.0","1","0","0","0","3","75.0","0","","2","0.286","0","","4","100.0","1","25.0","1","0","0.0","0","94.8","66.7","1.0","","100.0","","","0.84","0.3","5.9","5.7","0.3","0.82","5.7"
"66","Luke Musgrave","GB","TE","17","2025","7","100.0","12.0","24","43.6","2","0.1","40.0","0.29","2","100.0","28","1.6","70.0","4.00","14.00","14.00","4","2.00","","","0","0.0","0","0","0","0","1","33.3","0","","2","0.286","0","","2","100.0","0","","0","0","0.0","0","118.8","40.0","5.3","","100.0","","","0.69","0.3","4.8","2.8","0.2","0.40","2.8"
"67","Andrei Iosivas","CIN","WR","17","2025","81","98.8","9.0","99","25.1","11","0.6","14.3","0.14","4","36.4","28","1.6","5.4","0.35","2.55","7.00","1","0.25","2","0.50","0","0.0","0","0","0","1","7","15.9","0","","2","0.025","1","9.1","9","81.8","0","","3","0","0.0","0","44.9","15.1","-4.9","","100.0","","","0.08","0.4","6.8","16.3","1.0","0.20","16.3"
"68","Deebo Samuel","WAS","WR","16","2025","34","89.5","3.3","20","9.0","6","0.4","18.2","0.18","5","83.3","27","1.7","13.2","0.79","4.50","5.40","27","5.40","12","2.40","0","0.0","0","0","0","1","5","23.8","3","0.60","0","0.000","0","","5","83.3","2","33.3","1","1","100.0","0","85.4","20.7","-1.9","","100.0","","","0.23","0.5","7.7","9.4","0.6","0.28","9.4"
"69","Marvin Mims","DEN","WR","15","2025","12","92.3","0.0","0","0.0","5","0.3","38.5","0.42","4","80.0","27","1.8","42.9","2.25","5.40","6.75","45","11.25","7","1.75","0","0.0","0","0","0","0","5","62.5","0","","2","0.167","0","","4","80.0","4","80.0","0","0","0.0","0","89.2","50.0","-0.2","","100.0","","","0.56","0.4","6.7","9.3","0.6","0.78","9.3"
"70","Darnell Washington","PIT","TE","16","2025","8","80.0","16.0","16","34.8","1","0.1","11.1","0.13","1","100.0","26","1.6","25.2","3.25","26.00","26.00","10","10.00","6","6.00","0","0.0","0","0","0","0","1","16.7","1","1.00","1","0.125","0","","1","100.0","0","","1","1","100.0","0","118.8","14.3","15.8","","100.0","","","0.45","0.2","3.6","1.8","0.1","0.22","1.8"
"71","Jonathan Taylor","IND","RB","17","2025","4","100.0","-1.0","-2","-9.5","2","0.1","50.0","0.50","2","100.0","26","1.5","49.1","6.50","13.00","13.00","28","14.00","13","6.50","1","100.0","1","0","0","0","1","33.3","1","0.50","1","0.250","0","","2","100.0","1","50.0","0","0","0.0","0","158.3","50.0","7.0","","100.0","","","2.65","0.6","10.6","3.2","0.2","0.80","3.2"
"72","Malik Washington","MIA","WR","17","2025","32","88.9","7.3","51","21.2","7","0.4","25.9","0.22","5","71.4","26","1.5","12.0","0.81","3.71","5.20","23","4.60","8","1.60","0","0.0","1","0","0","2","6","35.3","0","","2","0.063","0","","5","71.4","2","28.6","2","1","50.0","0","77.1","26.9","-3.5","","100.0","","","0.24","0.4","7.6","11.4","0.7","0.35","11.4"
"73","De'Von Achane","MIA","RB","16","2025","17","100.0","-4.2","-21","-32.3","5","0.3","33.3","0.29","5","100.0","26","1.6","52.0","1.53","5.20","5.20","47","9.40","12","2.40","0","0.0","1","0","0","0","4","30.8","4","0.80","1","0.059","0","","5","100.0","4","80.0","0","0","0.0","0","88.3","33.3","-0.4","","100.0","","","0.45","0.5","7.6","8.0","0.5","0.47","8.0"
"74","Jordan Whittington","LA","WR","17","2025","15","100.0","2.0","6","4.0","3","0.2","21.4","0.20","3","100.0","25","1.5","16.2","1.67","8.33","8.33","19","6.33","7","2.33","0","0.0","0","0","0","0","1","16.7","0","","1","0.067","0","","3","100.0","0","","0","0","0.0","0","101.4","21.4","2.5","","100.0","","","0.37","0.3","5.5","4.1","0.2","0.27","4.1"
"75","Troy Franklin","DEN","WR","17","2025","26","92.9","11.0","22","16.2","2","0.1","7.7","0.08","2","100.0","25","1.5","13.6","0.96","12.50","12.50","5","2.50","2","1.00","1","50.0","0","1","1","1","2","15.4","0","","1","0.038","0","","2","100.0","1","50.0","0","0","0.0","0","158.3","9.1","4.3","","100.0","","","0.40","0.6","10.5","3.5","0.2","0.14","3.5"
"76","Harold Fannin","CLV","TE","16","2025","20","83.3","3.2","16","15.0","5","0.3","22.7","0.25","3","60.0","24","1.5","20.9","1.20","4.80","8.00","20","6.67","4","1.33","0","0.0","0","0","0","0","3","20.0","0","","1","0.050","0","","5","100.0","1","20.0","2","0","0.0","0","72.1","22.7","-1.4","","100.0","","","0.27","0.3","5.4","7.1","0.4","0.36","7.1"
"77","Darius Slayton","NYG","WR","14","2025","13","100.0","14.5","29","23.2","2","0.1","18.2","0.15","1","50.0","24","1.7","31.6","1.85","12.00","24.00","10","10.00","","","0","0.0","0","0","0","0","1","16.7","0","","1","0.077","1","50.0","2","100.0","0","","0","0","0.0","0","93.8","20.0","1.9","","100.0","","","0.26","0.2","3.4","3.1","0.2","0.24","3.1"
"78","Ja'Tavion Sanders","CAR","TE","13","2025","16","88.9","3.0","12","13.5","4","0.3","23.5","0.25","4","100.0","24","1.8","17.1","1.50","6.00","6.00","12","3.00","4","1.00","0","0.0","0","0","0","0","3","30.0","2","0.50","1","0.063","0","","4","100.0","0","","0","0","0.0","0","91.7","23.5","0.0","","100.0","","","0.40","0.5","6.4","5.6","0.4","0.35","5.6"
"79","Isaiah Williams","NYJ","WR","15","2025","27","96.4","3.2","16","13.2","5","0.3","22.7","0.19","3","60.0","24","1.6","20.3","0.89","4.80","8.00","10","3.33","5","1.67","0","0.0","0","0","0","0","3","23.1","0","","1","0.037","1","20.0","4","80.0","1","20.0","2","1","50.0","0","72.1","25.0","-1.2","","100.0","","","0.20","0.4","5.4","7.1","0.5","0.26","7.1"
"80","Jake Tonges","SF","TE","16","2025","11","100.0","6.0","18","22.8","3","0.2","30.0","0.27","3","100.0","24","1.5","25.0","2.18","8.00","8.00","6","2.00","3","1.00","0","0.0","0","0","0","0","2","28.6","0","","1","0.091","0","","3","100.0","0","","1","1","100.0","0","100.0","33.3","0.8","","100.0","","","0.49","0.3","5.4","4.5","0.3","0.41","4.5"
"81","JuJu Smith-Schuster","KC","WR","17","2025","11","78.6","7.5","15","31.3","2","0.1","16.7","0.18","2","100.0","24","1.4","19.0","2.18","12.00","12.00","9","4.50","4","2.00","0","0.0","0","0","0","0","1","12.5","0","","2","0.182","0","","2","100.0","0","","0","0","0.0","0","116.7","16.7","5.1","","100.0","","","0.40","0.3","4.4","2.7","0.2","0.24","2.7"
"82","Colston Loveland","CHI","TE","16","2025","18","90.0","6.0","18","24.7","3","0.2","16.7","0.17","2","66.7","23","1.4","35.9","1.28","7.67","11.50","11","5.50","2","1.00","0","0.0","0","0","0","0","1","14.3","0","","2","0.111","0","","3","100.0","0","","1","0","0.0","0","89.6","21.4","0.7","","100.0","","","0.24","0.3","4.3","4.5","0.3","0.25","4.5"
"83","James Proche","TEN","WR","9","2025","3","100.0","20.0","20","44.4","1","0.1","33.3","0.33","1","100.0","23","2.6","95.8","7.67","23.00","23.00","3","3.00","","","0","0.0","0","0","0","1","1","100.0","0","","1","0.333","0","","1","100.0","0","","0","0","0.0","0","118.8","33.3","12.1","","100.0","","","1.10","0.4","3.3","1.7","0.2","0.57","1.7"
"84","Tom Kennedy","DET","WR","6","2025","2","100.0","20.0","20","83.3","1","0.2","50.0","0.50","1","100.0","23","3.8","76.7","11.50","23.00","23.00","3","3.00","","","0","0.0","0","0","0","1","1","50.0","0","","1","0.500","0","","1","100.0","0","","1","1","100.0","0","118.8","50.0","12.1","","100.0","","","1.65","0.6","3.3","1.4","0.2","0.70","1.4"
"85","Darnell Mooney","ATL","WR","15","2025","36","97.3","16.7","50","20.5","3","0.2","8.3","0.08","2","66.7","23","1.5","8.6","0.64","7.67","11.50","1","0.50","1","0.50","0","0.0","0","0","0","1","2","11.1","0","","2","0.056","0","","2","66.7","0","","0","0","0.0","0","89.6","9.4","-1.6","","100.0","","","0.12","0.3","4.3","5.5","0.4","0.15","5.5"
"86","Isaiah Bond","CLV","WR","16","2025","24","96.0","26.3","79","52.0","3","0.2","15.0","0.13","1","33.3","22","1.4","17.5","0.92","7.33","22.00","2","2.00","","","0","0.0","0","0","0","2","2","20.0","0","","1","0.042","0","","1","33.3","0","","0","0","0.0","0","20.8","16.7","-3.6","","100.0","","","0.13","0.2","3.2","7.4","0.5","0.31","7.4"
"87","Mason Tipton","NO","WR","13","2025","8","100.0","2.0","6","17.6","3","0.2","42.9","0.38","3","100.0","22","1.7","44.0","2.75","7.33","7.33","16","5.33","3","1.00","0","0.0","0","0","0","0","1","20.0","0","","1","0.125","0","","3","100.0","0","","0","0","0.0","0","97.2","42.9","1.5","","100.0","","","0.65","0.4","5.2","4.2","0.3","0.53","4.2"
"88","Garrett Wilson","NYJ","WR","7","2025","27","100.0","2.8","14","13.1","5","0.7","26.3","0.19","4","80.0","22","3.1","36.7","0.81","4.40","5.50","15","3.75","8","2.00","0","0.0","0","0","0","0","4","40.0","2","0.50","1","0.037","0","","5","100.0","1","20.0","2","1","50.0","0","85.0","29.4","-1.4","","100.0","","","0.23","0.9","6.2","8.6","1.2","0.32","8.6"
"89","Tanner Conner","MIA","TE","9","2025","8","72.7","9.0","18","23.4","2","0.2","20.0","0.25","2","100.0","21","2.3","25.9","2.63","10.50","10.50","3","1.50","1","0.50","0","0.0","0","0","0","0","1","14.3","0","","0","0.000","0","","2","100.0","0","","0","0","0.0","0","110.4","22.2","2.3","","100.0","","","0.51","0.5","4.1","2.8","0.3","0.35","2.8"
"90","Kalif Raymond","DET","WR","15","2025","15","93.8","1.3","5","9.3","4","0.3","28.6","0.27","3","75.0","21","1.4","27.3","1.40","5.25","7.00","25","8.33","4","1.33","0","0.0","1","0","0","0","2","25.0","0","","2","0.133","0","","3","75.0","1","25.0","0","0","0.0","0","86.5","33.3","-0.4","","100.0","","","0.34","0.3","5.1","6.7","0.4","0.45","6.7"
"91","Jalen Nailor","MIN","WR","17","2025","43","97.7","10.6","74","29.8","7","0.4","18.4","0.16","3","42.9","21","1.2","10.7","0.49","3.00","7.00","4","1.33","2","0.67","0","0.0","1","0","0","1","5","23.8","0","","1","0.023","0","","3","42.9","0","","0","0","0.0","0","10.7","18.9","-4.9","","100.0","","","0.12","0.3","5.1","10.9","0.6","0.25","10.9"
"92","Ray-Ray McCloud","ATL, NYG","WR","6","2025","5","100.0","4.0","8","72.7","2","0.3","40.0","0.40","2","100.0","21","3.5","45.7","4.20","10.50","10.50","13","6.50","7","3.50","0","0.0","0","0","0","0","1","50.0","1","0.50","1","0.200","0","","2","100.0","0","","0","0","0.0","0","110.4","40.0","4.4","","100.0","","","0.82","0.7","4.1","2.9","0.5","0.58","2.9"
"93","Cooper Kupp","SEA","WR","16","2025","21","91.3","3.0","9","8.4","3","0.2","13.6","0.14","3","100.0","21","1.3","13.0","1.00","7.00","7.00","12","4.00","4","1.33","0","0.0","0","0","0","0","2","16.7","1","0.33","3","0.143","0","","3","100.0","1","33.3","2","2","100.0","0","95.8","14.3","0.6","","100.0","","","0.24","0.3","5.1","4.7","0.3","0.22","4.7"
"94","Evan Engram","DEN","TE","16","2025","18","94.7","6.5","13","10.7","2","0.1","11.8","0.11","2","100.0","20","1.3","15.0","1.11","10.00","10.00","7","3.50","3","1.50","0","0.0","0","0","0","0","2","16.7","0","","2","0.111","0","","2","100.0","0","","0","0","0.0","0","108.3","12.5","3.3","","100.0","","","0.22","0.3","4.0","3.0","0.2","0.17","3.0"
"95","Ben Sinnott","WAS","TE","16","2025","6","100.0","12.0","36","72.0","3","0.2","60.0","0.50","2","66.7","20","1.3","51.3","3.33","6.67","10.00","9","4.50","4","2.00","0","0.0","0","0","0","1","3","75.0","0","","1","0.167","0","","2","66.7","0","","0","0","0.0","0","85.4","60.0","-1.0","","100.0","","","0.67","0.3","4.0","4.0","0.3","0.67","4.0"
"96","Kyle Pitts","ATL","TE","17","2025","28","82.4","5.0","20","12.4","4","0.2","12.5","0.14","3","75.0","20","1.2","7.6","0.71","5.00","6.67","4","1.33","2","0.67","0","0.0","0","0","0","0","3","15.0","0","","1","0.036","0","","4","100.0","0","","2","1","50.0","0","45.8","12.5","-1.5","","100.0","","","0.18","0.3","5.0","5.7","0.3","0.20","5.7"
"97","Tyler Johnson","NYJ","WR","12","2025","10","83.3","18.0","18","60.0","1","0.1","11.1","0.10","1","100.0","20","1.7","40.8","2.00","20.00","20.00","2","2.00","","","0","0.0","0","0","0","0","0","0.0","0","","1","0.100","0","","1","100.0","0","","0","0","0.0","0","118.8","12.5","9.1","","100.0","","","0.30","0.3","3.0","1.1","0.1","0.11","1.1"
"98","Daniel Bellinger","NYG","TE","16","2025","14","82.4","8.0","16","17.4","2","0.1","12.5","0.14","2","100.0","19","1.2","17.3","1.36","9.50","9.50","3","1.50","1","0.50","0","0.0","0","0","0","0","0","0.0","0","","1","0.071","0","","2","100.0","0","","0","0","0.0","0","106.3","12.5","2.1","","100.0","","","0.28","0.2","3.9","4.7","0.3","0.34","4.7"
"99","Emeka Egbuka","TB","WR","17","2025","24","92.3","9.0","27","15.3","3","0.2","14.3","0.13","2","66.7","18","1.1","14.1","0.75","6.00","9.00","8","4.00","2","1.00","0","0.0","1","0","0","0","3","16.7","0","","1","0.042","0","","2","66.7","0","","0","0","0.0","0","82.6","14.3","-2.1","","100.0","","","0.16","0.2","3.8","4.7","0.3","0.19","4.7"
"100","Dare Ogunbowale","HST","RB","17","2025","2","100.0","0.0","0","0.0","1","0.1","50.0","0.50","1","100.0","18","1.1","58.1","9.00","18.00","18.00","18","18.00","1","1.00","0","0.0","0","0","0","0","0","0.0","0","","1","0.500","0","","1","100.0","0","","0","0","0.0","0","118.8","50.0","12.2","","100.0","","","1.40","0.2","2.8","1.3","0.1","0.66","1.3"
"101","Gunnar Helm","TEN","TE","16","2025","10","76.9","9.0","18","38.3","2","0.1","18.2","0.20","2","100.0","18","1.1","35.3","1.80","9.00","9.00","0","","","","0","0.0","0","0","0","0","1","25.0","0","","1","0.100","0","","2","100.0","0","","1","1","100.0","0","104.2","18.2","0.8","","100.0","","","0.38","0.2","3.8","3.0","0.2","0.30","3.0"
"102","Xavier Hutchinson","HST","WR","17","2025","11","91.7","4.0","8","12.9","2","0.1","16.7","0.18","2","100.0","18","1.1","18.6","1.64","9.00","9.00","10","5.00","2","1.00","0","0.0","0","0","0","0","2","33.3","0","","0","0.000","0","","2","100.0","0","","0","0","0.0","0","104.2","20.0","3.0","","100.0","","","0.35","0.2","3.8","2.8","0.2","0.25","2.8"
"103","Alec Pierce","IND","WR","15","2025","8","66.7","13.0","13","30.2","1","0.1","10.0","0.13","1","100.0","17","1.1","19.1","2.13","17.00","17.00","4","4.00","1","1.00","0","0.0","0","0","0","0","1","11.1","0","","1","0.125","0","","1","100.0","0","","0","0","0.0","0","118.8","10.0","8.1","","100.0","","","0.34","0.2","2.7","1.2","0.1","0.15","1.2"
"104","Christian McCaffrey","SF","RB","17","2025","9","90.0","4.0","4","6.8","1","0.1","12.5","0.11","1","100.0","17","1.0","23.0","1.89","17.00","17.00","13","13.00","4","4.00","0","0.0","0","0","0","0","1","16.7","0","","1","0.111","0","","1","100.0","0","","0","0","0.0","0","118.8","12.5","10.3","","100.0","","","0.30","0.2","2.7","1.3","0.1","0.15","1.3"
"105","Adam Trautman","DEN","TE","17","2025","7","53.8","5.5","11","18.3","2","0.1","16.7","0.29","2","100.0","17","1.0","21.3","2.43","8.50","8.50","6","3.00","4","2.00","0","0.0","0","0","0","0","2","18.2","0","","1","0.143","0","","2","100.0","0","","0","0","0.0","0","102.1","16.7","1.8","","100.0","","","0.53","0.2","3.7","3.1","0.2","0.44","3.1"
"106","Jayden Higgins","HST","WR","17","2025","10","90.9","7.5","15","19.5","2","0.1","20.0","0.20","2","100.0","17","1.0","26.6","1.70","8.50","8.50","2","1.00","1","0.50","0","0.0","0","0","0","0","1","12.5","0","","1","0.100","0","","2","100.0","0","","1","1","100.0","0","102.1","22.2","1.3","","100.0","","","0.37","0.2","3.7","2.8","0.2","0.28","2.8"
"107","Dontayvion Wicks","GB","WR","14","2025","14","87.5","7.0","7","8.6","1","0.1","8.3","0.07","1","100.0","16","1.1","21.3","1.14","16.00","16.00","9","9.00","7","7.00","0","0.0","1","0","0","0","1","16.7","1","1.00","1","0.071","0","","1","100.0","0","","0","0","0.0","0","118.8","9.1","8.9","","100.0","","","0.19","0.2","2.6","1.2","0.1","0.08","1.2"
"108","Tommy Tremble","CAR","TE","17","2025","14","93.3","5.0","10","9.5","2","0.1","13.3","0.14","2","100.0","16","0.9","14.2","1.14","8.00","8.00","6","3.00","5","2.50","0","0.0","0","0","0","0","1","20.0","0","","0","0.000","0","","2","100.0","0","","0","0","0.0","0","100.0","16.7","1.2","","100.0","","","0.26","0.2","3.6","2.9","0.2","0.21","2.9"
"109","Tanner Hudson","CIN","TE","13","2025","10","83.3","4.0","8","29.6","2","0.2","20.0","0.20","2","100.0","16","1.2","18.6","1.60","8.00","8.00","8","4.00","2","1.00","0","0.0","0","0","0","0","2","25.0","0","","1","0.100","0","","2","100.0","0","","0","0","0.0","0","100.0","22.2","1.6","","100.0","","","0.36","0.3","3.6","2.9","0.2","0.29","2.9"
"110","Jaylin Noel","HST","WR","17","2025","20","90.9","1.3","4","4.2","3","0.2","15.8","0.15","3","100.0","16","0.9","12.0","0.80","5.33","5.33","12","4.00","2","0.67","0","0.0","0","0","0","0","3","37.5","0","","1","0.050","0","","3","100.0","1","33.3","0","0","0.0","0","88.9","16.7","-0.2","","100.0","","","0.23","0.3","4.6","4.3","0.3","0.21","4.3"
"111","Zavier Scott","MIN","RB","11","2025","1","100.0","25.0","25","100.0","1","0.1","100.0","1.00","1","100.0","16","1.5","100.0","16.00","16.00","16.00","0","","","","1","100.0","1","1","1","1","0","0.0","0","","1","1.000","0","","1","100.0","0","","0","0","0.0","0","158.3","100.0","10.9","","100.0","","","8.60","0.8","8.6","2.5","0.2","2.46","2.5"
"112","Jordan Addison","MIN","WR","14","2025","18","94.7","23.5","47","40.5","2","0.1","13.3","0.11","1","50.0","15","1.1","11.7","0.83","7.50","15.00","0","","","","1","50.0","1","1","1","1","2","40.0","0","","1","0.056","1","50.0","2","100.0","0","","0","0","0.0","0","114.6","15.4","-3.7","","100.0","","","0.47","0.6","8.5","4.5","0.3","0.25","4.5"
"113","Albert Okwuegbunam","LV","TE","1","2025","3","100.0","1.7","5","100.0","3","3.0","100.0","1.00","3","100.0","15","15.0","100.0","5.00","5.00","5.00","10","3.33","5","1.67","0","0.0","0","0","0","0","3","100.0","1","0.33","1","0.333","0","","3","100.0","1","33.3","0","0","0.0","0","87.5","100.0","-0.7","","100.0","","","1.50","4.5","4.5","4.2","4.2","1.38","4.2"
"114","Tre Harris","LAC","WR","17","2025","17","100.0","2.5","5","3.9","2","0.1","13.3","0.12","2","100.0","15","0.9","12.1","0.88","7.50","7.50","10","5.00","5","2.50","0","0.0","0","0","0","0","2","22.2","0","","1","0.059","0","","2","100.0","0","","0","0","0.0","0","97.9","14.3","1.3","","100.0","","","0.21","0.2","3.5","3.1","0.2","0.18","3.1"
"115","Olamide Zaccheaus","CHI","WR","16","2025","19","95.0","8.8","35","26.3","4","0.3","21.1","0.21","2","50.0","14","0.9","15.4","0.74","3.50","7.00","4","2.00","1","0.50","0","0.0","1","0","0","0","3","27.3","0","","1","0.053","0","","2","50.0","0","","1","1","100.0","0","18.8","25.0","-4.2","","100.0","","","0.18","0.2","3.4","6.2","0.4","0.33","6.2"
"116","Dalton Schultz","HST","TE","17","2025","21","77.8","0.5","1","0.9","2","0.1","8.3","0.10","2","100.0","13","0.8","10.2","0.62","6.50","6.50","12","6.00","2","1.00","0","0.0","0","0","0","0","0","0.0","0","","0","0.000","0","","2","100.0","0","","0","0","0.0","0","93.8","8.7","0.5","","100.0","","","0.16","0.2","3.3","3.0","0.2","0.14","3.0"
"117","Jaxon Smith-Njigba","SEA","WR","17","2025","18","100.0","0.5","2","3.6","4","0.2","23.5","0.22","4","100.0","13","0.8","11.7","0.72","3.25","3.25","11","2.75","2","0.50","0","0.0","1","0","0","0","2","25.0","0","","1","0.056","0","","4","100.0","1","25.0","1","1","100.0","0","80.2","25.0","-1.9","","100.0","","","0.29","0.3","5.3","5.6","0.3","0.31","5.6"
"118","Jack Stoll","NO","TE","15","2025","4","100.0","21.0","21","65.6","1","0.1","25.0","0.25","1","100.0","13","0.9","72.2","3.25","13.00","13.00","0","","","","1","100.0","1","1","1","1","0","0.0","0","","1","0.250","0","","1","100.0","0","","0","0","0.0","0","158.3","25.0","0.0","","100.0","","","2.08","0.6","8.3","3.4","0.2","0.86","3.4"
"119","Tee Higgins","CIN","WR","15","2025","13","92.9","7.5","15","21.7","2","0.1","14.3","0.15","2","100.0","13","0.9","17.3","1.00","6.50","6.50","-2","-1.00","1","0.50","0","0.0","0","0","0","0","2","28.6","0","","0","0.000","0","","2","100.0","0","","1","1","100.0","0","93.8","20.0","-0.7","","100.0","","","0.25","0.2","3.3","2.9","0.2","0.22","2.9"
"120","Terry McLaurin","WAS","WR","10","2025","4","100.0","13.0","13","59.1","1","0.1","33.3","0.25","1","100.0","13","1.3","54.2","3.25","13.00","13.00","0","","","","0","0.0","1","0","0","0","1","50.0","0","","1","0.250","0","","1","100.0","0","","0","0","0.0","0","118.8","33.3","4.1","","100.0","","","0.58","0.2","2.3","4.8","0.5","1.21","4.8"
"121","Romeo Doubs","GB","WR","16","2025","9","75.0","10.0","10","28.6","1","0.1","9.1","0.11","1","100.0","13","0.8","12.7","1.44","13.00","13.00","3","3.00","2","2.00","0","0.0","0","0","0","0","0","0.0","1","1.00","0","0.000","0","","1","100.0","0","","0","0","0.0","0","118.8","9.1","5.5","","100.0","","","0.26","0.1","2.3","1.5","0.1","0.16","1.5"
"122","Justin Watson","HST","WR","3","2025","4","100.0","1.0","1","3.6","1","0.3","25.0","0.25","1","100.0","12","4.0","66.7","3.00","12.00","12.00","11","11.00","2","2.00","0","0.0","0","0","0","0","1","50.0","0","","0","0.000","0","","1","100.0","0","","0","0","0.0","0","116.7","25.0","6.9","","100.0","","","0.55","0.7","2.2","1.5","0.5","0.37","1.5"
"123","Rome Odunze","CHI","WR","12","2025","11","73.3","10.0","10","16.4","1","0.1","7.7","0.09","1","100.0","12","1.0","30.0","1.09","12.00","12.00","2","2.00","","","0","0.0","0","0","0","0","0","0.0","0","","1","0.091","0","","1","100.0","0","","0","0","0.0","0","116.7","10.0","4.5","","100.0","","","0.20","0.2","2.2","1.4","0.1","0.12","1.4"
"124","Gunner Olszewski","NYG","WR","16","2025","8","100.0","7.0","7","87.5","1","0.1","14.3","0.13","1","100.0","11","0.7","40.7","1.38","11.00","11.00","4","4.00","3","3.00","0","0.0","0","0","0","0","1","33.3","0","","1","0.125","0","","1","100.0","0","","1","1","100.0","0","112.5","16.7","3.9","","100.0","","","0.26","0.1","2.1","1.4","0.1","0.17","1.4"
"125","Brian Thomas","JAX","WR","14","2025","16","94.1","9.3","28","31.8","3","0.2","20.0","0.19","2","66.7","11","0.8","18.3","0.69","3.67","5.50","10","5.00","2","1.00","1","100.0","1","1","1","1","3","27.3","1","0.50","2","0.125","0","","3","100.0","0","","1","0","0.0","0","112.5","23.1","-4.4","","100.0","","","0.57","0.7","9.1","8.4","0.6","0.53","8.4"
"126","Xavier Legette","CAR","WR","15","2025","22","100.0","9.3","28","17.8","3","0.2","13.6","0.14","2","66.7","11","0.7","6.8","0.50","3.67","5.50","0","","","","0","0.0","0","0","0","0","3","21.4","0","","0","0.000","0","","3","100.0","0","","1","0","0.0","0","72.9","15.8","-4.7","","100.0","","","0.14","0.2","3.1","4.6","0.3","0.21","4.6"
"127","Michael Mayer","LV","TE","13","2025","3","75.0","3.0","6","600.0","2","0.2","50.0","0.67","1","50.0","11","0.8","45.8","3.67","5.50","11.00","7","7.00","3","3.00","0","0.0","0","0","0","0","2","66.7","1","1.00","1","0.333","0","","1","50.0","0","","0","0","0.0","0","27.1","66.7","-0.7","","100.0","","","0.70","0.2","2.1","2.5","0.2","0.85","2.5"
"128","Adam Thielen","MIN, PIT","WR","16","2025","21","95.5","4.0","12","14.1","3","0.2","15.8","0.14","1","33.3","11","0.7","5.5","0.52","3.67","11.00","7","7.00","","","0","0.0","0","0","0","0","2","18.2","0","","0","0.000","1","33.3","3","100.0","0","","1","0","0.0","0","45.1","15.8","-2.3","","100.0","","","0.10","0.1","2.1","4.2","0.3","0.20","4.2"
"129","Jonnu Smith","PIT","TE","17","2025","18","85.7","9.5","38","49.4","4","0.2","21.1","0.22","2","50.0","11","0.6","8.7","0.61","2.75","5.50","4","2.00","2","1.00","0","0.0","0","0","0","1","2","18.2","0","","0","0.000","1","25.0","3","75.0","0","","1","0","0.0","0","56.3","23.5","-5.5","","100.0","","","0.17","0.2","3.1","5.6","0.3","0.31","5.6"
"130","Tyquan Thornton","KC","WR","14","2025","6","100.0","27.5","55","61.8","2","0.1","40.0","0.33","1","50.0","11","0.8","27.5","1.83","5.50","11.00","0","","","","1","100.0","1","1","1","1","2","66.7","0","","1","0.167","0","","1","50.0","0","","1","1","100.0","0","106.3","40.0","-6.2","","100.0","","","1.35","0.6","8.1","4.9","0.4","0.82","4.9"
"131","Calvin Austin","PIT","WR","14","2025","23","95.8","8.3","25","35.2","3","0.2","15.0","0.13","2","66.7","10","0.7","7.9","0.43","3.33","5.00","5","2.50","3","1.50","0","0.0","0","0","0","1","2","20.0","1","0.50","0","0.000","0","","2","66.7","1","33.3","0","0","0.0","0","71.5","15.8","-4.7","","100.0","","","0.13","0.2","3.0","4.7","0.3","0.20","4.7"
"132","Jamari Thrash","CLV","WR","9","2025","11","100.0","6.0","6","54.5","1","0.1","10.0","0.09","1","100.0","10","1.1","27.8","0.91","10.00","10.00","4","4.00","","","0","0.0","0","0","0","0","1","25.0","0","","1","0.091","0","","1","100.0","0","","0","0","0.0","0","108.3","12.5","3.1","","100.0","","","0.18","0.2","2.0","1.3","0.1","0.12","1.3"
"133","Keon Coleman","BUF","WR","13","2025","10","100.0","17.0","17","40.5","1","0.1","11.1","0.10","1","100.0","10","0.8","13.0","1.00","10.00","10.00","0","","","","1","100.0","1","1","1","0","0","0.0","0","","1","0.100","0","","1","100.0","0","","0","0","0.0","0","147.9","12.5","-1.7","","100.0","","","0.80","0.6","8.0","3.0","0.2","0.30","3.0"
"134","Josh Oliver","MIN","TE","15","2025","5","83.3","3.0","3","8.6","1","0.1","16.7","0.20","1","100.0","9","0.6","17.6","1.80","9.00","9.00","6","6.00","3","3.00","0","0.0","1","0","0","0","0","0.0","0","","0","0.000","0","","1","100.0","0","","0","0","0.0","0","104.2","16.7","2.7","","100.0","","","0.38","0.1","1.9","1.6","0.1","0.31","1.6"
"135","Quentin Johnston","LAC","WR","14","2025","8","100.0","4.0","4","18.2","1","0.1","14.3","0.13","1","100.0","9","0.6","21.4","1.13","9.00","9.00","5","5.00","4","4.00","0","0.0","0","0","0","0","1","20.0","1","1.00","0","0.000","0","","1","100.0","0","","0","0","0.0","0","104.2","16.7","3.0","","100.0","","","0.24","0.1","1.9","3.1","0.2","0.38","3.1"
"136","Mike Evans","TB","WR","8","2025","13","100.0","13.5","27","25.5","2","0.3","16.7","0.15","1","50.0","9","1.1","8.7","0.69","4.50","9.00","4","4.00","3","3.00","0","0.0","0","0","0","1","2","33.3","0","","0","0.000","0","","1","50.0","0","","0","0","0.0","0","62.5","18.2","-4.6","","100.0","","","0.15","0.2","1.9","3.1","0.4","0.24","3.1"
"137","Luther Burden","CHI","WR","15","2025","11","100.0","-4.0","-4","-10.0","1","0.1","10.0","0.09","1","100.0","9","0.6","17.3","0.82","9.00","9.00","13","13.00","2","2.00","0","0.0","0","0","0","0","1","25.0","0","","0","0.000","0","","1","100.0","1","100.0","0","0","0.0","0","104.2","16.7","4.5","","100.0","","","0.17","0.1","1.9","1.6","0.1","0.14","1.6"
"138","John Metchie","PHI, NYJ","WR","16","2025","16","94.1","3.7","11","13.4","3","0.2","20.0","0.19","2","66.7","9","0.6","12.2","0.56","3.00","4.50","3","1.50","","","0","0.0","0","0","0","0","1","12.5","0","","1","0.063","0","","3","100.0","0","","1","0","0.0","0","70.1","20.0","-3.5","","100.0","","","0.18","0.2","2.9","4.2","0.3","0.26","4.2"
"139","Dee Eskridge","MIA","WR","13","2025","4","80.0","7.0","7","87.5","1","0.1","25.0","0.25","1","100.0","8","0.6","33.3","2.00","8.00","8.00","1","1.00","1","1.00","0","0.0","0","0","0","0","0","0.0","0","","0","0.000","0","","1","100.0","0","","0","0","0.0","0","100.0","25.0","0.9","","100.0","","","0.45","0.1","1.8","1.6","0.1","0.39","1.6"
"140","Demarcus Robinson","SF","WR","14","2025","10","100.0","5.0","5","6.3","1","0.1","11.1","0.10","1","100.0","8","0.6","15.4","0.80","8.00","8.00","3","3.00","1","1.00","0","0.0","0","0","0","0","1","33.3","0","","0","0.000","0","","1","100.0","0","","1","1","100.0","0","100.0","12.5","1.6","","100.0","","","0.18","0.1","1.8","1.4","0.1","0.14","1.4"
"141","Courtland Sutton","DEN","WR","17","2025","10","83.3","11.3","34","46.6","3","0.2","27.3","0.30","1","33.3","8","0.5","11.1","0.80","2.67","8.00","3","3.00","1","1.00","0","0.0","0","0","0","0","3","33.3","0","","0","0.000","1","33.3","2","66.7","0","","0","0","0.0","0","42.4","27.3","-6.4","","100.0","","","0.18","0.1","1.8","4.7","0.3","0.47","4.7"
"142","James Mitchell","CAR","TE","5","2025","1","100.0","8.0","8","100.0","1","0.2","100.0","1.00","1","100.0","8","1.6","100.0","8.00","8.00","8.00","0","","","","0","0.0","0","0","0","0","0","0.0","0","","0","0.000","0","","1","100.0","0","","0","0","0.0","0","100.0","100.0","0.3","","100.0","","","1.80","0.4","1.8","1.2","0.2","1.23","1.2"
"143","Scott Miller","PIT","WR","13","2025","3","100.0","6.0","6","42.9","1","0.1","33.3","0.33","1","100.0","8","0.6","61.5","2.67","8.00","8.00","2","2.00","","","0","0.0","0","0","0","0","1","50.0","0","","1","0.333","0","","1","100.0","0","","0","0","0.0","0","100.0","33.3","1.1","","100.0","","","0.60","0.1","1.8","1.2","0.1","0.41","1.2"
"144","Isaiah Hodgins","NYG","WR","7","2025","13","86.7","4.0","8","13.8","2","0.3","14.3","0.15","2","100.0","8","1.1","8.4","0.62","4.00","4.00","0","","","","0","0.0","0","0","0","0","1","10.0","0","","0","0.000","0","","2","100.0","0","","1","1","100.0","0","83.3","14.3","-2.0","","100.0","","","0.22","0.4","2.8","2.7","0.4","0.20","2.7"
"145","David Sills","ATL","WR","17","2025","26","96.3","2.5","5","3.7","2","0.1","8.7","0.08","2","100.0","8","0.5","6.2","0.31","4.00","4.00","3","1.50","1","0.50","0","0.0","1","0","0","0","1","8.3","0","","0","0.000","0","","2","100.0","0","","0","0","0.0","0","83.3","9.5","-1.6","","100.0","","","0.11","0.2","2.8","2.6","0.2","0.10","2.6"
"146","Brashard Smith","KC","RB","17","2025","1","100.0","-3.0","-3","100.0","1","0.1","100.0","1.00","1","100.0","8","0.5","100.0","8.00","8.00","8.00","11","11.00","2","2.00","0","0.0","0","0","0","0","1","100.0","0","","0","0.000","0","","1","100.0","1","100.0","0","0","0.0","0","100.0","100.0","1.9","","100.0","","","1.80","0.1","1.8","1.5","0.1","1.54","1.5"
"147","Keleki Latu","BUF","TE","5","2025","2","100.0","5.0","5","23.8","1","0.2","50.0","0.50","1","100.0","7","1.4","100.0","3.50","7.00","7.00","2","2.00","","","0","0.0","0","0","0","0","1","50.0","0","","1","0.500","0","","1","100.0","0","","0","0","0.0","0","95.8","50.0","0.5","","100.0","","","0.85","0.3","1.7","1.3","0.3","0.67","1.3"
"148","Elijah Higgins","ARZ","TE","17","2025","12","100.0","6.0","6","11.5","1","0.1","9.1","0.08","1","100.0","7","0.4","12.7","0.58","7.00","7.00","1","1.00","1","1.00","0","0.0","0","0","0","0","1","12.5","0","","1","0.083","0","","1","100.0","0","","1","1","100.0","0","95.8","9.1","-0.1","","100.0","","","0.14","0.1","1.7","1.5","0.1","0.12","1.5"
"149","Luke McCaffrey","WAS","WR","9","2025","6","75.0","-3.0","-3","-15.8","1","0.1","12.5","0.17","1","100.0","7","0.8","14.9","1.17","7.00","7.00","10","10.00","3","3.00","0","0.0","0","0","0","0","1","25.0","0","","0","0.000","0","","1","100.0","0","","0","0","0.0","0","95.8","16.7","2.1","","100.0","","","0.28","0.2","1.7","1.4","0.2","0.24","1.4"
"150","KhaDarel Hodge","ATL","WR","11","2025","1","100.0","4.0","4","100.0","1","0.1","100.0","1.00","1","100.0","7","0.6","100.0","7.00","7.00","7.00","3","3.00","","","0","0.0","0","0","0","0","0","0.0","0","","0","0.000","0","","1","100.0","0","","0","0","0.0","0","95.8","100.0","1.0","","100.0","","","1.70","0.2","1.7","1.4","0.1","1.42","1.4"
"151","Hunter Renfrow","CAR","WR","6","2025","20","95.2","5.0","5","2.6","1","0.2","5.0","0.05","1","100.0","7","1.2","4.0","0.35","7.00","7.00","2","2.00","1","1.00","0","0.0","0","0","0","0","1","7.7","0","","0","0.000","0","","1","100.0","0","","0","0","0.0","0","95.8","5.3","0.6","","100.0","","","0.09","0.3","1.7","1.6","0.3","0.08","1.6"
"152","Trevor Etienne","CAR","RB","17","2025","2","100.0","4.0","4","36.4","1","0.1","50.0","0.50","1","100.0","7","0.4","38.9","3.50","7.00","7.00","3","3.00","3","3.00","0","0.0","0","0","0","0","0","0.0","0","","1","0.500","0","","1","100.0","0","","1","1","100.0","0","95.8","50.0","0.3","","100.0","","","0.85","0.1","1.7","1.4","0.1","0.72","1.4"
"153","Allen Lazard","NYJ","WR","10","2025","11","91.7","-1.0","-1","-5.3","1","0.1","10.0","0.09","1","100.0","7","0.7","10.1","0.64","7.00","7.00","8","8.00","1","1.00","0","0.0","0","0","0","0","1","20.0","0","","0","0.000","0","","1","100.0","1","100.0","0","0","0.0","0","95.8","11.1","0.8","","100.0","","","0.15","0.2","1.7","1.5","0.1","0.13","1.5"
"154","Jahmyr Gibbs","DET","RB","17","2025","2","66.7","4.0","4","133.3","1","0.1","50.0","0.50","1","100.0","7","0.4","100.0","3.50","7.00","7.00","3","3.00","1","1.00","0","0.0","0","0","0","0","1","50.0","0","","0","0.000","0","","1","100.0","0","","0","0","0.0","0","95.8","50.0","0.3","","100.0","","","0.85","0.1","1.7","1.5","0.1","0.76","1.5"
"155","Rachaad White","TB","RB","17","2025","2","100.0","-6.0","-6","-54.5","1","0.1","50.0","0.50","1","100.0","6","0.4","100.0","3.00","6.00","6.00","12","12.00","1","1.00","0","0.0","0","0","0","0","1","50.0","0","","0","0.000","0","","1","100.0","1","100.0","0","0","0.0","0","91.7","50.0","0.9","","100.0","","","0.80","0.1","1.6","1.1","0.1","0.55","1.1"
"156","Will Dissly","LAC","TE","9","2025","3","100.0","7.5","15","115.4","2","0.2","66.7","0.67","1","50.0","6","0.7","100.0","2.00","3.00","6.00","1","1.00","","","0","0.0","0","0","0","0","2","100.0","0","","0","0.000","0","","2","100.0","0","","1","0","0.0","0","56.3","66.7","-4.1","","100.0","","","0.53","0.2","1.6","2.9","0.3","0.98","2.9"
"157","Greg Dulcich","MIA","TE","10","2025","6","75.0","1.0","1","1.9","1","0.1","14.3","0.17","1","100.0","6","0.6","17.1","1.00","6.00","6.00","5","5.00","1","1.00","0","0.0","0","0","0","0","1","16.7","0","","0","0.000","0","","1","100.0","0","","0","0","0.0","0","91.7","14.3","0.2","","100.0","","","0.27","0.2","1.6","1.5","0.2","0.26","1.5"
"158","Tyler Lockett","LV, TEN","WR","17","2025","30","90.9","6.3","25","14.2","4","0.2","13.3","0.13","1","25.0","6","0.4","3.5","0.20","1.50","6.00","4","4.00","-1","-1.00","0","0.0","0","0","0","0","3","16.7","0","","0","0.000","1","25.0","2","50.0","0","","0","0","0.0","0","0.0","13.8","-5.7","","100.0","","","0.05","0.1","1.6","6.4","0.4","0.21","6.4"
"159","Foster Moreau","NO","TE","11","2025","3","100.0","5.0","5","29.4","1","0.1","33.3","0.33","1","100.0","6","0.5","46.2","2.00","6.00","6.00","1","1.00","1","1.00","0","0.0","0","0","0","0","1","50.0","0","","0","0.000","0","","1","100.0","0","","0","0","0.0","0","91.7","33.3","-0.5","","100.0","","","0.53","0.1","1.6","1.4","0.1","0.48","1.4"
"160","Justice Hill","BLT","RB","10","2025","5","83.3","-1.5","-6","85.7","4","0.4","80.0","0.80","2","50.0","6","0.6","20.7","1.20","1.50","3.00","5","2.50","3","1.50","0","0.0","0","0","0","0","3","75.0","1","0.50","0","0.000","1","25.0","3","75.0","2","50.0","0","0","0.0","0","56.3","80.0","-4.3","","100.0","","","0.52","0.3","2.6","5.5","0.6","1.11","5.5"
"161","Michael Pittman","IND","WR","17","2025","12","92.3","5.0","5","7.8","1","0.1","8.3","0.08","1","100.0","6","0.4","8.3","0.50","6.00","6.00","1","1.00","","","0","0.0","0","0","0","0","1","14.3","0","","0","0.000","0","","1","100.0","0","","0","0","0.0","0","91.7","9.1","-0.4","","100.0","","","0.13","0.1","1.6","1.6","0.1","0.13","1.6"
"162","Lil'Jordan Humphrey","NYG, DEN","WR","10","2025","12","85.7","3.0","3","4.1","1","0.1","8.3","0.08","1","100.0","6","0.6","7.2","0.50","6.00","6.00","3","3.00","","","0","0.0","0","0","0","0","1","14.3","0","","0","0.000","0","","1","100.0","0","","0","0","0.0","0","91.7","9.1","0.6","","100.0","","","0.13","0.2","1.6","1.4","0.1","0.12","1.4"
"163","Jaylen Waddle","MIA","WR","16","2025","13","92.9","5.0","5","55.6","1","0.1","10.0","0.08","1","100.0","6","0.4","13.6","0.46","6.00","6.00","1","1.00","","","0","0.0","0","0","0","0","1","25.0","0","","0","0.000","0","","1","100.0","0","","0","0","0.0","0","91.7","11.1","-0.4","","100.0","","","0.12","0.1","1.6","1.4","0.1","0.11","1.4"
"164","Curtis Samuel","BUF","WR","6","2025","7","100.0","3.0","3","33.3","1","0.2","20.0","0.14","1","100.0","6","1.0","8.5","0.86","6.00","6.00","3","3.00","","","0","0.0","0","0","0","0","0","0.0","0","","0","0.000","0","","1","100.0","0","","0","0","0.0","0","91.7","20.0","0.6","","100.0","","","0.23","0.3","1.6","1.2","0.2","0.17","1.2"
"165","Josh Reynolds","NYJ","WR","5","2025","10","90.9","5.0","5","4.5","1","0.2","12.5","0.10","1","100.0","6","1.2","6.3","0.60","6.00","6.00","1","1.00","1","1.00","0","0.0","0","0","0","0","1","33.3","0","","0","0.000","0","","1","100.0","0","","0","0","0.0","0","91.7","12.5","-0.4","","100.0","","","0.16","0.3","1.6","1.4","0.3","0.14","1.4"
"166","Sterling Shepard","TB","WR","13","2025","17","100.0","5.0","5","4.0","1","0.1","6.3","0.06","1","100.0","5","0.4","5.1","0.29","5.00","5.00","0","","","","0","0.0","1","0","0","0","1","9.1","0","","1","0.059","0","","1","100.0","0","","1","1","100.0","0","87.5","6.7","-1.4","","100.0","","","0.09","0.1","1.5","1.9","0.1","0.11","1.9"
"167","Tyjae Spears","TEN","RB","13","2025","1","50.0","0.0","0","0.0","2","0.2","100.0","2.00","2","100.0","5","0.4","100.0","5.00","2.50","2.50","5","2.50","3","1.50","0","0.0","0","0","0","0","1","100.0","0","","0","0.000","0","","2","100.0","1","50.0","0","0","0.0","0","79.2","100.0","-3.3","","100.0","","","2.50","0.2","2.5","2.8","0.2","2.79","2.8"
"168","Nick Westbrook-Ikhine","MIA","WR","15","2025","9","64.3","2.0","2","2.9","1","0.1","7.7","0.11","1","100.0","5","0.3","6.4","0.56","5.00","5.00","3","3.00","1","1.00","0","0.0","0","0","0","0","1","9.1","0","","1","0.111","0","","1","100.0","0","","0","0","0.0","0","87.5","7.7","-0.3","","100.0","","","0.17","0.1","1.5","1.5","0.1","0.17","1.5"
"169","Bhayshul Tuten","JAX","RB","15","2025","1","100.0","-6.0","-6","100.0","1","0.1","100.0","1.00","1","100.0","5","0.3","100.0","5.00","5.00","5.00","11","11.00","2","2.00","0","0.0","0","0","0","0","1","100.0","0","","0","0.000","0","","1","100.0","1","100.0","0","0","0.0","0","87.5","100.0","-0.1","","100.0","","","1.50","0.1","1.5","1.4","0.1","1.42","1.4"
"170","Luke Schoonmaker","DAL","TE","17","2025","7","77.8","5.0","5","9.3","1","0.1","16.7","0.14","1","100.0","5","0.3","15.6","0.71","5.00","5.00","0","","","","0","0.0","0","0","0","0","1","25.0","0","","0","0.000","0","","1","100.0","0","","0","0","0.0","0","87.5","16.7","-1.5","","100.0","","","0.21","0.1","1.5","2.7","0.2","0.38","2.7"
"171","DJ Moore","CHI","WR","17","2025","28","96.6","15.5","31","16.2","2","0.1","7.4","0.07","1","50.0","5","0.3","3.2","0.18","2.50","5.00","0","","","","0","0.0","0","0","0","1","0","0.0","0","","0","0.000","0","","1","50.0","0","","1","1","100.0","0","56.3","9.5","-7.2","","100.0","","","0.05","0.1","1.5","3.1","0.2","0.11","3.1"
"172","Ryan Flournoy","DAL","WR","15","2025","11","84.6","-1.0","-1","-2.6","1","0.1","7.7","0.09","1","100.0","5","0.3","7.4","0.45","5.00","5.00","6","6.00","1","1.00","0","0.0","0","0","0","0","1","50.0","0","","0","0.000","0","","1","100.0","1","100.0","0","0","0.0","0","87.5","12.5","-1.2","","100.0","","","0.14","0.1","1.5","1.5","0.1","0.14","1.5"
"173","Rashod Bateman","BLT","WR","13","2025","8","100.0","4.0","4","21.1","1","0.1","16.7","0.13","1","100.0","5","0.4","18.5","0.63","5.00","5.00","1","1.00","","","0","0.0","1","0","0","0","0","0.0","0","","1","0.125","0","","1","100.0","0","","0","0","0.0","0","87.5","16.7","-1.0","","100.0","","","0.19","0.1","1.5","1.7","0.1","0.21","1.7"
"174","Grant Calcaterra","PHI","TE","15","2025","9","81.8","4.0","4","16.7","1","0.1","10.0","0.11","1","100.0","4","0.3","11.1","0.44","4.00","4.00","0","","","","0","0.0","0","0","0","0","1","20.0","0","","1","0.111","0","","1","100.0","0","","0","0","0.0","0","83.3","11.1","-2.1","","100.0","","","0.16","0.1","1.4","1.4","0.1","0.15","1.4"
"175","Shane Zylstra","DET","TE","5","2025","3","50.0","3.0","3","11.1","1","0.2","16.7","0.33","1","100.0","4","0.8","9.8","1.33","4.00","4.00","1","1.00","1","1.00","0","0.0","0","0","0","0","0","0.0","0","","1","0.333","0","","1","100.0","0","","0","0","0.0","0","83.3","16.7","-2.3","","100.0","","","0.47","0.3","1.4","1.3","0.3","0.42","1.3"
"176","Moliki Matavao","NO","TE","6","2025","2","100.0","4.0","4","57.1","1","0.2","50.0","0.50","1","100.0","4","0.7","44.4","2.00","4.00","4.00","0","","","","0","0.0","0","0","0","0","1","100.0","0","","0","0.000","0","","1","100.0","0","","1","1","100.0","0","83.3","50.0","-2.1","","100.0","","","0.70","0.2","1.4","1.3","0.2","0.67","1.3"
"177","Saquon Barkley","PHI","RB","16","2025","6","100.0","-4.5","-9","-112.5","2","0.1","40.0","0.33","2","100.0","4","0.3","13.3","0.67","2.00","2.00","13","6.50","2","1.00","0","0.0","0","0","0","0","0","0.0","0","","0","0.000","0","","2","100.0","0","","0","0","0.0","0","79.2","50.0","-3.6","","100.0","","","0.23","0.1","1.4","2.6","0.2","0.43","2.6"
"178","Julian Hill","MIA","TE","14","2025","8","72.7","0.0","0","0.0","2","0.1","22.2","0.25","1","50.0","4","0.3","12.9","0.50","2.00","4.00","4","4.00","1","1.00","0","0.0","1","0","0","0","1","16.7","0","","0","0.000","0","","1","50.0","1","50.0","0","0","0.0","0","56.3","25.0","-3.3","","100.0","","","0.18","0.1","1.4","3.0","0.2","0.38","3.0"
"179","Tre Tucker","LV","WR","17","2025","16","94.1","10.0","20","38.5","2","0.1","14.3","0.13","1","50.0","4","0.2","4.3","0.25","2.00","4.00","7","7.00","1","1.00","0","0.0","1","1","0","1","2","22.2","0","","0","0.000","0","","1","50.0","1","50.0","0","0","0.0","0","56.3","15.4","-5.6","","100.0","","","0.09","0.1","1.4","3.5","0.2","0.22","3.5"
"180","Malachi Corley","CLV","WR","13","2025","10","90.9","4.0","4","10.0","1","0.1","11.1","0.10","1","100.0","4","0.3","10.0","0.40","4.00","4.00","0","","","","0","0.0","0","0","0","0","1","16.7","0","","0","0.000","0","","1","100.0","0","","1","1","100.0","0","83.3","11.1","-2.0","","100.0","","","0.14","0.1","1.4","1.4","0.1","0.14","1.4"
"181","Ricky Pearsall","SF","WR","9","2025","4","100.0","12.0","24","54.5","2","0.2","50.0","0.50","1","50.0","4","0.4","7.4","1.00","2.00","4.00","1","1.00","","","0","0.0","0","0","0","1","1","50.0","0","","1","0.250","0","","1","50.0","0","","0","0","0.0","0","56.3","50.0","-6.3","","100.0","","","0.35","0.2","1.4","3.3","0.4","0.83","3.3"
"182","Kenneth Gainwell","PIT","RB","17","2025","4","80.0","-2.0","-2","-40.0","1","0.1","25.0","0.25","1","100.0","4","0.2","16.0","1.00","4.00","4.00","6","6.00","2","2.00","0","0.0","0","0","0","0","1","33.3","0","","0","0.000","0","","1","100.0","1","100.0","0","0","0.0","0","83.3","25.0","-2.2","","100.0","","","0.35","0.1","1.4","1.4","0.1","0.34","1.4"
"183","Jaylen Warren","PIT","RB","16","2025","2","66.7","-4.5","-9","69.2","2","0.1","66.7","1.00","2","100.0","4","0.3","40.0","2.00","2.00","2.00","13","6.50","3","1.50","0","0.0","0","0","0","0","2","66.7","0","","0","0.000","0","","2","100.0","2","100.0","0","0","0.0","0","79.2","66.7","-3.7","","100.0","","","1.20","0.2","2.4","3.0","0.2","1.49","3.0"
"184","Ollie Gordon","MIA","RB","17","2025","2","100.0","-2.5","-5","100.0","2","0.1","100.0","1.00","1","50.0","3","0.2","100.0","1.50","1.50","3.00","7","7.00","1","1.00","0","0.0","1","0","0","0","1","100.0","0","","0","0.000","0","","1","50.0","1","50.0","0","0","0.0","0","56.3","100.0","-4.2","","100.0","","","0.65","0.1","1.3","3.9","0.2","1.96","3.9"
"185","Tony Pollard","TEN","RB","17","2025","4","80.0","0.0","0","0.0","1","0.1","33.3","0.25","1","100.0","3","0.2","17.6","0.75","3.00","3.00","3","3.00","-1","-1.00","0","0.0","0","0","0","0","0","0.0","1","1.00","0","0.000","0","","1","100.0","0","","0","0","0.0","0","79.2","33.3","-2.8","","100.0","","","0.08","0.0","0.3","1.4","0.1","0.35","1.4"
"186","Anthony Gould","IND","WR","11","2025","2","100.0","3.0","3","50.0","1","0.1","50.0","0.50","1","100.0","3","0.3","33.3","1.50","3.00","3.00","0","","","","0","0.0","0","0","0","0","1","50.0","0","","0","0.000","0","","1","100.0","0","","0","0","0.0","0","79.2","50.0","-2.4","","100.0","","","0.65","0.1","1.3","1.3","0.1","0.66","1.3"
"187","Xavier Gipson","NYJ, PHI","WR","6","2025","1","100.0","-4.0","-4","100.0","1","0.2","100.0","1.00","1","100.0","3","0.5","100.0","3.00","3.00","3.00","7","7.00","1","1.00","0","0.0","1","0","0","0","1","100.0","1","1.00","0","0.000","0","","1","100.0","1","100.0","0","0","0.0","0","79.2","100.0","-1.5","","100.0","","","1.30","0.2","1.3","2.2","0.4","2.19","2.2"
"188","Trent Sherfield","DEN, ARZ","WR","12","2025","6","75.0","-2.0","-2","-4.3","1","0.1","12.5","0.17","1","100.0","3","0.3","11.1","0.50","3.00","3.00","5","5.00","2","2.00","0","0.0","1","0","0","0","1","33.3","0","","0","0.000","0","","1","100.0","0","","0","0","0.0","0","79.2","12.5","-2.5","","100.0","","","0.22","0.1","1.3","1.7","0.1","0.28","1.7"
"189","Javonte Williams","DAL","RB","16","2025","3","100.0","0.0","0","0.0","1","0.1","33.3","0.33","1","100.0","3","0.2","75.0","1.00","3.00","3.00","3","3.00","3","3.00","0","0.0","0","0","0","0","0","0.0","0","","0","0.000","0","","1","100.0","0","","0","0","0.0","0","79.2","50.0","-2.8","","100.0","","","0.43","0.1","1.3","1.4","0.1","0.48","1.4"
"190","Mack Hollins","NE","WR","15","2025","12","100.0","4.0","4","4.4","1","0.1","10.0","0.08","1","100.0","3","0.2","4.7","0.25","3.00","3.00","-1","-1.00","-1","-1.00","0","0.0","0","0","0","0","1","14.3","0","","1","0.083","0","","1","100.0","0","","0","0","0.0","0","79.2","10.0","-3.0","","100.0","","","0.11","0.1","1.3","1.5","0.1","0.13","1.5"
"191","Jake Bobo","SEA","WR","11","2025","1","50.0","0.0","0","0.0","1","0.1","50.0","1.00","1","100.0","3","0.3","75.0","3.00","3.00","3.00","3","3.00","1","1.00","0","0.0","0","0","0","0","0","0.0","0","","0","0.000","0","","1","100.0","0","","0","0","0.0","0","79.2","50.0","-3.0","","100.0","","","1.30","0.1","1.3","1.7","0.2","1.73","1.7"
"192","Rashid Shaheed","NO, SEA","WR","18","2025","20","100.0","11.0","22","17.9","2","0.1","11.1","0.10","1","50.0","2","0.1","3.1","0.10","1.00","2.00","6","6.00","1","1.00","0","0.0","1","0","0","1","2","16.7","0","","0","0.000","0","","1","50.0","1","50.0","0","0","0.0","0","56.3","11.1","-7.7","","100.0","","","0.06","0.1","1.2","3.7","0.2","0.19","3.7"
"193","AJ Barner","SEA","TE","17","2025","1","50.0","0.0","0","0.0","1","0.1","50.0","1.00","1","100.0","2","0.1","28.6","2.00","2.00","2.00","2","2.00","","","0","0.0","0","0","0","0","1","50.0","0","","1","1.000","0","","1","100.0","0","","0","0","0.0","0","79.2","50.0","-3.3","","100.0","","","1.20","0.1","1.2","1.4","0.1","1.39","1.4"
"194","Tyreek Hill","MIA","WR","4","2025","10","100.0","11.5","23","127.8","2","0.5","40.0","0.20","1","50.0","1","0.3","20.0","0.10","0.50","1.00","6","6.00","1","1.00","0","0.0","0","0","0","1","1","33.3","0","","0","0.000","0","","2","100.0","1","50.0","0","0","0.0","0","56.3","40.0","-7.1","","100.0","","","0.11","0.3","1.1","4.4","1.1","0.44","4.4"
"195","Michael Carter","ARZ","RB","13","2025","4","100.0","-2.0","-2","-9.1","1","0.1","25.0","0.25","1","100.0","1","0.1","2.6","0.25","1.00","1.00","3","3.00","1","1.00","0","0.0","0","0","0","0","0","0.0","1","1.00","0","0.000","0","","1","100.0","0","","0","0","0.0","0","79.2","25.0","-5.2","","100.0","","","0.28","0.1","1.1","1.6","0.1","0.41","1.6"
"196","Kenneth Walker","SEA","RB","17","2025","3","100.0","-5.0","-5","-166.7","1","0.1","50.0","0.33","1","100.0","1","0.1","4.3","0.33","1.00","1.00","6","6.00","","","0","0.0","0","0","0","0","1","100.0","0","","0","0.000","0","","1","100.0","1","100.0","0","0","0.0","0","79.2","50.0","-4.9","","100.0","","","0.37","0.1","1.1","1.4","0.1","0.46","1.4"
"197","Dyami Brown","JAX","WR","14","2025","4","66.7","5.5","11","275.0","2","0.1","33.3","0.50","1","50.0","-1","-0.1","-6.3","-0.25","-0.50","-1.00","2","2.00","1","1.00","0","0.0","1","0","0","0","1","20.0","0","","0","0.000","1","50.0","2","100.0","1","50.0","0","0","0.0","0","56.3","33.3","-7.9","","100.0","","","0.23","0.1","0.9","3.9","0.3","0.97","3.9"
"198","Emanuel Wilson","GB","RB","17","2025","1","100.0","-7.0","-7","100.0","1","0.1","100.0","1.00","1","100.0","-2","-0.1","100.0","-2.00","-2.00","-2.00","5","5.00","1","1.00","0","0.0","0","0","0","0","1","100.0","0","","0","0.000","0","","1","100.0","1","100.0","0","0","0.0","0","79.2","100.0","-6.5","","100.0","","","0.80","0.0","0.8","1.2","0.1","1.18","1.2"
"199","Tyrone Tracy","NYG","RB","15","2025","2","100.0","-4.0","-4","-36.4","1","0.1","50.0","0.50","1","100.0","-3","-0.2","-25.0","-1.50","-3.00","-3.00","1","1.00","","","0","0.0","0","0","0","0","1","50.0","0","","0","0.000","0","","1","100.0","0","","0","0","0.0","0","79.2","50.0","-8.6","","100.0","","","0.35","0.0","0.7","1.6","0.1","0.78","1.6"
"200","Aaron Jones","MIN","RB","12","2025","1","50.0","-6.0","-6","-54.5","1","0.1","50.0","1.00","1","100.0","-4","-0.3","-133.3","-4.00","-4.00","-4.00","2","2.00","1","1.00","0","0.0","0","0","0","0","1","50.0","0","","0","0.000","0","","1","100.0","1","100.0","0","0","0.0","0","79.2","50.0","-9.1","","100.0","","","0.60","0.1","0.6","1.8","0.2","1.81","1.8"
"201","Jimmy Holiday","KC","WR","1","2025","1","100.0","0.0","0","0.0","0","0.0","0.0","","0","","0","0.0","0.0","","0.00","","0","","","","0","0.0","0","0","0","0","0","0.0","0","","0","0.000","0","","0","","0","","0","0","0.0","0","0.0","","","","100.0","","","0.00","","0.0","0.0","0.0","0.00","0.0"
"202","Deven Thompkins","ATL","WR","7","2025","1","100.0","0.0","0","0.0","0","0.0","0.0","","0","","0","0.0","0.0","","0.00","","0","","","","0","0.0","0","0","0","0","0","0.0","0","","0","0.000","0","","0","","0","","0","0","0.0","0","0.0","","","","100.0","","","0.00","","0.0","0.0","0.0","0.00","0.0"
"203","Quentin Skinner","NYJ","WR","1","2025","1","100.0","0.0","0","0.0","0","0.0","0.0","","0","","0","0.0","0.0","","0.00","","0","","","","0","0.0","0","0","0","0","0","0.0","0","","0","0.000","0","","0","","0","","0","0","0.0","0","0.0","","","","100.0","","","0.00","","0.0","0.0","0.0","0.00","0.0"
"204","Blake Whiteheart","CLV","TE","16","2025","1","50.0","0.0","0","0.0","0","0.0","0.0","","0","","0","0.0","0.0","","0.00","","0","","","","0","0.0","0","0","0","0","0","0.0","0","","0","0.000","0","","0","","0","","0","0","0.0","0","0.0","","","","100.0","","","0.00","","0.0","0.0","0.0","0.00","0.0"
"205","Adonai Mitchell","NYJ, IND","WR","16","2025","5","100.0","5.0","5","50.0","1","0.1","25.0","0.20","0","","0","0.0","0.0","","0.00","","0","","","","0","0.0","0","0","0","0","1","50.0","0","","0","0.000","0","","0","","0","","0","0","0.0","0","39.6","50.0","-6.4","","100.0","","","0.00","","0.0","1.3","0.1","0.27","1.3"
"206","Kayshon Boutte","NE","WR","14","2025","4","100.0","0.0","0","0.0","0","0.0","0.0","","0","","0","0.0","0.0","","0.00","","0","","","","0","0.0","0","0","0","0","0","0.0","0","","0","0.000","0","","0","","0","","0","0","0.0","0","0.0","","","","100.0","","","0.00","","0.0","0.0","0.0","0.00","0.0"
"207","Tutu Atwell","LA","WR","10","2025","6","85.7","0.0","0","0.0","0","0.0","0.0","","0","","0","0.0","0.0","","0.00","","0","","","","0","0.0","0","0","0","0","0","0.0","0","","0","0.000","0","","0","","0","","0","0","0.0","0","0.0","","","","100.0","","","0.00","","0.0","0.0","0.0","0.00","0.0"
"208","DK Metcalf","PIT","WR","15","2025","10","90.9","0.0","0","0.0","0","0.0","0.0","","0","","0","0.0","0.0","","0.00","","0","","","","0","0.0","0","0","0","0","0","0.0","0","","0","0.000","0","","0","","0","","0","0","0.0","0","0.0","","","","100.0","","","0.00","","0.0","0.0","0.0","0.00","0.0"
"209","Cedric Tillman","CLV","WR","13","2025","8","100.0","0.0","0","0.0","0","0.0","0.0","","0","","0","0.0","0.0","","0.00","","0","","","","0","0.0","0","0","0","0","0","0.0","0","","0","0.000","0","","0","","0","","0","0","0.0","0","0.0","","","","100.0","","","0.00","","0.0","0.0","0.0","0.00","0.0"
"210","Austin Ekeler","WAS","RB","2","2025","1","100.0","0.0","0","0.0","0","0.0","0.0","","0","","0","0.0","0.0","","0.00","","0","","","","0","0.0","0","0","0","0","0","0.0","0","","0","0.000","0","","0","","0","","0","0","0.0","0","0.0","","","","100.0","","","0.00","","0.0","1.4","0.7","1.42","1.4"
"211","Jahan Dotson","PHI","WR","17","2025","20","95.2","0.0","0","0.0","0","0.0","0.0","","0","","0","0.0","0.0","","0.00","","0","","","","0","0.0","0","0","0","0","0","0.0","0","","0","0.000","0","","0","","0","","0","0","0.0","0","0.0","","","","100.0","","","0.00","","0.0","0.0","0.0","0.00","0.0"
"212","Skyy Moore","SF","WR","17","2025","1","100.0","0.0","0","0.0","0","0.0","0.0","","0","","0","0.0","0.0","","0.00","","0","","","","0","0.0","0","0","0","0","0","0.0","0","","0","0.000","0","","0","","0","","0","0","0.0","0","0.0","","","","100.0","","","0.00","","0.0","0.0","0.0","0.00","0.0"
"213","Keaton Mitchell","BLT","RB","13","2025","2","100.0","0.0","0","0.0","0","0.0","0.0","","0","","0","0.0","0.0","","0.00","","0","","","","0","0.0","0","0","0","0","0","0.0","0","","0","0.000","0","","0","","0","","0","0","0.0","0","0.0","","","","100.0","","","0.00","","0.0","0.0","0.0","0.00","0.0"
"214","Thomas Fidone","NYG","TE","2","2025","1","100.0","0.0","0","0.0","0","0.0","0.0","","0","","0","0.0","0.0","","0.00","","0","","","","0","0.0","0","0","0","0","0","0.0","0","","0","0.000","0","","0","","0","","0","0","0.0","0","0.0","","","","100.0","","","0.00","","0.0","0.0","0.0","0.00","0.0"
"215","TreVeyon Henderson","NE","RB","17","2025","1","100.0","0.0","0","0.0","0","0.0","0.0","","0","","0","0.0","0.0","","0.00","","0","","","","0","0.0","0","0","0","0","0","0.0","0","","0","0.000","0","","0","","0","","0","0","0.0","0","0.0","","","","100.0","","","0.00","","0.0","0.0","0.0","0.00","0.0"
"216","Zach Charbonnet","SEA","RB","16","2025","1","100.0","0.0","0","0.0","0","0.0","0.0","","0","","0","0.0","0.0","","0.00","","0","","","","0","0.0","0","0","0","0","0","0.0","0","","0","0.000","0","","0","","0","","0","0","0.0","0","0.0","","","","100.0","","","0.00","","0.0","0.0","0.0","0.00","0.0"
"217","Jeremy McNichols","WAS","RB","17","2025","5","100.0","0.0","0","0.0","0","0.0","0.0","","0","","0","0.0","0.0","","0.00","","0","","","","0","0.0","0","0","0","0","0","0.0","0","","0","0.000","0","","0","","0","","0","0","0.0","0","0.0","","","","100.0","","","0.00","","0.0","0.0","0.0","0.00","0.0"
"218","KeAndre Lambert-Smith","LAC","WR","10","2025","3","100.0","0.0","0","0.0","0","0.0","0.0","","0","","0","0.0","0.0","","0.00","","0","","","","0","0.0","0","0","0","0","0","0.0","0","","0","0.000","0","","0","","0","","0","0","0.0","0","0.0","","","","100.0","","","0.00","","0.0","0.0","0.0","0.00","0.0"
"219","Ross Dwelley","DET","TE","10","2025","1","100.0","0.0","0","0.0","0","0.0","0.0","","0","","0","0.0","0.0","","0.00","","0","","","","0","0.0","0","0","0","0","0","0.0","0","","0","0.000","0","","0","","0","","0","0","0.0","0","0.0","","","","100.0","","","0.00","","0.0","0.0","0.0","0.00","0.0"
"220","DeAndre Hopkins","BLT","WR","17","2025","10","83.3","0.0","0","0.0","0","0.0","0.0","","0","","0","0.0","0.0","","0.00","","0","","","","0","0.0","0","0","0","0","0","0.0","0","","0","0.000","0","","0","","0","","0","0","0.0","0","0.0","","","","100.0","","","0.00","","0.0","1.5","0.1","0.15","1.5"
"221","LeQuint Allen","JAX","RB","17","2025","3","100.0","0.0","0","0.0","0","0.0","0.0","","0","","0","0.0","0.0","","0.00","","0","","","","0","0.0","0","0","0","0","0","0.0","0","","0","0.000","0","","0","","0","","0","0","0.0","0","0.0","","","","100.0","","","0.00","","0.0","0.0","0.0","0.00","0.0"
"222","Dawson Knox","BUF","TE","17","2025","12","100.0","0.0","0","0.0","0","0.0","0.0","","0","","0","0.0","0.0","","0.00","","0","","","","0","0.0","0","0","0","0","0","0.0","0","","0","0.000","0","","0","","0","","0","0","0.0","0","0.0","","","","100.0","","","0.00","","0.0","0.0","0.0","0.00","0.0"
"223","Robert Tonyan","KC","TE","16","2025","1","100.0","0.0","0","0.0","0","0.0","0.0","","0","","0","0.0","0.0","","0.00","","0","","","","0","0.0","0","0","0","0","0","0.0","0","","0","0.000","0","","0","","0","","0","0","0.0","0","0.0","","","","100.0","","","0.00","","0.0","0.0","0.0","0.00","0.0"
"224","Ashton Dulin","IND","WR","12","2025","1","100.0","0.0","0","0.0","0","0.0","0.0","","0","","0","0.0","0.0","","0.00","","0","","","","0","0.0","0","0","0","0","0","0.0","0","","0","0.000","0","","0","","0","","0","0","0.0","0","0.0","","","","100.0","","","0.00","","0.0","0.0","0.0","0.00","0.0"
"225","Xavier Smith","LA","WR","16","2025","8","88.9","37.0","37","29.4","1","0.1","11.1","0.13","0","","0","0.0","0.0","","0.00","","0","","","","0","0.0","0","0","0","1","0","0.0","0","","0","0.000","0","","0","","0","","0","0","0.0","0","39.6","12.5","-14.8","","100.0","","","0.00","","0.0","2.5","0.2","0.31","2.5"
"226","Ty Johnson","BUF","RB","17","2025","5","100.0","0.0","0","0.0","0","0.0","0.0","","0","","0","0.0","0.0","","0.00","","0","","","","0","0.0","0","0","0","0","0","0.0","0","","0","0.000","0","","0","","0","","0","0","0.0","0","0.0","","","","100.0","","","0.00","","0.0","0.0","0.0","0.00","0.0"
"227","Anthony Firkser","DET","TE","7","2025","8","80.0","0.0","0","0.0","0","0.0","0.0","","0","","0","0.0","0.0","","0.00","","0","","","","0","0.0","0","0","0","0","0","0.0","0","","0","0.000","0","","0","","0","","0","0","0.0","0","0.0","","","","100.0","","","0.00","","0.0","0.0","0.0","0.00","0.0"
"228","Isaiah Davis","NYJ","RB","16","2025","1","100.0","0.0","0","0.0","0","0.0","0.0","","0","","0","0.0","0.0","","0.00","","0","","","","0","0.0","0","0","0","0","0","0.0","0","","0","0.000","0","","0","","0","","0","0","0.0","0","0.0","","","","100.0","","","0.00","","0.0","0.0","0.0","0.00","0.0"
"229","Colby Parkinson","LA","TE","15","2025","1","100.0","0.0","0","0.0","0","0.0","0.0","","0","","0","0.0","0.0","","0.00","","0","","","","0","0.0","0","0","0","0","0","0.0","0","","0","0.000","0","","0","","0","","0","0","0.0","0","0.0","","","","100.0","","","0.00","","0.0","0.0","0.0","0.00","0.0"
"230","Xavier Weaver","ARZ","WR","9","2025","6","100.0","0.0","0","0.0","0","0.0","0.0","","0","","0","0.0","0.0","","0.00","","0","","","","0","0.0","0","0","0","0","0","0.0","0","","0","0.000","0","","0","","0","","0","0","0.0","0","0.0","","","","100.0","","","0.00","","0.0","0.0","0.0","0.00","0.0"
"231","Tyler Conklin","LAC","TE","10","2025","6","100.0","0.0","0","0.0","0","0.0","0.0","","0","","0","0.0","0.0","","0.00","","0","","","","0","0.0","0","0","0","0","0","0.0","0","","0","0.000","0","","0","","0","","0","0","0.0","0","0.0","","","","100.0","","","0.00","","0.0","0.0","0.0","0.00","0.0"
"232","Malik Davis","DAL","RB","10","2025","1","100.0","0.0","0","0.0","0","0.0","0.0","","0","","0","0.0","0.0","","0.00","","0","","","","0","0.0","0","0","0","0","0","0.0","0","","0","0.000","0","","0","","0","","0","0","0.0","0","0.0","","","","100.0","","","0.00","","0.0","0.0","0.0","0.00","0.0"
"233","Konata Mumpfield","LA","WR","17","2025","3","60.0","0.0","0","0.0","0","0.0","0.0","","0","","0","0.0","0.0","","0.00","","0","","","","0","0.0","0","0","0","0","0","0.0","0","","0","0.000","0","","0","","0","","0","0","0.0","0","0.0","","","","100.0","","","0.00","","0.0","0.0","0.0","0.00","0.0"
"234","Kareem Hunt","KC","RB","17","2025","1","100.0","0.0","0","0.0","0","0.0","0.0","","0","","0","0.0","0.0","","0.00","","0","","","","0","0.0","0","0","0","0","0","0.0","0","","0","0.000","0","","0","","0","","0","0","0.0","0","0.0","","","","100.0","","","0.00","","0.0","0.0","0.0","0.00","0.0"
"235","Charlie Jones","CIN","WR","14","2025","1","100.0","0.0","0","0.0","0","0.0","0.0","","0","","0","0.0","0.0","","0.00","","0","","","","0","0.0","0","0","0","0","0","0.0","0","","0","0.000","0","","0","","0","","0","0","0.0","0","0.0","","","","100.0","","","0.00","","0.0","0.0","0.0","0.00","0.0"
"236","Bo Melton","GB","WR","9","2025","1","100.0","0.0","0","0.0","0","0.0","0.0","","0","","0","0.0","0.0","","0.00","","0","","","","0","0.0","0","0","0","0","0","0.0","0","","0","0.000","0","","0","","0","","0","0","0.0","0","0.0","","","","100.0","","","0.00","","0.0","0.0","0.0","0.00","0.0"
"237","Gabe Davis","BUF","WR","6","2025","1","50.0","0.0","0","0.0","0","0.0","0.0","","0","","0","0.0","0.0","","0.00","","0","","","","0","0.0","0","0","0","0","0","0.0","0","","0","0.000","0","","0","","0","","0","0","0.0","0","0.0","","","","100.0","","","0.00","","0.0","0.0","0.0","0.00","0.0"
"238","Jimmy Horn","CAR","WR","13","2025","10","100.0","0.0","0","0.0","0","0.0","0.0","","0","","0","0.0","0.0","","0.00","","0","","","","0","0.0","0","0","0","0","0","0.0","0","","0","0.000","0","","0","","0","","0","0","0.0","0","0.0","","","","100.0","","","0.00","","0.0","0.0","0.0","0.00","0.0"
"239","Shedrick Jackson","LV","WR","5","2025","3","100.0","0.0","0","0.0","0","0.0","0.0","","0","","0","0.0","0.0","","0.00","","0","","","","0","0.0","0","0","0","0","0","0.0","0","","0","0.000","0","","0","","0","","0","0","0.0","0","0.0","","","","100.0","","","0.00","","0.0","0.0","0.0","0.00","0.0"
"240","Chris Blair","ATL","WR","3","2025","1","100.0","0.0","0","0.0","0","0.0","0.0","","0","","0","0.0","0.0","","0.00","","0","","","","0","0.0","0","0","0","0","0","0.0","0","","0","0.000","0","","0","","0","","0","0","0.0","0","0.0","","","","100.0","","","0.00","","0.0","0.0","0.0","0.00","0.0"
"241","Ben Sims","GB, MIN","TE","9","2025","1","50.0","8.0","8","33.3","1","0.1","50.0","1.00","0","","0","0.0","0.0","","0.00","","0","","","","0","0.0","1","0","0","0","1","100.0","0","","0","0.000","0","","1","100.0","0","","1","0","0.0","0","39.6","50.0","-7.7","","100.0","","","0.00","","0.0","1.9","0.2","1.94","1.9"
"242","Devontez Walker","BLT","WR","11","2025","2","100.0","0.0","0","0.0","0","0.0","0.0","","0","","0","0.0","0.0","","0.00","","0","","","","0","0.0","0","0","0","0","0","0.0","0","","0","0.000","0","","0","","0","","0","0","0.0","0","0.0","","","","100.0","","","0.00","","0.0","0.0","0.0","0.00","0.0"
"243","Xavier Restrepo","TEN","WR","2","2025","2","100.0","0.0","0","0.0","0","0.0","0.0","","0","","0","0.0","0.0","","0.00","","0","","","","0","0.0","0","0","0","0","0","0.0","0","","0","0.000","0","","0","","0","","0","0","0.0","0","0.0","","","","100.0","","","0.00","","0.0","0.0","0.0","0.00","0.0"
"244","Drew Sample","CIN","TE","17","2025","1","20.0","0.0","0","0.0","0","0.0","0.0","","0","","0","0.0","0.0","","0.00","","0","","","","0","0.0","0","0","0","0","0","0.0","0","","0","0.000","0","","0","","0","","0","0","0.0","0","0.0","","","","100.0","","","0.00","","0.0","0.0","0.0","0.00","0.0"
"245","Jackson Hawes","BUF","TE","17","2025","1","50.0","0.0","0","0.0","0","0.0","0.0","","0","","0","0.0","0.0","","0.00","","0","","","","0","0.0","0","0","0","0","0","0.0","0","","0","0.000","0","","0","","0","","0","0","0.0","0","0.0","","","","100.0","","","0.00","","0.0","0.0","0.0","0.00","0.0"
"246","Jacory Croskey-Merritt","WAS","RB","17","2025","2","100.0","0.0","0","0.0","0","0.0","0.0","","0","","0","0.0","0.0","","0.00","","0","","","","0","0.0","0","0","0","0","0","0.0","0","","0","0.000","0","","0","","0","","0","0","0.0","0","0.0","","","","100.0","","","0.00","","0.0","0.0","0.0","0.00","0.0"
"247","Austin Hooper","NE","TE","16","2025","5","83.3","0.0","0","0.0","0","0.0","0.0","","0","","0","0.0","0.0","","0.00","","0","","","","0","0.0","0","0","0","0","0","0.0","0","","0","0.000","0","","0","","0","","0","0","0.0","0","0.0","","","","100.0","","","0.00","","0.0","0.0","0.0","0.00","0.0"
"248","Jerry Jeudy","CLV","WR","17","2025","13","100.0","16.0","16","25.4","1","0.1","10.0","0.08","0","","0","0.0","0.0","","0.00","","0","","","","0","0.0","0","0","0","0","1","20.0","0","","0","0.000","0","","1","100.0","0","","1","0","0.0","0","39.6","12.5","-10.1","","100.0","","","0.00","","0.0","1.5","0.1","0.11","1.5"
"249","Kyle Williams","NE","WR","17","2025","4","100.0","0.0","0","0.0","0","0.0","0.0","","0","","0","0.0","0.0","","0.00","","0","","","","0","0.0","0","0","0","0","0","0.0","0","","0","0.000","0","","0","","0","","0","0","0.0","0","0.0","","","","100.0","","","0.00","","0.0","0.0","0.0","0.00","0.0"
"250","Cole Kmet","CHI","TE","16","2025","7","87.5","0.0","0","0.0","0","0.0","0.0","","0","","0","0.0","0.0","","0.00","","0","","","","0","0.0","0","0","0","0","0","0.0","0","","0","0.000","0","","0","","0","","0","0","0.0","0","0.0","","","","100.0","","","0.00","","0.0","0.0","0.0","0.00","0.0"
"251","Malik Heath","GB","WR","11","2025","2","66.7","0.0","0","0.0","0","0.0","0.0","","0","","0","0.0","0.0","","0.00","","0","","","","0","0.0","0","0","0","0","0","0.0","0","","0","0.000","0","","0","","0","","0","0","0.0","0","0.0","","","","100.0","","","0.00","","0.0","0.0","0.0","0.00","0.0"
"252","Mitchell Evans","CAR","TE","17","2025","3","100.0","0.0","0","0.0","0","0.0","0.0","","0","","0","0.0","0.0","","0.00","","0","","","","0","0.0","0","0","0","0","0","0.0","0","","0","0.000","0","","0","","0","","0","0","0.0","0","0.0","","","","100.0","","","0.00","","0.0","0.0","0.0","0.00","0.0"
"253","Ben Skowronek","PIT","WR","16","2025","1","50.0","0.0","0","0.0","0","0.0","0.0","","0","","0","0.0","0.0","","0.00","","0","","","","0","0.0","0","0","0","0","0","0.0","0","","0","0.000","0","","0","","0","","0","0","0.0","0","0.0","","","","100.0","","","0.00","","0.0","0.0","0.0","0.00","0.0"
"254","Gage Larvadain","CLV","WR","13","2025","12","100.0","0.0","0","0.0","0","0.0","0.0","","0","","0","0.0","0.0","","0.00","","0","","","","0","0.0","0","0","0","0","0","0.0","0","","0","0.000","0","","0","","0","","0","0","0.0","0","0.0","","","","100.0","","","0.00","","0.0","0.0","0.0","0.00","0.0"
"255","Tim Patrick","JAX","WR","16","2025","2","50.0","14.0","14","87.5","1","0.1","25.0","0.50","0","","0","0.0","0.0","","0.00","","0","","","","0","0.0","0","0","0","0","1","33.3","0","","0","0.000","0","","1","100.0","0","","0","0","0.0","0","39.6","33.3","-9.8","","100.0","","","0.00","","0.0","1.4","0.1","0.68","1.4"
"256","Michael Bandy","DEN","WR","4","2025","1","100.0","0.0","0","0.0","0","0.0","0.0","","0","","0","0.0","0.0","","0.00","","0","","","","0","0.0","0","0","0","0","0","0.0","0","","0","0.000","0","","0","","0","","0","0","0.0","0","0.0","","","","100.0","","","0.00","","0.0","0.0","0.0","0.00","0.0"
"257","Dylan Drummond","ATL","WR","9","2025","2","66.7","0.0","0","0.0","0","0.0","0.0","","0","","0","0.0","0.0","","0.00","","0","","","","0","0.0","0","0","0","0","0","0.0","0","","0","0.000","0","","0","","0","","0","0","0.0","0","0.0","","","","100.0","","","0.00","","0.0","0.0","0.0","0.00","0.0"
"258","Chris Rodriguez","WAS","RB","13","2025","1","100.0","0.0","0","0.0","0","0.0","0.0","","0","","0","0.0","0.0","","0.00","","0","","","","0","0.0","0","0","0","0","0","0.0","0","","0","0.000","0","","0","","0","","0","0","0.0","0","0.0","","","","100.0","","","0.00","","0.0","0.0","0.0","0.00","0.0"
"259","Taysom Hill","NO","TE","13","2025","6","100.0","0.0","0","0.0","0","0.0","0.0","","0","","0","0.0","0.0","","0.00","","0","","","","0","0.0","0","0","0","0","0","0.0","0","","0","0.000","0","","0","","0","","0","0","0.0","0","0.0","","","","100.0","","","0.00","","0.0","0.0","0.0","0.00","0.0"
"260","Jelani Woods","NYJ","TE","4","2025","1","100.0","0.0","0","0.0","0","0.0","0.0","","0","","0","0.0","0.0","","0.00","","0","","","","0","0.0","0","0","0","0","0","0.0","0","","0","0.000","0","","0","","0","","0","0","0.0","0","0.0","","","","100.0","","","0.00","","0.0","0.0","0.0","0.00","0.0"
"261","Arian Smith","NYJ","WR","16","2025","20","95.2","0.0","0","0.0","0","0.0","0.0","","0","","0","0.0","0.0","","0.00","","0","","","","0","0.0","0","0","0","0","0","0.0","0","","0","0.000","0","","0","","0","","0","0","0.0","0","0.0","","","","100.0","","","0.00","","0.0","0.0","0.0","0.00","0.0"
"262","Isaac TeSlaa","DET","WR","17","2025","9","90.0","4.0","4","2.7","1","0.1","11.1","0.11","0","","0","0.0","0.0","","0.00","","0","","","","0","0.0","0","0","0","0","1","14.3","0","","0","0.000","0","","0","","0","","0","0","0.0","0","39.6","11.1","-6.0","","100.0","","","0.00","","0.0","1.3","0.1","0.15","1.3"
"263","Tyler Allgeier","ATL","RB","17","2025","1","100.0","0.0","0","0.0","0","0.0","0.0","","0","","0","0.0","0.0","","0.00","","0","","","","0","0.0","0","0","0","0","0","0.0","0","","0","0.000","0","","0","","0","","0","0","0.0","0","0.0","","","","100.0","","","0.00","","0.0","0.0","0.0","0.00","0.0"
"264","Nate Adkins","DEN","TE","9","2025","1","25.0","0.0","0","0.0","0","0.0","0.0","","0","","0","0.0","0.0","","0.00","","0","","","","0","0.0","0","0","0","0","0","0.0","0","","0","0.000","0","","0","","0","","0","0","0.0","0","0.0","","","","100.0","","","0.00","","0.0","0.0","0.0","0.00","0.0"
"265","Jack Bech","LV","WR","16","2025","6","66.7","0.0","0","0.0","0","0.0","0.0","","0","","0","0.0","0.0","","0.00","","0","","","","0","0.0","0","0","0","0","0","0.0","0","","0","0.000","0","","0","","0","","0","0","0.0","0","0.0","","","","100.0","","","0.00","","0.0","0.0","0.0","0.00","0.0"
"266","Jameson Williams","DET","WR","17","2025","30","93.8","0.0","0","0.0","0","0.0","0.0","","0","","0","0.0","0.0","","0.00","","0","","","","0","0.0","0","0","0","0","0","0.0","0","","0","0.000","0","","0","","0","","0","0","0.0","0","0.0","","","","100.0","","","0.00","","0.0","1.3","0.1","0.04","1.3"
"267","Noah Brown","WAS","WR","4","2025","4","66.7","0.0","0","0.0","0","0.0","0.0","","0","","0","0.0","0.0","","0.00","","0","","","","0","0.0","0","0","0","0","0","0.0","0","","0","0.000","0","","0","","0","","0","0","0.0","0","0.0","","","","100.0","","","0.00","","0.0","0.0","0.0","0.00","0.0"
"268","Cameron Latu","PHI","TE","15","2025","1","100.0","0.0","0","0.0","0","0.0","0.0","","0","","0","0.0","0.0","","0.00","","0","","","","0","0.0","0","0","0","0","0","0.0","0","","0","0.000","0","","0","","0","","0","0","0.0","0","0.0","","","","100.0","","","0.00","","0.0","0.0","0.0","0.00","0.0"
"269","Jahdae Walker","CHI","WR","7","2025","3","100.0","0.0","0","0.0","0","0.0","0.0","","0","","0","0.0","0.0","","0.00","","0","","","","0","0.0","0","0","0","0","0","0.0","0","","0","0.000","0","","0","","0","","0","0","0.0","0","0.0","","","","100.0","","","0.00","","0.0","0.0","0.0","0.00","0.0"
"270","Efton Chism","NE","WR","8","2025","1","100.0","0.0","0","0.0","0","0.0","0.0","","0","","0","0.0","0.0","","0.00","","0","","","","0","0.0","0","0","0","0","0","0.0","0","","0","0.000","0","","0","","0","","0","0","0.0","0","0.0","","","","100.0","","","0.00","","0.0","0.0","0.0","0.00","0.0"
"271","Derius Davis","LAC","WR","11","2025","1","100.0","0.0","0","0.0","0","0.0","0.0","","0","","0","0.0","0.0","","0.00","","0","","","","0","0.0","0","0","0","0","0","0.0","0","","0","0.000","0","","0","","0","","0","0","0.0","0","0.0","","","","100.0","","","0.00","","0.0","0.0","0.0","0.00","0.0"
"272","Chuba Hubbard","CAR","RB","15","2025","1","100.0","0.0","0","0.0","0","0.0","0.0","","0","","0","0.0","0.0","","0.00","","0","","","","0","0.0","0","0","0","0","0","0.0","0","","0","0.000","0","","0","","0","","0","0","0.0","0","0.0","","","","100.0","","","0.00","","0.0","0.0","0.0","0.00","0.0"
"273","Harrison Bryant","HST","TE","12","2025","2","100.0","0.0","0","0.0","0","0.0","0.0","","0","","0","0.0","0.0","","0.00","","0","","","","0","0.0","0","0","0","0","0","0.0","0","","0","0.000","0","","0","","0","","0","0","0.0","0","0.0","","","","100.0","","","0.00","","0.0","0.0","0.0","0.00","0.0"
"274","Hassan Haskins","LAC","RB","11","2025","1","100.0","0.0","0","0.0","0","0.0","0.0","","0","","0","0.0","0.0","","0.00","","0","","","","0","0.0","0","0","0","0","0","0.0","0","","0","0.000","0","","0","","0","","0","0","0.0","0","0.0","","","","100.0","","","0.00","","0.0","0.0","0.0","0.00","0.0"
"275","Kevin Austin","NO","WR","8","2025","9","81.8","0.0","0","0.0","0","0.0","0.0","","0","","0","0.0","0.0","","0.00","","0","","","","0","0.0","0","0","0","0","0","0.0","0","","0","0.000","0","","0","","0","","0","0","0.0","0","0.0","","","","100.0","","","0.00","","0.0","0.0","0.0","0.00","0.0"
"276","Elijah Moore","BUF","WR","9","2025","4","100.0","0.0","0","0.0","0","0.0","0.0","","0","","0","0.0","0.0","","0.00","","0","","","","0","0.0","0","0","0","0","0","0.0","0","","0","0.000","0","","0","","0","","0","0","0.0","0","0.0","","","","100.0","","","0.00","","0.0","0.0","0.0","0.00","0.0"
"277","Jalin Hyatt","NYG","WR","8","2025","1","100.0","0.0","0","0.0","0","0.0","0.0","","0","","0","0.0","0.0","","0.00","","0","","","","0","0.0","0","0","0","0","0","0.0","0","","0","0.000","0","","0","","0","","0","0","0.0","0","0.0","","","","100.0","","","0.00","","0.0","0.0","0.0","0.00","0.0"
"278","Ryan Miller","TB","WR","13","2025","2","50.0","0.0","0","0.0","0","0.0","0.0","","0","","0","0.0","0.0","","0.00","","0","","","","0","0.0","0","0","0","0","0","0.0","0","","0","0.000","0","","0","","0","","0","0","0.0","0","0.0","","","","100.0","","","0.00","","0.0","0.0","0.0","0.00","0.0"
"279","Derrick Henry","BLT","RB","17","2025","1","100.0","0.0","0","0.0","0","0.0","0.0","","0","","0","0.0","0.0","","0.00","","0","","","","0","0.0","0","0","0","0","0","0.0","0","","0","0.000","0","","0","","0","","0","0","0.0","0","0.0","","","","100.0","","","0.00","","0.0","0.0","0.0","0.00","0.0"
"280","Jalen Tolbert","DAL","WR","13","2025","25","100.0","0.0","0","0.0","0","0.0","0.0","","0","","0","0.0","0.0","","0.00","","0","","","","0","0.0","0","0","0","0","0","0.0","0","","0","0.000","0","","0","","0","","0","0","0.0","0","0.0","","","","100.0","","","0.00","","0.0","0.0","0.0","0.00","0.0"
"281","Tucker Kraft","GB","TE","8","2025","10","100.0","0.0","0","0.0","0","0.0","0.0","","0","","0","0.0","0.0","","0.00","","0","","","","0","0.0","0","0","0","0","0","0.0","0","","0","0.000","0","","0","","0","","0","0","0.0","0","0.0","","","","100.0","","","0.00","","0.0","0.0","0.0","0.00","0.0"
"282","Kyren Williams","LA","RB","17","2025","2","100.0","0.0","0","0.0","0","0.0","0.0","","0","","0","0.0","0.0","","0.00","","0","","","","0","0.0","0","0","0","0","0","0.0","0","","0","0.000","0","","0","","0","","0","0","0.0","0","0.0","","","","100.0","","","0.00","","0.0","0.0","0.0","0.00","0.0"
"283","Dont'e Thornton","LV","WR","15","2025","10","90.9","28.5","57","85.1","2","0.1","20.0","0.20","0","","0","0.0","0.0","","0.00","","0","","","","0","0.0","0","0","0","1","1","25.0","0","","0","0.000","0","","0","","0","","0","0","0.0","0","0.0","22.2","-10.7","","100.0","","","0.00","","0.0","7.4","0.5","0.74","7.4"
"284","A.J. Brown","PHI","WR","15","2025","6","100.0","0.0","0","0.0","0","0.0","0.0","","0","","0","0.0","0.0","","0.00","","0","","","","0","0.0","0","0","0","0","0","0.0","0","","0","0.000","0","","0","","0","","0","0","0.0","0","0.0","","","","100.0","","","0.00","","0.0","0.0","0.0","0.00","0.0"
"285","Alvin Kamara","NO","RB","11","2025","3","100.0","0.0","0","0.0","0","0.0","0.0","","0","","0","0.0","0.0","","0.00","","0","","","","0","0.0","0","0","0","0","0","0.0","0","","0","0.000","0","","0","","0","","0","0","0.0","0","0.0","","","","100.0","","","0.00","","0.0","0.0","0.0","0.00","0.0"
"286","Savion Williams","GB","WR","12","2025","1","100.0","0.0","0","0.0","0","0.0","0.0","","0","","0","0.0","0.0","","0.00","","0","","","","0","0.0","0","0","0","0","0","0.0","0","","0","0.000","0","","0","","0","","0","0","0.0","0","0.0","","","","100.0","","","0.00","","0.0","0.0","0.0","0.00","0.0"
"287","Treylon Burks","WAS","WR","8","2025","2","100.0","0.0","0","0.0","0","0.0","0.0","","0","","0","0.0","0.0","","0.00","","0","","","","0","0.0","0","0","0","0","0","0.0","0","","0","0.000","0","","0","","0","","0","0","0.0","0","0.0","","","","100.0","","","0.00","","0.0","0.0","0.0","0.00","0.0"
"288","Marvin Harrison","ARZ","WR","12","2025","6","100.0","0.0","0","0.0","0","0.0","0.0","","0","","0","0.0","0.0","","0.00","","0","","","","0","0.0","0","0","0","0","0","0.0","0","","0","0.000","0","","0","","0","","0","0","0.0","0","0.0","","","","100.0","","","0.00","","0.0","0.0","0.0","0.00","0.0"
"289","Rico Dowdle","CAR","RB","17","2025","2","100.0","2.0","2","100.0","1","0.1","50.0","0.50","0","","0","0.0","0.0","","0.00","","0","","","","0","0.0","0","0","0","0","0","0.0","0","","0","0.000","0","","0","","0","","0","0","0.0","0","39.6","100.0","-6.4","","100.0","","","0.00","","0.0","1.3","0.1","0.65","1.3"
"290","Charlie Woerner","ATL","TE","17","2025","1","100.0","0.0","0","0.0","0","0.0","0.0","","0","","0","0.0","0.0","","0.00","","0","","","","0","0.0","0","0","0","0","0","0.0","0","","0","0.000","0","","0","","0","","0","0","0.0","0","0.0","","","","100.0","","","0.00","","0.0","0.0","0.0","0.00","0.0"
"291","Luke Farrell","SF","TE","17","2025","3","100.0","0.0","0","0.0","0","0.0","0.0","","0","","0","0.0","0.0","","0.00","","0","","","","0","0.0","0","0","0","0","0","0.0","0","","0","0.000","0","","0","","0","","0","0","0.0","0","0.0","","","","100.0","","","0.00","","0.0","0.0","0.0","0.00","0.0"
"292","Kendrick Bourne","SF","WR","16","2025","8","88.9","15.0","30","57.7","2","0.1","28.6","0.25","0","","0","0.0","0.0","","0.00","","0","","","","0","0.0","0","0","0","1","2","66.7","0","","0","0.000","1","50.0","1","50.0","0","","0","0","0.0","0","0.0","33.3","-9.5","","100.0","","","0.00","","0.0","2.8","0.2","0.35","2.8"
"293","Durham Smythe","CHI","TE","17","2025","1","50.0","0.0","0","0.0","0","0.0","0.0","","0","","0","0.0","0.0","","0.00","","0","","","","0","0.0","0","0","0","0","0","0.0","0","","0","0.000","0","","0","","0","","0","0","0.0","0","0.0","","","","100.0","","","0.00","","0.0","0.0","0.0","0.00","0.0"
"294","Devin Duvernay","CHI","WR","17","2025","2","100.0","0.0","0","0.0","0","0.0","0.0","","0","","0","0.0","0.0","","0.00","","0","","","","0","0.0","0","0","0","0","0","0.0","0","","0","0.000","0","","0","","0","","0","0","0.0","0","0.0","","","","100.0","","","0.00","","0.0","0.0","0.0","0.00","0.0"
"295","David Moore","CAR","WR","4","2025","1","100.0","0.0","0","0.0","0","0.0","0.0","","0","","0","0.0","0.0","","0.00","","0","","","","0","0.0","0","0","0","0","0","0.0","0","","0","0.000","0","","0","","0","","0","0","0.0","0","0.0","","","","100.0","","","0.00","","0.0","0.0","0.0","0.00","0.0"
"296","Noah Gray","KC","TE","16","2025","5","71.4","0.0","0","0.0","0","0.0","0.0","","0","","0","0.0","0.0","","0.00","","0","","","","0","0.0","0","0","0","0","0","0.0","0","","0","0.000","0","","0","","0","","0","0","0.0","0","0.0","","","","100.0","","","0.00","","0.0","0.0","0.0","0.00","0.0"
"297","Josh Palmer","BUF","WR","12","2025","6","85.7","0.0","0","0.0","0","0.0","0.0","","0","","0","0.0","0.0","","0.00","","0","","","","0","0.0","0","0","0","0","0","0.0","0","","0","0.000","0","","0","","0","","0","0","0.0","0","0.0","","","","100.0","","","0.00","","0.0","0.0","0.0","0.00","0.0"
"298","D'Andre Swift","CHI","RB","16","2025","2","100.0","0.0","0","0.0","0","0.0","0.0","","0","","0","0.0","0.0","","0.00","","0","","","","0","0.0","0","0","0","0","0","0.0","0","","0","0.000","0","","0","","0","","0","0","0.0","0","0.0","","","","100.0","","","0.00","","0.0","0.0","0.0","0.00","0.0"
"299","Roman Wilson","PIT","WR","13","2025","4","100.0","0.0","0","0.0","0","0.0","0.0","","0","","0","0.0","0.0","","0.00","","0","","","","0","0.0","0","0","0","0","0","0.0","0","","0","0.000","0","","0","","0","","0","0","0.0","0","0.0","","","","100.0","","","0.00","","0.0","0.0","0.0","0.00","0.0"
"300","Zay Jones","ARZ","WR","8","2025","2","100.0","0.0","0","0.0","0","0.0","0.0","","0","","0","0.0","0.0","","0.00","","0","","","","0","0.0","0","0","0","0","0","0.0","0","","0","0.000","0","","0","","0","","0","0","0.0","0","0.0","","","","100.0","","","0.00","","0.0","0.0","0.0","0.00","0.0"
"301","Jalen Coker","CAR","WR","11","2025","24","96.0","17.0","17","10.2","1","0.1","4.3","0.04","0","","0","0.0","0.0","","0.00","","0","","","","0","0.0","0","0","0","0","1","10.0","0","","0","0.000","0","","0","","0","","0","0","0.0","0","39.6","4.8","-11.7","","100.0","","","0.00","","0.0","1.4","0.1","0.06","1.4"
"302","Isiah Pacheco","KC","RB","13","2025","1","100.0","0.0","0","0.0","0","0.0","0.0","","0","","0","0.0","0.0","","0.00","","0","","","","0","0.0","0","0","0","0","0","0.0","0","","0","0.000","0","","0","","0","","0","0","0.0","0","0.0","","","","100.0","","","0.00","","0.0","0.0","0.0","0.00","0.0"
"303","Travis Etienne","JAX","RB","17","2025","4","100.0","0.0","0","0.0","0","0.0","0.0","","0","","0","0.0","0.0","","0.00","","0","","","","0","0.0","0","0","0","0","0","0.0","0","","0","0.000","0","","0","","0","","0","0","0.0","0","0.0","","","","100.0","","","0.00","","0.0","0.0","0.0","0.00","0.0"
"304","Braxton Berrios","HST","WR","4","2025","1","50.0","0.0","0","0.0","0","0.0","0.0","","0","","0","0.0","0.0","","0.00","","0","","","","0","0.0","0","0","0","0","0","0.0","0","","0","0.000","0","","0","","0","","0","0","0.0","0","0.0","","","","100.0","","","0.00","","0.0","0.0","0.0","0.00","0.0"
"305","D'Ernest Johnson","ARZ, NE","RB","6","2025","1","100.0","0.0","0","0.0","0","0.0","0.0","","0","","0","0.0","0.0","","0.00","","0","","","","0","0.0","0","0","0","0","0","0.0","0","","0","0.000","0","","0","","0","","0","0","0.0","0","0.0","","","","100.0","","","0.00","","0.0","0.0","0.0","0.00","0.0"
"306","John FitzPatrick","GB","TE","15","2025","1","50.0","0.0","0","0.0","0","0.0","0.0","","0","","0","0.0","0.0","","0.00","","0","","","","0","0.0","0","0","0","0","0","0.0","0","","0","0.000","0","","0","","0","","0","0","0.0","0","0.0","","","","100.0","","","0.00","","0.0","0.0","0.0","0.00","0.0"
"307","Stone Smartt","NYJ","TE","8","2025","4","100.0","15.0","15","26.3","1","0.1","25.0","0.25","0","","0","0.0","0.0","","0.00","","0","","","","0","0.0","0","0","0","0","1","33.3","0","","0","0.000","0","","1","100.0","0","","1","0","0.0","0","39.6","25.0","-10.6","","100.0","","","0.00","","0.0","1.6","0.2","0.40","1.6"
"308","Davis Allen","LA","TE","17","2025","5","100.0","0.0","0","0.0","0","0.0","0.0","","0","","0","0.0","0.0","","0.00","","0","","","","0","0.0","0","0","0","0","0","0.0","0","","0","0.000","0","","0","","0","","0","0","0.0","0","0.0","","","","100.0","","","0.00","","0.0","0.0","0.0","0.00","0.0"
"309","Jalen Royals","KC","WR","7","2025","1","50.0","0.0","0","0.0","0","0.0","0.0","","0","","0","0.0","0.0","","0.00","","0","","","","0","0.0","0","0","0","0","0","0.0","0","","0","0.000","0","","0","","0","","0","0","0.0","0","0.0","","","","100.0","","","0.00","","0.0","0.0","0.0","0.00","0.0"
"310","Brandin Cooks","BUF, NO","WR","15","2025","13","100.0","0.0","0","0.0","0","0.0","0.0","","0","","0","0.0","0.0","","0.00","","0","","","","0","0.0","0","0","0","0","0","0.0","0","","0","0.000","0","","0","","0","","0","0","0.0","0","0.0","","","","100.0","","","0.00","","0.0","0.0","0.0","0.00","0.0"
"311","Andrew Ogletree","IND","TE","15","2025","1","50.0","0.0","0","0.0","0","0.0","0.0","","0","","0","0.0","0.0","","0.00","","0","","","","0","0.0","0","0","0","0","0","0.0","0","","0","0.000","0","","0","","0","","0","0","0.0","0","0.0","","","","100.0","","","0.00","","0.0","0.0","0.0","0.00","0.0"
"312","Jared Wiley","KC","TE","4","2025","1","100.0","0.0","0","0.0","0","0.0","0.0","","0","","0","0.0","0.0","","0.00","","0","","","","0","0.0","0","0","0","0","0","0.0","0","","0","0.000","0","","0","","0","","0","0","0.0","0","0.0","","","","100.0","","","0.00","","0.0","0.0","0.0","0.00","0.0"
"313","Ke'Shawn Williams","PIT, CIN","WR","11","2025","1","100.0","0.0","0","0.0","0","0.0","0.0","","0","","0","0.0","0.0","","0.00","","0","","","","0","0.0","0","0","0","0","0","0.0","0","","0","0.000","0","","0","","0","","0","0","0.0","0","0.0","","","","100.0","","","0.00","","0.0","0.0","0.0","0.00","0.0"
"314","Xavier Worthy","KC","WR","14","2025","6","100.0","0.0","0","0.0","0","0.0","0.0","","0","","0","0.0","0.0","","0.00","","0","","","","0","0.0","0","0","0","0","0","0.0","0","","0","0.000","0","","0","","0","","0","0","0.0","0","0.0","","","","100.0","","","0.00","","0.0","0.0","0.0","0.00","0.0"
"315","Jonathan Mingo","DAL","WR","6","2025","3","100.0","0.0","0","0.0","0","0.0","0.0","","0","","0","0.0","0.0","","0.00","","0","","","","0","0.0","0","0","0","0","0","0.0","0","","0","0.000","0","","0","","0","","0","0","0.0","0","0.0","","","","100.0","","","0.00","","0.0","0.0","0.0","0.00","0.0"
"316","Hunter Long","JAX","TE","9","2025","3","100.0","0.0","0","0.0","0","0.0","0.0","","0","","0","0.0","0.0","","0.00","","0","","","","0","0.0","0","0","0","0","0","0.0","0","","0","0.000","0","","0","","0","","0","0","0.0","0","0.0","","","","100.0","","","0.00","","0.0","0.0","0.0","0.00","0.0"
"317","Austin Trammell","JAX","WR","6","2025","3","100.0","0.0","0","0.0","0","0.0","0.0","","0","","0","0.0","0.0","","0.00","","0","","","","0","0.0","0","0","0","0","0","0.0","0","","0","0.000","0","","0","","0","","0","0","0.0","0","0.0","","","","100.0","","","0.00","","0.0","0.0","0.0","0.00","0.0"
"318","LaJohntay Wester","BLT","WR","16","2025","4","100.0","0.0","0","0.0","0","0.0","0.0","","0","","0","0.0","0.0","","0.00","","0","","","","0","0.0","0","0","0","0","0","0.0","0","","0","0.000","0","","0","","0","","0","0","0.0","0","0.0","","","","100.0","","","0.00","","0.0","0.0","0.0","0.00","0.0"
"319","Tahj Washington","MIA","WR","6","2025","3","100.0","0.0","0","0.0","0","0.0","0.0","","0","","0","0.0","0.0","","0.00","","0","","","","0","0.0","0","0","0","0","0","0.0","0","","0","0.000","0","","0","","0","","0","0","0.0","0","0.0","","","","100.0","","","0.00","","0.0","0.0","0.0","0.00","0.0"
"320","Tory Horton","SEA","WR","8","2025","2","100.0","0.0","0","0.0","0","0.0","0.0","","0","","0","0.0","0.0","","0.00","","0","","","","0","0.0","0","0","0","0","0","0.0","0","","0","0.000","0","","0","","0","","0","0","0.0","0","0.0","","","","100.0","","","0.00","","0.0","1.3","0.2","0.67","1.3"
"321","Bucky Irving","TB","RB","10","2025","2","100.0","0.0","0","0.0","0","0.0","0.0","","0","","0","0.0","0.0","","0.00","","0","","","","0","0.0","0","0","0","0","0","0.0","0","","0","0.000","0","","0","","0","","0","0","0.0","0","0.0","","","","100.0","","","0.00","","0.0","0.0","0.0","0.00","0.0"
"322","RJ Harvey","DEN","RB","17","2025","4","100.0","-6.0","-6","200.0","1","0.1","33.3","0.25","1","100.0","0","0.0","0.0","","0.00","","6","6.00","1","1.00","0","0.0","0","0","0","0","0","0.0","0","","0","0.000","0","","1","100.0","0","","0","0","0.0","0","79.2","33.3","-5.1","","100.0","","","0.25","0.1","1.0","1.6","0.1","0.39","1.6"
"323","Jalen McMillan","TB","WR","4","2025","3","100.0","42.0","42","120.0","1","0.3","50.0","0.33","0","","0","0.0","0.0","","0.00","","0","","","","0","0.0","0","0","0","1","0","0.0","0","","0","0.000","0","","0","","0","","0","0","0.0","0","0.0","50.0","-15.0","","100.0","","","0.00","","0.0","2.9","0.7","0.97","2.9"
"324","Trayveon Williams","LAC, CLV","RB","6","2025","1","100.0","0.0","0","0.0","0","0.0","0.0","","0","","0","0.0","0.0","","0.00","","0","","","","0","0.0","0","0","0","0","0","0.0","0","","0","0.000","0","","0","","0","","0","0","0.0","0","0.0","","","","100.0","","","0.00","","0.0","0.0","0.0","0.00","0.0"
"325","John Bates","WAS","TE","15","2025","2","66.7","0.0","0","0.0","0","0.0","0.0","","0","","0","0.0","0.0","","0.00","","0","","","","0","0.0","0","0","0","0","0","0.0","0","","0","0.000","0","","0","","0","","0","0","0.0","0","0.0","","","","100.0","","","0.00","","0.0","0.0","0.0","0.00","0.0"
"326","Payne Durham","TB","TE","17","2025","3","50.0","19.0","19","57.6","1","0.1","16.7","0.33","0","","0","0.0","0.0","","0.00","","0","","","","0","0.0","1","1","0","0","0","0.0","0","","0","0.000","0","","0","","0","","0","0","0.0","0","39.6","16.7","-10.6","","100.0","","","0.00","","0.0","4.1","0.2","1.36","4.1"
"327","Cam Skattebo","NYG","RB","8","2025","1","100.0","0.0","0","0.0","0","0.0","0.0","","0","","0","0.0","0.0","","0.00","","0","","","","0","0.0","0","0","0","0","0","0.0","0","","0","0.000","0","","0","","0","","0","0","0.0","0","0.0","","","","100.0","","","0.00","","0.0","0.0","0.0","0.00","0.0"
"328","Breece Hall","NYJ","RB","16","2025","2","100.0","0.0","0","0.0","0","0.0","0.0","","0","","0","0.0","0.0","","0.00","","0","","","","0","0.0","0","0","0","0","0","0.0","0","","0","0.000","0","","0","","0","","0","0","0.0","0","0.0","","","","100.0","","","0.00","","0.0","0.0","0.0","0.00","0.0"
"329","Mitchell Tinsley","CIN","WR","17","2025","7","77.8","23.0","23","35.9","1","0.1","12.5","0.14","0","","0","0.0","0.0","","0.00","","0","","","","0","0.0","0","0","0","1","1","20.0","0","","0","0.000","0","","0","","0","","0","0","0.0","0","39.6","16.7","-10.2","","100.0","","","0.00","","0.0","1.9","0.1","0.27","1.9"
"330","Noah Fant","CIN","TE","15","2025","9","81.8","7.0","7","19.4","1","0.1","9.1","0.11","0","","0","0.0","0.0","","0.00","","0","","","","0","0.0","1","0","0","0","1","25.0","0","","0","0.000","0","","0","","0","","0","0","0.0","0","39.6","10.0","-7.3","","100.0","","","0.00","","0.0","1.9","0.1","0.22","1.9"
"331","Charlie Kolar","BLT","TE","17","2025","2","66.7","0.0","0","0.0","0","0.0","0.0","","0","","0","0.0","0.0","","0.00","","0","","","","0","0.0","0","0","0","0","0","0.0","0","","0","0.000","0","","0","","0","","0","0","0.0","0","0.0","","","","100.0","","","0.00","","0.0","0.0","0.0","0.00","0.0"
"332","Jaylen Wright","MIA","RB","10","2025","2","100.0","0.0","0","0.0","0","0.0","0.0","","0","","0","0.0","0.0","","0.00","","0","","","","0","0.0","0","0","0","0","0","0.0","0","","0","0.000","0","","0","","0","","0","0","0.0","0","0.0","","","","100.0","","","0.00","","0.0","0.0","0.0","0.00","0.0"
"333","Van Jefferson","TEN","WR","16","2025","1","100.0","0.0","0","0.0","0","0.0","0.0","","0","","0","0.0","0.0","","0.00","","0","","","","0","0.0","0","0","0","0","0","0.0","0","","0","0.000","0","","0","","0","","0","0","0.0","0","0.0","","","","100.0","","","0.00","","0.0","0.0","0.0","0.00","0.0"
"334","Lucas Krull","DEN","TE","3","2025","1","50.0","0.0","0","0.0","0","0.0","0.0","","0","","0","0.0","0.0","","0.00","","0","","","","0","0.0","0","0","0","0","0","0.0","0","","0","0.000","0","","0","","0","","0","0","0.0","0","0.0","","","","100.0","","","0.00","","0.0","0.0","0.0","0.00","0.0"
"335","Brycen Tremayne","CAR","WR","16","2025","6","100.0","0.0","0","0.0","0","0.0","0.0","","0","","0","0.0","0.0","","0.00","","0","","","","0","0.0","0","0","0","0","0","0.0","0","","0","0.000","0","","0","","0","","0","0","0.0","0","0.0","","","","100.0","","","0.00","","0.0","0.0","0.0","0.00","0.0"
"336","Colson Yankoff","WAS","TE","14","2025","2","66.7","0.0","0","0.0","0","0.0","0.0","","0","","0","0.0","0.0","","0.00","","0","","","","0","0.0","0","0","0","0","0","0.0","0","","0","0.000","0","","0","","0","","0","0","0.0","0","0.0","","","","100.0","","","0.00","","0.0","0.0","0.0","0.00","0.0"
"337","Elijah Arroyo","SEA","TE","13","2025","2","50.0","0.0","0","0.0","0","0.0","0.0","","0","","0","0.0","0.0","","0.00","","0","","","","0","0.0","0","0","0","0","0","0.0","0","","0","0.000","0","","0","","0","","0","0","0.0","0","0.0","","","","100.0","","","0.00","","0.0","0.0","0.0","0.00","0.0"
"338","Cedrick Wilson","MIA","WR","10","2025","4","80.0","0.0","0","0.0","0","0.0","0.0","","0","","0","0.0","0.0","","0.00","","0","","","","0","0.0","0","0","0","0","0","0.0","0","","0","0.000","0","","0","","0","","0","0","0.0","0","0.0","","","","100.0","","","0.00","","0.0","0.0","0.0","0.00","0.0"
"339","Kylen Granson","PHI","TE","17","2025","5","100.0","0.0","0","0.0","0","0.0","0.0","","0","","0","0.0","0.0","","0.00","","0","","","","0","0.0","0","0","0","0","0","0.0","0","","0","0.000","0","","0","","0","","0","0","0.0","0","0.0","","","","100.0","","","0.00","","0.0","0.0","0.0","0.00","0.0"
"340","Jawhar Jordan","HST","RB","4","2025","1","100.0","0.0","0","0.0","0","0.0","0.0","","0","","0","0.0","0.0","","0.00","","0","","","","0","0.0","0","0","0","0","0","0.0","0","","0","0.000","0","","0","","0","","0","0","0.0","0","0.0","","","","100.0","","","0.00","","0.0","0.0","0.0","0.00","0.0"
"341","Jeremy Ruckert","NYJ","TE","17","2025","6","85.7","0.0","0","0.0","0","0.0","0.0","","0","","0","0.0","0.0","","0.00","","0","","","","0","0.0","0","0","0","0","0","0.0","0","","0","0.000","0","","0","","0","","0","0","0.0","0","0.0","","","","100.0","","","0.00","","0.0","0.0","0.0","0.00","0.0"
"342","Sal Cannella","CLV","TE","2","2025","2","100.0","0.0","0","0.0","0","0.0","0.0","","0","","0","0.0","0.0","","0.00","","0","","","","0","0.0","0","0","0","0","0","0.0","0","","0","0.000","0","","0","","0","","0","0","0.0","0","0.0","","","","100.0","","","0.00","","0.0","0.0","0.0","0.00","0.0"
"343","Brock Wright","DET","TE","11","2025","1","33.3","0.0","0","0.0","0","0.0","0.0","","0","","0","0.0","0.0","","0.00","","0","","","","0","0.0","0","0","0","0","0","0.0","0","","0","0.000","0","","0","","0","","0","0","0.0","0","0.0","","","","100.0","","","0.00","","0.0","0.0","0.0","0.00","0.0"
"344","Quintin Morris","JAX","TE","13","2025","2","50.0","0.0","0","0.0","0","0.0","0.0","","0","","0","0.0","0.0","","0.00","","0","","","","0","0.0","0","0","0","0","0","0.0","0","","0","0.000","0","","0","","0","","0","0","0.0","0","0.0","","","","100.0","","","0.00","","0.0","0.0","0.0","0.00","0.0"
"345","Chris Brooks","GB","RB","17","2025","3","100.0","0.0","0","0.0","0","0.0","0.0","","0","","0","0.0","0.0","","0.00","","0","","","","0","0.0","0","0","0","0","0","0.0","0","","0","0.000","0","","0","","0","","0","0","0.0","0","0.0","","","","100.0","","","0.00","","0.0","0.0","0.0","0.00","0.0"
"346","Davante Adams","LA","WR","14","2025","4","100.0","8.0","16","80.0","2","0.1","66.7","0.50","0","","0","0.0","0.0","","0.00","","0","","","","0","0.0","0","0","0","0","2","100.0","0","","0","0.000","0","","0","","0","","0","0","0.0","0","39.6","66.7","-7.2","","100.0","","","0.00","","0.0","3.1","0.2","0.78","3.1"
"347","Christian Kirk","HST","WR","13","2025","20","95.2","10.5","21","22.6","2","0.2","10.5","0.10","0","","0","0.0","0.0","","0.00","","0","","","","0","0.0","0","0","0","0","2","25.0","0","","0","0.000","1","50.0","2","100.0","0","","0","0","0.0","0","39.6","11.1","-8.2","","100.0","","","0.00","","0.0","3.1","0.2","0.15","3.1"
"348","Jacoby Jones","WAS","WR","1","2025","1","100.0","0.0","0","0.0","0","0.0","0.0","","0","","0","0.0","0.0","","0.00","","0","","","","0","0.0","0","0","0","0","0","0.0","0","","0","0.000","0","","0","","0","","0","0","0.0","0","0.0","","","","100.0","","","0.00","","0.0","0.0","0.0","0.00","0.0"
"349","Tyrell Shavers","BUF","WR","17","2025","5","83.3","14.0","14","70.0","1","0.1","20.0","0.20","0","","0","0.0","0.0","","0.00","","0","","","","0","0.0","0","0","0","0","0","0.0","0","","0","0.000","0","","0","","0","","0","0","0.0","0","39.6","20.0","-9.8","","100.0","","","0.00","","0.0","1.4","0.1","0.28","1.4"
"350","Tylan Wallace","BLT","WR","14","2025","6","85.7","0.0","0","0.0","0","0.0","0.0","","0","","0","0.0","0.0","","0.00","","0","","","","0","0.0","0","0","0","0","0","0.0","0","","0","0.000","0","","0","","0","","0","0","0.0","0","0.0","","","","100.0","","","0.00","","0.0","0.0","0.0","0.00","0.0"
"351","George Pickens","DAL","WR","17","2025","8","88.9","0.0","0","0.0","0","0.0","0.0","","0","","0","0.0","0.0","","0.00","","0","","","","0","0.0","0","0","0","0","0","0.0","0","","0","0.000","0","","0","","0","","0","0","0.0","0","0.0","","","","100.0","","","0.00","","0.0","0.0","0.0","0.00","0.0"
"352","David Njoku","CLV","TE","12","2025","12","85.7","0.0","0","0.0","0","0.0","0.0","","0","","0","0.0","0.0","","0.00","","0","","","","0","0.0","0","0","0","0","0","0.0","0","","0","0.000","0","","0","","0","","0","0","0.0","0","0.0","","","","100.0","","","0.00","","0.0","0.0","0.0","0.00","0.0"
"353","Dylan Sampson","CLV","RB","15","2025","5","100.0","0.0","0","0.0","0","0.0","0.0","","0","","0","0.0","0.0","","0.00","","0","","","","0","0.0","0","0","0","0","0","0.0","0","","0","0.000","0","","0","","0","","0","0","0.0","0","0.0","","","","100.0","","","0.00","","0.0","0.0","0.0","0.00","0.0"
"354","Marquez Valdes-Scantling","SF, PIT","WR","10","2025","6","100.0","0.0","0","0.0","0","0.0","0.0","","0","","0","0.0","0.0","","0.00","","0","","","","0","0.0","0","0","0","0","0","0.0","0","","0","0.000","0","","0","","0","","0","0","0.0","0","0.0","","","","100.0","","","0.00","","0.0","0.0","0.0","0.00","0.0"
"355","Darius Cooper","PHI","WR","13","2025","7","100.0","0.0","0","0.0","0","0.0","0.0","","0","","0","0.0","0.0","","0.00","","0","","","","0","0.0","0","0","0","0","0","0.0","0","","0","0.000","0","","0","","0","","0","0","0.0","0","0.0","","","","100.0","","","0.00","","0.0","0.0","0.0","0.00","0.0"
"356","Marquise Brown","KC","WR","16","2025","9","75.0","0.0","0","0.0","0","0.0","0.0","","0","","0","0.0","0.0","","0.00","","0","","","","0","0.0","0","0","0","0","0","0.0","0","","0","0.000","0","","0","","0","","0","0","0.0","0","0.0","","","","100.0","","","0.00","","0.0","0.0","0.0","0.00","0.0"
"357","Cade Stover","HST","TE","9","2025","3","100.0","0.0","0","0.0","0","0.0","0.0","","0","","0","0.0","0.0","","0.00","","0","","","","0","0.0","0","0","0","0","0","0.0","0","","0","0.000","0","","0","","0","","0","0","0.0","0","0.0","","","","100.0","","","0.00","","0.0","0.0","0.0","0.00","0.0"
"358","David Martin-Robinson","TEN","TE","15","2025","1","100.0","0.0","0","0.0","0","0.0","0.0","","0","","0","0.0","0.0","","0.00","","0","","","","0","0.0","0","0","0","0","0","0.0","0","","0","0.000","0","","0","","0","","0","0","0.0","0","0.0","","","","100.0","","","0.00","","0.0","0.0","0.0","0.00","0.0"
"359","Tyler Higbee","LA","TE","10","2025","2","100.0","0.0","0","0.0","0","0.0","0.0","","0","","0","0.0","0.0","","0.00","","0","","","","0","0.0","0","0","0","0","0","0.0","0","","0","0.000","0","","0","","0","","0","0","0.0","0","0.0","","","","100.0","","","0.00","","0.0","0.0","0.0","0.00","0.0"
"360","Malik Nabers","NYG","WR","4","2025","8","100.0","0.0","0","0.0","0","0.0","0.0","","0","","0","0.0","0.0","","0.00","","0","","","","0","0.0","0","0","0","0","0","0.0","0","","0","0.000","0","","0","","0","","0","0","0.0","0","0.0","","","","100.0","","","0.00","","0.0","0.0","0.0","0.00","0.0"
"361","Nico Collins","HST","WR","15","2025","10","100.0","21.0","21","25.3","1","0.1","10.0","0.10","0","","0","0.0","0.0","","0.00","","0","","","","0","0.0","0","0","0","1","1","16.7","0","","0","0.000","0","","0","","0","","0","0","0.0","0","39.6","11.1","-11.2","","100.0","","","0.00","","0.0","1.1","0.1","0.11","1.1"
"362","Mason Kinsey","TEN","WR","10","2025","3","100.0","0.0","0","0.0","0","0.0","0.0","","0","","0","0.0","0.0","","0.00","","0","","","","0","0.0","0","0","0","0","0","0.0","0","","0","0.000","0","","0","","0","","0","0","0.0","0","0.0","","","","100.0","","","0.00","","0.0","0.0","0.0","0.00","0.0"
"363","Chris Moore","WAS","WR","14","2025","3","75.0","0.0","0","0.0","0","0.0","0.0","","0","","0","0.0","0.0","","0.00","","0","","","","0","0.0","0","0","0","0","0","0.0","0","","0","0.000","0","","0","","0","","0","0","0.0","0","0.0","","","","100.0","","","0.00","","0.0","0.0","0.0","0.00","0.0"
"364","Terrance Ferguson","LA","TE","13","2025","11","84.6","0.0","0","0.0","0","0.0","0.0","","0","","0","0.0","0.0","","0.00","","0","","","","0","0.0","0","0","0","0","0","0.0","0","","0","0.000","0","","0","","0","","0","0","0.0","0","0.0","","","","100.0","","","0.00","","0.0","0.0","0.0","0.00","0.0"