"Player Details","","","","","","Receiving","","","","","","","","","","","","","","","","","","","","","","","Advanced","","","","","","","","","","","","","","","","","","","","","","","","","","","FPTS","","","","","",""
"Rank","Name","Team","POS","G","Season","RTE","RTE %","aDOT","AY","AY Share","TGT","TGT/G","TGT %","TPRR","REC","CR %","YDS","RecYDS/G","TM YDS %","YPRR","YPT","YPR","YAC","YAC/REC","YACO","YACO/REC","TD","TM TD %","i20 TGT","EZTGT","EZTD","DP TGT","1READ","1READ %","MTF","MTF/REC","1D","1D/RR","DRP","DRP %","CTGT","CTGT %","DESIGN","DESIGN %","CT","CC","CC %","HERO","RATE","THREAT","YPTOE","WIDE RTE %","SLOT RTE %","INLINE RTE %","BACK RTE %","FP/RR","FP/G","FP","XFP","XFP/G","XFP/RR","RecXFP"
"1","Trey McBride","ARZ","TE","17","2025","81","95.3","8.7","191","35.4","22","1.3","28.9","0.27","15","68.2","163","9.6","31.9","2.01","7.41","10.87","77","5.13","44","2.93","3","60.0","7","4","1","1","19","39.6","4","0.27","8","0.099","1","4.5","17","77.3","4","18.2","3","2","66.7","0","129.4","31.0","-0.8","","100.0","","","0.61","2.9","49.3","44.4","2.6","0.55","44.4"
"2","Juwan Johnson","NO","TE","17","2025","79","92.9","7.8","109","16.5","14","0.8","18.4","0.18","11","78.6","130","7.6","24.3","1.65","9.29","11.82","40","3.64","8","0.73","0","0.0","0","0","0","0","11","20.4","0","","7","0.089","0","","12","85.7","0","","3","2","66.7","0","105.4","19.7","1.7","","100.0","","","0.30","1.4","24.0","21.6","1.3","0.27","21.6"
"3","Rashid Shaheed","SEA, NO","WR","18","2025","30","93.8","8.1","57","37.7","7","0.4","24.1","0.23","7","100.0","120","6.7","52.9","4.00","17.14","17.14","63","9.00","2","0.29","1","100.0","1","0","0","1","5","29.4","0","","2","0.067","0","","7","100.0","2","28.6","0","0","0.0","0","158.3","28.0","9.9","","100.0","","","0.83","1.4","25.0","11.3","0.6","0.38","11.3"
"4","Puka Nacua","LA","WR","16","2025","38","100.0","6.3","63","23.9","10","0.6","27.0","0.26","9","90.0","110","6.9","38.6","2.89","11.00","12.22","54","6.00","41","4.56","0","0.0","1","0","0","0","10","40.0","1","0.11","2","0.053","0","","9","90.0","0","","3","3","100.0","0","112.5","27.8","4.2","","100.0","","","0.50","1.2","19.0","15.1","0.9","0.40","15.1"
"5","Stefon Diggs","NE","WR","17","2025","24","88.9","9.4","66","28.1","7","0.4","30.4","0.29","7","100.0","108","6.4","44.8","4.50","15.43","15.43","42","6.00","9","1.29","0","0.0","0","0","0","1","5","27.8","2","0.29","5","0.208","0","","7","100.0","1","14.3","0","0","0.0","0","118.8","30.4","7.5","","100.0","","","0.74","1.0","17.8","11.0","0.6","0.46","11.0"
"6","Parker Washington","JAX","WR","16","2025","39","100.0","9.2","110","44.4","12","0.8","33.3","0.31","8","66.7","107","6.7","38.1","2.74","8.92","13.38","36","4.50","13","1.63","1","100.0","1","1","0","2","11","45.8","2","0.25","5","0.128","1","8.3","9","75.0","0","","2","0","0.0","0","87.8","34.3","1.3","","100.0","","","0.63","1.5","24.7","20.8","1.3","0.53","20.8"
"7","Amon-Ra St. Brown","DET","WR","17","2025","43","95.6","6.5","91","25.3","14","0.8","31.1","0.33","11","78.6","99","5.8","24.1","2.30","7.07","9.00","37","3.36","18","1.64","0","0.0","1","0","0","0","12","37.5","1","0.09","4","0.093","1","7.1","12","85.7","0","","2","1","50.0","0","96.1","34.1","0.2","","100.0","","","0.49","1.2","20.9","25.5","1.5","0.59","25.5"
"8","Ladd McConkey","LAC","WR","16","2025","50","86.2","5.8","52","20.7","9","0.6","18.8","0.18","9","100.0","90","5.6","23.6","1.80","10.00","10.00","38","4.22","12","1.33","0","0.0","0","0","0","1","7","21.9","2","0.22","4","0.080","0","","9","100.0","2","22.2","0","0","0.0","0","108.3","18.8","3.4","","100.0","","","0.36","1.1","18.0","15.9","1.0","0.32","15.9"
"9","Pat Freiermuth","PIT","TE","17","2025","28","84.8","6.0","48","32.2","8","0.5","25.8","0.29","8","100.0","88","5.2","37.8","3.14","11.00","11.00","40","5.00","21","2.63","0","0.0","0","0","0","1","8","30.8","1","0.13","3","0.107","0","","8","100.0","1","12.5","3","3","100.0","0","112.5","26.7","4.0","","100.0","","","0.60","1.0","16.8","12.2","0.7","0.43","12.2"
"10","Courtland Sutton","DEN","WR","17","2025","29","90.6","19.6","98","51.6","5","0.3","18.5","0.17","4","80.0","86","5.1","40.8","2.97","17.20","21.50","22","5.50","","","1","100.0","0","0","0","2","3","17.6","0","","3","0.103","1","20.0","5","100.0","0","","2","1","50.0","0","158.3","19.2","6.8","","100.0","","","0.64","1.1","18.6","7.8","0.5","0.27","7.8"
"11","Zay Flowers","BLT","WR","17","2025","22","95.7","6.0","42","33.9","7","0.4","35.0","0.32","7","100.0","85","5.0","58.2","3.86","12.14","12.14","43","6.14","10","1.43","0","0.0","3","0","0","0","6","54.5","2","0.29","2","0.091","0","","7","100.0","2","28.6","2","2","100.0","0","117.3","36.8","4.8","","100.0","","","0.66","0.9","14.5","12.2","0.7","0.55","12.2"
"12","Keenan Allen","LAC","WR","17","2025","29","90.6","10.4","83","35.0","8","0.5","27.6","0.28","7","87.5","82","4.8","28.8","2.83","10.25","11.71","18","2.57","11","1.57","0","0.0","2","1","0","1","4","25.0","1","0.14","5","0.172","0","","7","87.5","0","","1","1","100.0","0","109.4","28.6","2.3","","100.0","","","0.52","0.9","15.2","15.1","0.9","0.52","15.1"
"13","Marquise Brown","KC","WR","16","2025","27","96.4","16.7","150","58.4","9","0.6","37.5","0.33","5","55.6","80","5.0","53.7","2.96","8.89","16.00","15","3.00","3","0.60","0","0.0","0","1","0","2","6","31.6","1","0.20","4","0.148","0","","6","66.7","0","","2","1","50.0","0","85.4","40.9","-0.3","","100.0","","","0.48","0.8","13.0","18.0","1.1","0.67","18.0"
"14","Jaxon Smith-Njigba","SEA","WR","17","2025","22","100.0","6.3","44","35.8","7","0.4","31.8","0.32","7","100.0","76","4.5","38.0","3.45","10.86","10.86","32","4.57","7","1.00","0","0.0","0","0","0","0","7","41.2","1","0.14","3","0.136","0","","7","100.0","2","28.6","0","0","0.0","0","111.9","35.0","3.7","","100.0","","","0.62","0.8","13.6","11.0","0.6","0.50","11.0"
"15","Christian Watson","GB","WR","10","2025","12","100.0","21.7","65","69.9","3","0.3","25.0","0.25","3","100.0","71","7.1","47.0","5.92","23.67","23.67","6","2.00","2","0.67","0","0.0","0","0","0","1","3","37.5","0","","3","0.250","0","","3","100.0","0","","2","2","100.0","0","118.8","27.3","13.6","","100.0","","","0.84","1.0","10.1","4.9","0.5","0.41","4.9"
"16","Michael Pittman","IND","WR","17","2025","30","93.8","7.7","54","28.9","7","0.4","23.3","0.23","6","85.7","69","4.1","28.3","2.30","9.86","11.50","33","5.50","3","0.50","0","0.0","1","0","0","0","7","29.2","0","","4","0.133","0","","7","100.0","0","","3","2","66.7","0","107.7","25.9","2.4","","100.0","","","0.43","0.8","12.9","10.9","0.6","0.36","10.9"
"17","Josh Downs","IND","WR","16","2025","43","91.5","6.3","63","18.2","10","0.6","23.3","0.23","8","80.0","66","4.1","18.7","1.53","6.60","8.25","33","4.13","15","1.88","0","0.0","1","0","0","1","10","29.4","1","0.13","3","0.070","0","","8","80.0","1","10.0","0","0","0.0","0","94.2","25.0","-0.1","","100.0","","","0.34","0.9","14.6","14.6","0.9","0.34","14.6"
"18","Chimere Dike","TEN","WR","17","2025","41","95.3","6.5","72","31.3","11","0.6","30.6","0.27","8","72.7","65","3.8","31.4","1.59","5.91","8.13","19","2.38","7","0.88","0","0.0","6","0","0","1","9","40.9","2","0.25","2","0.049","0","","8","72.7","3","27.3","1","1","100.0","1","87.3","32.4","-0.9","","100.0","","","0.35","0.9","14.5","17.3","1.0","0.42","17.3"
"19","Cade Otton","TB","TE","16","2025","36","81.8","4.8","38","9.8","8","0.5","21.1","0.22","6","75.0","64","4.0","20.3","1.78","8.00","10.67","35","5.83","17","2.83","0","0.0","0","0","0","0","4","16.0","0","","3","0.083","0","","8","100.0","0","","2","0","0.0","0","97.9","21.6","1.5","","100.0","","","0.34","0.8","12.4","12.0","0.8","0.33","12.0"
"20","Luther Burden","CHI","WR","15","2025","13","100.0","20.7","62","48.1","3","0.2","25.0","0.23","3","100.0","62","4.1","45.6","4.77","20.67","20.67","5","1.67","1","0.33","1","100.0","0","1","1","1","3","33.3","0","","2","0.154","0","","3","100.0","0","","0","0","0.0","0","158.3","25.0","10.0","","100.0","","","1.17","1.0","15.2","5.9","0.4","0.45","5.9"
"21","Ja'Marr Chase","CIN","WR","16","2025","17","89.5","-0.7","-5","-12.8","7","0.4","38.9","0.41","6","85.7","61","3.8","59.2","3.59","8.71","10.17","78","13.00","16","2.67","0","0.0","0","0","0","0","5","45.5","3","0.50","3","0.176","0","","6","85.7","5","71.4","0","0","0.0","0","103.0","43.8","3.1","","100.0","","","0.71","0.8","12.1","10.7","0.7","0.63","10.7"
"22","Sterling Shepard","TB","WR","13","2025","27","87.1","13.5","54","25.4","4","0.3","13.8","0.15","3","75.0","59","4.5","30.9","2.19","14.75","19.67","29","9.67","","","0","0.0","0","0","0","1","2","11.8","3","1.00","2","0.074","0","","3","75.0","0","","0","0","0.0","0","116.7","14.8","5.6","","100.0","","","0.33","0.7","8.9","7.1","0.5","0.26","7.1"
"23","Wan'Dale Robinson","NYG","WR","16","2025","52","98.1","3.2","38","10.6","12","0.8","27.3","0.23","9","75.0","59","3.7","18.1","1.13","4.92","6.56","88","9.78","16","1.78","0","0.0","2","0","0","1","8","33.3","1","0.11","2","0.038","1","8.3","11","91.7","4","33.3","1","0","0.0","0","85.1","30.0","-1.6","","100.0","","","0.29","0.9","14.9","18.9","1.2","0.36","18.9"
"24","Mike Gesicki","CIN","TE","13","2025","21","91.3","9.0","45","21.7","5","0.4","23.8","0.24","5","100.0","58","4.5","23.2","2.76","11.60","11.60","13","2.60","","","0","0.0","0","0","0","0","4","26.7","0","","5","0.238","0","","5","100.0","0","","1","1","100.0","0","115.0","25.0","4.0","","100.0","","","0.51","0.8","10.8","7.3","0.6","0.35","7.3"
"25","Dalton Kincaid","BUF","TE","12","2025","10","66.7","7.5","30","42.3","4","0.3","28.6","0.40","4","100.0","57","4.8","58.8","5.70","14.25","14.25","27","6.75","12","3.00","2","66.7","2","1","1","0","3","27.3","1","0.25","3","0.300","0","","4","100.0","0","","1","1","100.0","0","158.3","30.8","6.7","","100.0","","","2.17","1.8","21.7","6.9","0.6","0.69","6.9"
"26","Jameson Williams","DET","WR","17","2025","16","94.1","8.0","48","35.3","6","0.4","35.3","0.38","4","66.7","55","3.2","45.5","3.44","9.17","13.75","25","6.25","4","1.00","1","50.0","1","0","0","1","4","36.4","0","","2","0.125","1","16.7","5","83.3","3","50.0","0","0","0.0","0","135.4","37.5","1.7","","100.0","","","0.97","0.9","15.5","9.4","0.6","0.58","9.4"
"27","Travis Kelce","KC","TE","17","2025","40","80.0","4.3","34","12.8","8","0.5","18.6","0.20","6","75.0","54","3.2","31.2","1.35","6.75","9.00","25","4.17","9","1.50","0","0.0","0","0","0","0","5","16.1","0","","3","0.075","1","12.5","7","87.5","0","","2","2","100.0","0","92.7","21.1","0.9","","100.0","","","0.29","0.7","11.4","10.1","0.6","0.25","10.1"
"28","Xavier Smith","LA","WR","16","2025","21","91.3","21.3","85","39.7","4","0.3","18.2","0.19","3","75.0","54","3.4","34.0","2.57","13.50","18.00","12","4.00","2","0.67","0","0.0","1","0","0","2","3","33.3","0","","1","0.048","0","","3","75.0","1","25.0","0","0","0.0","0","116.7","22.2","3.4","","100.0","","","0.40","0.5","8.4","10.2","0.6","0.48","10.2"
"29","Kevin Austin","NO","WR","8","2025","12","75.0","5.8","29","26.4","5","0.6","33.3","0.42","3","60.0","54","6.8","30.2","4.50","10.80","18.00","35","11.67","3","1.00","0","0.0","0","0","0","0","5","35.7","0","","2","0.167","1","20.0","5","100.0","1","20.0","1","0","0.0","0","97.1","33.3","3.7","","100.0","","","0.70","1.1","8.4","9.0","1.1","0.75","9.0"
"30","Dante Pettis","NO","WR","8","2025","14","100.0","-3.5","-7","-5.2","2","0.3","14.3","0.14","2","100.0","54","6.8","50.5","3.86","27.00","27.00","61","30.50","14","7.00","0","0.0","0","0","0","0","1","8.3","5","2.50","1","0.071","0","","2","100.0","1","50.0","0","0","0.0","0","118.8","14.3","22.2","","100.0","","","0.46","0.8","6.4","3.2","0.4","0.23","3.2"
"31","Garrett Wilson","NYJ","WR","7","2025","12","100.0","6.4","32","57.1","5","0.7","50.0","0.42","4","80.0","53","7.6","64.6","4.42","10.60","13.25","24","6.00","3","0.75","0","0.0","0","0","0","0","3","75.0","0","","2","0.167","1","20.0","5","100.0","0","","1","0","0.0","0","110.8","50.0","3.9","","100.0","","","0.78","1.3","9.3","7.4","1.1","0.62","7.4"
"32","Calvin Austin","PIT","WR","14","2025","19","100.0","17.5","35","22.9","2","0.1","11.1","0.11","2","100.0","52","3.7","32.1","2.74","26.00","26.00","17","8.50","","","0","0.0","0","0","0","1","2","15.4","0","","2","0.105","0","","2","100.0","0","","0","0","0.0","0","118.8","11.1","15.6","","100.0","","","0.38","0.5","7.2","2.9","0.2","0.15","2.9"
"33","Jaylen Waddle","MIA","WR","16","2025","18","94.7","4.3","26","56.5","6","0.4","40.0","0.33","6","100.0","52","3.3","52.5","2.89","8.67","8.67","26","4.33","4","0.67","0","0.0","2","0","0","0","4","57.1","1","0.17","4","0.222","0","","6","100.0","0","","0","0","0.0","0","102.8","40.0","2.2","","100.0","","","0.62","0.7","11.2","9.1","0.6","0.50","9.1"
"34","Evan Engram","DEN","TE","16","2025","30","90.9","6.0","48","22.3","8","0.5","26.7","0.27","6","75.0","51","3.2","35.2","1.70","6.38","8.50","21","3.50","10","1.67","0","0.0","2","1","0","0","6","30.0","0","","3","0.100","0","","6","75.0","1","12.5","1","1","100.0","0","91.1","29.6","-0.8","","100.0","","","0.37","0.7","11.1","14.1","0.9","0.47","14.1"
"35","DeVonta Smith","PHI","WR","17","2025","52","91.2","6.0","54","16.6","9","0.5","18.8","0.17","6","66.7","51","3.0","14.4","0.98","5.67","8.50","21","3.50","7","1.17","0","0.0","0","0","0","0","5","16.7","0","","3","0.058","0","","8","88.9","1","11.1","2","0","0.0","0","81.3","19.6","-1.2","","100.0","","","0.21","0.7","11.1","16.8","1.0","0.32","16.8"
"36","Deebo Samuel","WAS","WR","16","2025","35","100.0","0.9","7","4.8","8","0.5","30.8","0.23","6","75.0","51","3.2","23.5","1.46","6.38","8.50","51","8.50","11","1.83","1","100.0","2","0","0","0","6","35.3","1","0.17","2","0.057","2","25.0","8","100.0","4","50.0","0","0","0.0","0","91.1","33.3","0.7","","100.0","","","0.49","1.1","17.1","14.4","0.9","0.41","14.4"
"37","Rome Odunze","CHI","WR","12","2025","14","87.5","20.4","102","71.3","5","0.4","35.7","0.36","3","60.0","50","4.2","62.5","3.57","10.00","16.67","15","5.00","4","1.33","0","0.0","0","0","0","1","5","45.5","0","","3","0.214","0","","4","80.0","0","","2","0","0.0","0","93.8","38.5","-0.5","","100.0","","","0.57","0.7","8.0","9.2","0.8","0.66","9.2"
"38","Chris Olave","NO","WR","16","2025","52","92.9","10.0","100","25.1","10","0.6","20.4","0.19","6","60.0","49","3.1","12.1","0.94","4.90","8.17","22","3.67","1","0.17","1","100.0","1","2","1","1","9","24.3","1","0.17","2","0.038","0","","6","60.0","1","10.0","0","0","0.0","0","66.3","20.4","-2.9","","100.0","","","0.33","1.1","16.9","20.2","1.3","0.39","20.2"
"39","Kalif Raymond","DET","WR","15","2025","14","87.5","5.0","20","20.6","4","0.3","25.0","0.29","4","100.0","47","3.1","31.5","3.36","11.75","11.75","27","6.75","6","1.50","0","0.0","0","0","0","0","4","40.0","0","","3","0.214","0","","4","100.0","1","25.0","0","0","0.0","0","115.6","28.6","4.8","","100.0","","","0.62","0.6","8.7","6.7","0.4","0.48","6.7"
"40","Kendrick Bourne","SF","WR","16","2025","14","93.3","4.4","22","13.6","5","0.3","33.3","0.36","5","100.0","47","2.9","43.5","3.36","9.40","9.40","25","5.00","12","2.40","0","0.0","0","0","0","0","4","30.8","0","","2","0.143","0","","5","100.0","1","20.0","1","1","100.0","0","105.8","33.3","2.9","","100.0","","","0.69","0.6","9.7","7.7","0.5","0.55","7.7"
"41","Troy Franklin","DEN","WR","17","2025","29","90.6","4.1","33","19.5","8","0.5","27.6","0.28","6","75.0","47","2.8","34.3","1.62","5.88","7.83","39","6.50","15","2.50","0","0.0","2","0","0","0","7","35.0","2","0.33","2","0.069","0","","6","75.0","3","37.5","1","1","100.0","0","89.1","30.8","-0.9","","100.0","","","0.37","0.6","10.7","11.5","0.7","0.40","11.5"
"42","JuJu Smith-Schuster","KC","WR","17","2025","28","75.7","4.5","18","14.6","4","0.2","12.1","0.14","4","100.0","47","2.8","23.2","1.68","11.75","11.75","29","7.25","22","5.50","0","0.0","0","0","0","0","2","8.7","1","0.25","2","0.071","0","","4","100.0","0","","1","1","100.0","0","115.6","13.3","5.1","","100.0","","","0.31","0.5","8.7","5.8","0.3","0.21","5.8"
"43","Ja'Tavion Sanders","CAR","TE","13","2025","27","93.1","6.1","43","20.5","7","0.5","28.0","0.26","6","85.7","46","3.5","25.3","1.70","6.57","7.67","23","3.83","6","1.00","0","0.0","2","1","0","1","6","30.0","1","0.17","1","0.037","0","","6","85.7","0","","1","1","100.0","0","94.0","30.4","-0.5","","100.0","","","0.39","0.8","10.6","11.3","0.9","0.42","11.3"
"44","Xavier Legette","CAR","WR","15","2025","33","94.3","7.6","53","30.6","7","0.5","21.2","0.21","5","71.4","44","2.9","26.8","1.33","6.29","8.80","16","3.20","4","0.80","0","0.0","2","0","0","0","5","22.7","0","","1","0.030","1","14.3","6","85.7","0","","2","1","50.0","0","48.2","24.1","-1.0","","100.0","","","0.28","0.6","9.4","11.5","0.8","0.35","11.5"
"45","Ricky Pearsall","SF","WR","9","2025","11","100.0","22.7","68","67.3","3","0.3","30.0","0.27","2","66.7","44","4.9","32.6","4.00","14.67","22.00","6","3.00","3","1.50","0","0.0","0","0","0","2","3","37.5","0","","2","0.182","0","","2","66.7","0","","0","0","0.0","0","109.7","30.0","4.0","","100.0","","","0.58","0.7","6.4","4.6","0.5","0.42","4.6"
"46","Chris Godwin","TB","WR","9","2025","16","84.2","8.7","26","10.2","3","0.3","17.6","0.19","2","66.7","43","4.8","16.7","2.69","14.33","21.50","34","17.00","11","5.50","0","0.0","0","0","0","0","2","16.7","1","0.50","2","0.125","0","","3","100.0","0","","1","0","0.0","0","109.7","18.8","6.3","","100.0","","","0.39","0.7","6.3","4.6","0.5","0.29","4.6"
"47","Adam Thielen","MIN, PIT","WR","16","2025","13","86.7","7.8","39","50.0","5","0.3","35.7","0.38","4","80.0","43","2.7","47.3","3.31","8.60","10.75","13","3.25","5","1.25","0","0.0","0","0","0","0","4","33.3","1","0.25","3","0.231","0","","4","80.0","0","","1","1","100.0","0","102.5","38.5","1.3","","100.0","","","0.64","0.5","8.3","6.6","0.4","0.51","6.6"
"48","Devaughn Vele","NO","WR","13","2025","28","93.3","12.0","36","13.4","3","0.2","10.7","0.11","3","100.0","42","3.2","21.9","1.50","14.00","14.00","6","2.00","2","0.67","0","0.0","0","0","0","0","2","11.1","0","","3","0.107","0","","3","100.0","0","","1","1","100.0","0","118.8","11.5","5.1","","100.0","","","0.26","0.6","7.2","5.1","0.4","0.18","5.1"
"49","Kenneth Gainwell","PIT","RB","17","2025","10","100.0","3.0","15","83.3","5","0.3","50.0","0.50","5","100.0","42","2.5","66.7","4.20","8.40","8.40","27","5.40","4","0.80","0","0.0","1","0","0","0","5","62.5","0","","1","0.100","0","","5","100.0","0","","1","1","100.0","0","101.7","62.5","1.9","","100.0","","","0.92","0.5","9.2","9.6","0.6","0.96","9.6"
"50","Dalton Schultz","HST","TE","17","2025","27","96.4","4.7","28","12.1","6","0.4","27.3","0.22","3","50.0","40","2.4","23.4","1.48","6.67","13.33","26","8.67","19","6.33","0","0.0","0","0","0","1","5","33.3","1","0.33","2","0.074","1","16.7","4","66.7","1","16.7","0","0","0.0","0","71.5","31.6","-0.7","","100.0","","","0.26","0.4","7.0","9.9","0.6","0.37","9.9"
"51","Emeka Egbuka","TB","WR","17","2025","23","88.5","15.3","92","53.2","6","0.4","27.3","0.26","3","50.0","39","2.3","32.2","1.70","6.50","13.00","15","5.00","2","0.67","1","50.0","0","0","0","1","4","26.7","0","","2","0.087","1","16.7","5","83.3","0","","1","0","0.0","0","110.4","27.3","-3.2","","100.0","","","0.56","0.8","12.9","9.3","0.5","0.40","9.3"
"52","Savion Williams","GB","WR","12","2025","3","75.0","15.5","31","106.9","2","0.2","66.7","0.67","2","100.0","37","3.1","75.5","12.33","18.50","18.50","6","3.00","","","0","0.0","1","0","0","1","1","50.0","0","","1","0.333","0","","2","100.0","1","50.0","1","1","100.0","0","118.8","66.7","10.4","","100.0","","","1.90","0.5","5.7","5.0","0.4","1.67","5.0"
"53","Jahmyr Gibbs","DET","RB","17","2025","7","100.0","4.0","20","35.7","5","0.3","71.4","0.71","4","80.0","36","2.1","46.8","5.14","7.20","9.00","24","6.00","5","1.25","0","0.0","0","0","0","0","4","66.7","2","0.50","1","0.143","0","","4","80.0","1","20.0","1","1","100.0","0","96.7","71.4","0.0","","100.0","","","1.09","0.4","7.6","7.5","0.4","1.06","7.5"
"54","Pat Bryant","DEN","WR","15","2025","25","96.2","11.2","67","40.4","6","0.4","27.3","0.24","3","50.0","35","2.3","41.2","1.40","5.83","11.67","7","2.33","3","1.00","0","0.0","2","0","0","1","4","36.4","0","","3","0.120","0","","5","83.3","0","","3","1","33.3","0","68.1","30.0","-2.6","","100.0","","","0.26","0.4","6.5","9.8","0.7","0.39","9.8"
"55","Malik Washington","MIA","WR","17","2025","25","100.0","7.6","38","18.8","5","0.3","21.7","0.20","3","60.0","35","2.1","22.6","1.40","7.00","11.67","17","5.67","5","1.67","0","0.0","0","0","0","0","3","18.8","1","0.33","2","0.080","0","","3","60.0","0","","2","2","100.0","0","41.7","22.7","-0.1","","100.0","","","0.26","0.4","6.5","9.2","0.5","0.37","9.2"
"56","Zach Ertz","WAS","TE","13","2025","17","89.5","8.8","35","21.7","4","0.3","23.5","0.24","3","75.0","33","2.5","22.0","1.94","8.25","11.00","8","2.67","","","0","0.0","0","0","0","0","3","25.0","0","","2","0.118","0","","3","75.0","0","","0","0","0.0","0","59.4","25.0","0.8","","100.0","","","0.37","0.5","6.3","6.4","0.5","0.37","6.4"
"57","Cooper Kupp","SEA","WR","16","2025","37","90.2","6.6","33","10.6","5","0.3","12.8","0.14","3","60.0","32","2.0","8.6","0.86","6.40","10.67","23","7.67","12","4.00","0","0.0","1","0","0","0","5","16.1","1","0.33","1","0.027","0","","3","60.0","0","","0","0","0.0","0","39.2","12.8","-0.7","","100.0","","","0.17","0.4","6.2","8.6","0.5","0.23","8.6"
"58","Tyler Lockett","TEN, LV","WR","17","2025","35","83.3","11.6","58","23.0","5","0.3","14.7","0.14","3","60.0","31","1.8","19.5","0.89","6.20","10.33","8","2.67","5","1.67","0","0.0","0","0","0","1","5","18.5","1","0.33","1","0.029","0","","3","60.0","0","","0","0","0.0","0","77.9","15.2","-2.3","","100.0","","","0.17","0.4","6.1","7.8","0.5","0.22","7.8"
"59","Xavier Hutchinson","HST","WR","17","2025","12","100.0","9.3","37","94.9","4","0.2","36.4","0.33","3","75.0","31","1.8","64.6","2.58","7.75","10.33","15","5.00","9","3.00","0","0.0","1","0","0","1","4","44.4","0","","1","0.083","0","","3","75.0","1","25.0","0","0","0.0","0","96.9","44.4","-0.4","","100.0","","","0.51","0.4","6.1","8.6","0.5","0.71","8.6"
"60","DeMario Douglas","NE","WR","17","2025","27","93.1","0.7","2","0.6","3","0.2","11.1","0.11","3","100.0","30","1.8","13.0","1.11","10.00","10.00","28","9.33","7","2.33","0","0.0","0","0","0","0","3","13.6","0","","1","0.037","0","","3","100.0","2","66.7","0","0","0.0","0","108.3","11.1","4.5","","100.0","","","0.22","0.4","6.0","4.5","0.3","0.17","4.5"
"61","Jakobi Meyers","LV, JAX","WR","16","2025","36","94.7","9.7","68","43.3","7","0.4","21.9","0.19","4","57.1","30","1.9","15.6","0.83","4.29","7.50","15","3.75","8","2.00","0","0.0","0","0","0","1","7","35.0","0","","1","0.028","1","14.3","6","85.7","0","","1","0","0.0","0","67.6","22.6","-3.6","","100.0","","","0.19","0.4","7.0","10.6","0.7","0.29","10.6"
"62","CeeDee Lamb","DAL","WR","14","2025","24","96.0","7.5","30","26.8","4","0.3","20.0","0.17","3","75.0","30","2.1","19.2","1.25","7.50","10.00","8","2.67","5","1.67","0","0.0","1","1","0","0","4","28.6","1","0.33","1","0.042","0","","3","75.0","0","","0","0","0.0","0","56.3","21.1","0.3","","100.0","","","0.25","0.4","6.0","8.1","0.6","0.34","8.1"
"63","Brock Bowers","LV","TE","12","2025","30","93.8","4.8","24","15.5","5","0.4","20.8","0.17","4","80.0","30","2.5","21.6","1.00","6.00","7.50","11","2.75","9","2.25","0","0.0","1","0","0","0","4","28.6","0","","2","0.067","0","","4","80.0","1","20.0","1","1","100.0","0","91.7","23.8","-0.4","","100.0","","","0.23","0.6","7.0","7.6","0.6","0.25","7.6"
"64","Gunnar Helm","TEN","TE","16","2025","14","93.3","5.0","15","22.1","3","0.2","25.0","0.21","3","100.0","30","1.9","46.2","2.14","10.00","10.00","15","5.00","5","1.67","0","0.0","0","0","0","0","1","14.3","1","0.33","2","0.143","0","","3","100.0","1","33.3","0","0","0.0","0","108.3","25.0","3.1","","100.0","","","0.43","0.4","6.0","4.2","0.3","0.30","4.2"
"65","Jonnu Smith","PIT","TE","17","2025","19","82.6","6.0","24","20.5","4","0.2","17.4","0.21","3","75.0","29","1.7","21.6","1.53","7.25","9.67","21","7.00","9","3.00","0","0.0","0","0","0","0","4","23.5","0","","1","0.053","1","25.0","4","100.0","2","50.0","0","0","0.0","0","94.8","18.2","-0.8","","100.0","","","0.31","0.3","5.9","7.2","0.4","0.38","7.2"
"66","David Sills","ATL","WR","17","2025","19","95.0","3.3","10","6.9","3","0.2","15.0","0.16","3","100.0","29","1.7","21.3","1.53","9.67","9.67","19","6.33","7","2.33","0","0.0","0","0","0","0","2","14.3","0","","0","0.000","0","","3","100.0","0","","0","0","0.0","0","106.9","15.0","3.2","","100.0","","","0.31","0.3","5.9","4.3","0.3","0.23","4.3"
"67","Jayden Reed","GB","WR","7","2025","14","100.0","8.0","16","22.9","2","0.3","18.2","0.14","1","50.0","29","4.1","26.6","2.07","14.50","29.00","23","23.00","3","3.00","0","0.0","0","0","0","0","2","40.0","0","","1","0.071","0","","1","50.0","0","","0","0","0.0","0","95.8","22.2","7.3","","100.0","","","0.28","0.6","3.9","2.9","0.4","0.21","2.9"
"68","George Kittle","SF","TE","11","2025","17","89.5","7.0","28","23.3","4","0.4","22.2","0.24","3","75.0","28","2.5","31.5","1.65","7.00","9.33","15","5.00","6","2.00","1","100.0","1","1","1","1","4","30.8","0","","1","0.059","0","","4","100.0","2","50.0","2","1","50.0","1","133.3","22.2","-1.0","","100.0","","","0.69","1.1","11.8","8.5","0.8","0.50","8.5"
"69","Noah Brown","WAS","WR","4","2025","3","100.0","27.0","27","69.2","1","0.3","50.0","0.33","1","100.0","28","7.0","66.7","9.33","28.00","28.00","1","1.00","1","1.00","0","0.0","0","0","0","1","0","0.0","0","","1","0.333","0","","1","100.0","0","","1","1","100.0","0","118.8","50.0","16.1","","100.0","","","1.27","1.0","3.8","1.4","0.3","0.46","1.4"
"70","Harold Fannin","CLV","TE","16","2025","27","93.1","5.7","34","22.7","6","0.4","24.0","0.22","3","50.0","27","1.7","22.5","1.00","4.50","9.00","11","3.67","6","2.00","0","0.0","1","0","0","0","4","25.0","1","0.33","1","0.037","1","16.7","6","100.0","1","16.7","4","1","25.0","0","62.5","26.1","-2.8","","100.0","","","0.21","0.4","5.7","9.9","0.6","0.37","9.9"
"71","Chuba Hubbard","CAR","RB","15","2025","1","100.0","2.0","2","100.0","1","0.1","100.0","1.00","1","100.0","27","1.8","100.0","27.00","27.00","27.00","25","25.00","23","23.00","1","100.0","0","0","0","0","1","100.0","1","1.00","1","1.000","0","","1","100.0","0","","0","0","0.0","0","158.3","100.0","20.6","","100.0","","","9.70","0.6","9.7","1.3","0.1","1.33","1.3"
"72","Marvin Harrison","ARZ","WR","12","2025","15","100.0","13.8","55","44.7","4","0.3","26.7","0.27","2","50.0","27","2.3","22.1","1.80","6.75","13.50","0","","","","1","50.0","2","2","1","1","2","25.0","0","","1","0.067","0","","4","100.0","0","","2","1","50.0","0","111.5","28.6","-2.5","","100.0","","","0.71","0.9","10.7","9.2","0.8","0.61","9.2"
"73","Bijan Robinson","ATL","RB","17","2025","14","93.3","4.3","30","36.1","7","0.4","53.8","0.50","4","57.1","27","1.6","58.7","1.93","3.86","6.75","20","5.00","9","2.25","0","0.0","4","0","0","0","3","42.9","0","","2","0.143","0","","4","57.1","1","14.3","1","1","100.0","1","65.8","53.8","-3.0","","100.0","","","0.48","0.4","6.7","10.7","0.6","0.76","10.7"
"74","Brandin Cooks","BUF, NO","WR","15","2025","23","92.0","3.6","18","8.1","5","0.3","21.7","0.22","4","80.0","27","1.8","25.2","1.17","5.40","6.75","9","2.25","1","0.25","0","0.0","0","0","0","0","4","23.5","0","","3","0.130","0","","4","80.0","0","","0","0","0.0","0","89.2","23.8","0.5","","100.0","","","0.29","0.4","6.7","5.7","0.4","0.25","5.7"
"75","Brian Thomas","JAX","WR","14","2025","15","93.8","7.3","22","13.2","3","0.2","18.8","0.20","2","66.7","26","1.9","17.7","1.73","8.67","13.00","1","0.50","1","0.50","0","0.0","0","0","0","0","3","25.0","0","","2","0.133","1","33.3","3","100.0","1","33.3","0","0","0.0","0","93.8","18.8","1.0","","100.0","","","0.31","0.3","4.6","4.7","0.3","0.31","4.7"
"76","Jerry Jeudy","CLV","WR","17","2025","15","88.2","13.5","27","31.0","2","0.1","13.3","0.13","2","100.0","26","1.5","32.5","1.73","13.00","13.00","-1","-0.50","-1","-0.50","0","0.0","0","0","0","0","2","22.2","0","","2","0.133","0","","2","100.0","0","","1","1","100.0","0","118.8","15.4","3.3","","100.0","","","0.31","0.3","4.6","3.1","0.2","0.20","3.1"
"77","Taysom Hill","NO","TE","13","2025","7","100.0","3.5","7","21.9","2","0.2","33.3","0.29","2","100.0","26","2.0","39.4","3.71","13.00","13.00","19","9.50","3","1.50","0","0.0","0","0","0","0","1","25.0","0","","1","0.143","0","","2","100.0","0","","0","0","0.0","0","118.8","33.3","6.8","","100.0","","","0.66","0.4","4.6","2.9","0.2","0.42","2.9"
"78","Jahdae Walker","CHI","WR","7","2025","3","100.0","17.5","35","100.0","2","0.3","66.7","0.67","1","50.0","25","3.6","100.0","8.33","12.50","25.00","0","","","","1","100.0","0","1","1","1","0","0.0","0","","1","0.333","0","","1","50.0","0","","0","0","0.0","0","135.4","100.0","3.0","","100.0","","","3.17","1.4","9.5","4.3","0.6","1.44","4.3"
"79","Jaylin Noel","HST","WR","17","2025","12","92.3","12.0","36","26.1","3","0.2","23.1","0.25","2","66.7","25","1.5","34.7","2.08","8.33","12.50","2","1.00","","","0","0.0","1","0","0","1","2","28.6","0","","2","0.167","0","","2","66.7","0","","0","0","0.0","0","92.4","23.1","-0.1","","100.0","","","0.38","0.3","4.5","7.2","0.4","0.60","7.2"
"80","Travis Hunter","JAX","WR","7","2025","21","95.5","6.2","31","14.1","5","0.7","23.8","0.24","3","60.0","25","3.6","26.3","1.19","5.00","8.33","28","9.33","24","8.00","0","0.0","0","0","0","1","4","23.5","3","1.00","1","0.048","0","","3","60.0","2","40.0","0","0","0.0","0","33.3","23.8","-1.8","","100.0","","","0.26","0.8","5.5","8.3","1.2","0.40","8.3"
"81","Nico Collins","HST","WR","15","2025","17","100.0","5.3","16","12.3","3","0.2","18.8","0.18","1","33.3","24","1.6","17.9","1.41","8.00","24.00","35","35.00","6","6.00","0","0.0","1","1","0","0","2","18.2","1","1.00","1","0.059","0","","1","33.3","0","","1","1","100.0","0","63.2","23.1","1.0","","100.0","","","0.20","0.2","3.4","8.6","0.6","0.51","8.6"
"82","Colston Loveland","CHI","TE","16","2025","16","94.1","4.3","13","17.3","3","0.2","18.8","0.19","3","100.0","23","1.4","28.4","1.44","7.67","7.67","10","3.33","2","0.67","0","0.0","0","0","0","0","2","25.0","1","0.33","0","0.000","0","","3","100.0","0","","0","0","0.0","0","98.6","21.4","1.1","","100.0","","","0.33","0.3","5.3","4.5","0.3","0.28","4.5"
"83","Christian McCaffrey","SF","RB","17","2025","13","86.7","1.8","7","8.6","4","0.2","28.6","0.31","3","75.0","23","1.4","33.3","1.77","5.75","7.67","20","6.67","9","3.00","0","0.0","1","0","0","0","4","30.8","1","0.33","0","0.000","0","","4","100.0","1","25.0","1","0","0.0","0","88.5","28.6","-0.6","","100.0","","","0.41","0.3","5.3","5.5","0.3","0.42","5.5"
"84","Rashee Rice","KC","WR","8","2025","17","100.0","1.2","7","7.0","6","0.8","40.0","0.35","4","66.7","23","2.9","47.9","1.35","3.83","5.75","22","5.50","7","1.75","0","0.0","2","0","0","0","5","45.5","0","","0","0.000","1","16.7","5","83.3","3","50.0","0","0","0.0","0","73.6","40.0","-1.7","","100.0","","","0.37","0.8","6.3","11.5","1.4","0.68","11.5"
"85","Brenton Strange","JAX","TE","12","2025","14","73.7","1.0","1","0.6","1","0.1","6.3","0.07","1","100.0","23","1.9","14.6","1.64","23.00","23.00","22","22.00","2","2.00","0","0.0","0","0","0","0","1","8.3","0","","1","0.071","0","","1","100.0","0","","0","0","0.0","0","118.8","6.7","17.2","","100.0","","","0.24","0.3","3.3","1.5","0.1","0.10","1.5"
"86","Khalil Shakir","BUF","WR","16","2025","30","96.8","1.8","14","5.5","8","0.5","30.8","0.27","5","62.5","23","1.4","15.9","0.77","2.88","4.60","37","7.40","15","3.00","0","0.0","1","0","0","1","8","42.1","2","0.40","1","0.033","1","12.5","6","75.0","6","75.0","0","0","0.0","0","27.1","33.3","-3.3","","100.0","","","0.24","0.5","7.3","12.9","0.8","0.43","12.9"
"87","De'Von Achane","MIA","RB","16","2025","11","78.6","-0.5","-1","-1.7","2","0.1","15.4","0.18","2","100.0","23","1.4","30.3","2.09","11.50","11.50","24","12.00","1","0.50","0","0.0","1","0","0","0","1","10.0","1","0.50","1","0.091","0","","2","100.0","0","","0","0","0.0","0","114.6","15.4","5.2","","100.0","","","0.39","0.3","4.3","2.9","0.2","0.26","2.9"
"88","Kyle Pitts","ATL","TE","17","2025","32","97.0","7.2","36","15.0","5","0.3","16.7","0.16","4","80.0","23","1.4","11.4","0.72","4.60","5.75","4","1.00","3","0.75","0","0.0","0","0","0","0","4","19.0","0","","1","0.031","0","","4","80.0","0","","1","1","100.0","0","85.8","17.2","-3.1","","100.0","","","0.20","0.4","6.3","8.2","0.5","0.26","8.2"
"89","David Njoku","CLV","TE","12","2025","7","77.8","10.0","30","88.2","3","0.3","42.9","0.43","1","33.3","23","1.9","74.2","3.29","7.67","23.00","8","8.00","2","2.00","0","0.0","1","0","0","0","2","40.0","0","","1","0.143","0","","1","33.3","0","","0","0","0.0","0","61.8","42.9","-0.8","","100.0","","","0.47","0.3","3.3","5.0","0.4","0.72","5.0"
"90","T.J. Hockenson","MIN","TE","15","2025","18","81.8","4.0","16","15.4","4","0.3","20.0","0.22","3","75.0","22","1.5","17.1","1.22","5.50","7.33","9","3.00","3","1.00","0","0.0","0","0","0","0","1","6.7","0","","1","0.056","1","25.0","4","100.0","0","","0","0","0.0","0","87.5","20.0","-1.0","","100.0","","","0.29","0.3","5.2","5.5","0.4","0.30","5.5"
"91","Tanner Hudson","CIN","TE","13","2025","8","100.0","3.7","11","20.8","3","0.2","37.5","0.38","3","100.0","22","1.7","81.5","2.75","7.33","7.33","11","3.67","6","2.00","0","0.0","0","0","0","0","2","40.0","1","0.33","0","0.000","0","","3","100.0","0","","0","0","0.0","0","97.2","42.9","1.2","","100.0","","","0.65","0.4","5.2","4.0","0.3","0.50","4.0"
"92","Brycen Tremayne","CAR","WR","16","2025","8","88.9","4.0","12","54.5","3","0.2","33.3","0.38","3","100.0","22","1.4","28.6","2.75","7.33","7.33","10","3.33","3","1.00","0","0.0","1","0","0","0","3","42.9","0","","1","0.125","0","","3","100.0","0","","0","0","0.0","0","97.2","37.5","1.3","","100.0","","","0.65","0.3","5.2","4.7","0.3","0.59","4.7"
"93","Nate Adkins","DEN","TE","9","2025","3","75.0","4.7","14","100.0","3","0.3","75.0","1.00","2","66.7","21","2.3","65.6","7.00","7.00","10.50","7","3.50","2","1.00","1","100.0","1","0","0","0","3","75.0","0","","1","0.333","1","33.3","3","100.0","0","","0","0","0.0","0","126.4","75.0","0.2","","100.0","","","3.37","1.1","10.1","5.8","0.6","1.93","5.8"
"94","Drake London","ATL","WR","12","2025","7","77.8","9.5","19","57.6","2","0.2","25.0","0.29","2","100.0","21","1.8","33.3","3.00","10.50","10.50","2","1.00","","","0","0.0","1","0","0","0","2","28.6","0","","2","0.286","0","","2","100.0","0","","0","0","0.0","0","110.4","25.0","3.0","","100.0","","","0.59","0.3","4.1","2.8","0.2","0.39","2.8"
"95","Darren Waller","MIA","TE","9","2025","9","100.0","17.0","17","40.5","1","0.1","12.5","0.11","1","100.0","20","2.2","31.3","2.22","20.00","20.00","3","3.00","","","0","0.0","0","0","0","0","0","0.0","0","","1","0.111","0","","1","100.0","0","","1","1","100.0","0","118.8","14.3","8.3","","100.0","","","0.33","0.3","3.0","2.7","0.3","0.29","2.7"
"96","Tim Patrick","JAX","WR","16","2025","10","83.3","7.5","15","22.4","2","0.1","20.0","0.20","2","100.0","20","1.3","28.2","2.00","10.00","10.00","5","2.50","","","0","0.0","0","0","0","0","2","25.0","1","0.50","1","0.100","0","","2","100.0","0","","0","0","0.0","0","108.3","25.0","3.1","","100.0","","","0.40","0.3","4.0","4.2","0.3","0.42","4.2"
"97","Jake Ferguson","DAL","TE","17","2025","35","92.1","0.0","0","0.0","3","0.2","8.8","0.09","3","100.0","20","1.2","8.5","0.57","6.67","6.67","20","6.67","12","4.00","0","0.0","0","0","0","0","3","13.0","1","0.33","1","0.029","0","","3","100.0","1","33.3","0","0","0.0","0","94.4","9.1","1.3","","100.0","","","0.14","0.3","5.0","4.2","0.2","0.12","4.2"
"98","Tyler Warren","IND","TE","17","2025","32","97.0","6.3","19","7.3","3","0.2","10.3","0.09","2","66.7","20","1.2","8.8","0.63","6.67","10.00","13","6.50","4","2.00","0","0.0","0","0","0","0","3","14.3","0","","1","0.031","0","","3","100.0","0","","2","1","50.0","0","85.4","10.7","-0.5","","100.0","","","0.13","0.2","4.0","4.6","0.3","0.14","4.6"
"99","Mark Andrews","BLT","TE","17","2025","20","80.0","7.2","43","34.7","6","0.4","28.6","0.30","4","66.7","20","1.2","15.3","1.00","3.33","5.00","4","1.00","1","0.25","0","0.0","0","0","0","1","5","41.7","0","","0","0.000","1","16.7","5","83.3","0","","0","0","0.0","0","31.9","30.0","-4.0","","100.0","","","0.30","0.4","6.0","13.2","0.8","0.66","13.2"
"100","DK Metcalf","PIT","WR","15","2025","12","92.3","15.3","46","64.8","3","0.2","27.3","0.25","2","66.7","19","1.3","35.8","1.58","6.33","9.50","10","5.00","6","3.00","0","0.0","0","0","0","1","2","20.0","1","0.50","1","0.083","0","","2","66.7","1","33.3","0","0","0.0","0","84.0","27.3","-3.2","","100.0","","","0.33","0.3","3.9","5.5","0.4","0.46","5.5"
"101","Michael Mayer","LV","TE","13","2025","11","78.6","-0.3","-1","-2.1","3","0.2","27.3","0.27","3","100.0","19","1.5","42.2","1.73","6.33","6.33","20","6.67","6","2.00","0","0.0","0","0","0","0","3","33.3","0","","1","0.091","0","","3","100.0","2","66.7","0","0","0.0","0","93.1","30.0","-0.1","","100.0","","","0.45","0.4","4.9","4.8","0.4","0.44","4.8"
"102","Noah Gray","KC","TE","16","2025","16","72.7","5.0","5","4.2","1","0.1","5.9","0.06","1","100.0","19","1.2","11.2","1.19","19.00","19.00","14","14.00","3","3.00","0","0.0","0","0","0","0","1","7.1","0","","1","0.063","0","","1","100.0","0","","0","0","0.0","0","118.8","6.3","12.5","","100.0","","","0.18","0.2","2.9","1.4","0.1","0.09","1.4"
"103","Christian Kirk","HST","WR","13","2025","29","96.7","2.8","14","6.7","5","0.4","19.2","0.17","4","80.0","19","1.5","9.7","0.66","3.80","4.75","8","2.00","3","0.75","0","0.0","0","0","0","0","4","19.0","0","","1","0.034","0","","4","80.0","1","20.0","0","0","0.0","0","82.5","20.8","-2.0","","100.0","","","0.20","0.5","5.9","8.8","0.7","0.30","8.8"
"104","Hunter Henry","NE","TE","17","2025","24","96.0","7.5","15","5.0","2","0.1","8.7","0.08","2","100.0","18","1.1","8.5","0.75","9.00","9.00","3","1.50","","","0","0.0","0","0","0","0","1","5.6","0","","0","0.000","0","","2","100.0","0","","0","0","0.0","0","104.2","8.7","1.5","","100.0","","","0.16","0.2","3.8","4.9","0.3","0.21","4.9"
"105","Ryan Flournoy","DAL","WR","15","2025","11","100.0","19.7","59","39.9","3","0.2","30.0","0.27","2","66.7","18","1.2","46.2","1.64","6.00","9.00","1","0.50","1","0.50","0","0.0","0","0","0","1","2","33.3","0","","1","0.091","0","","2","66.7","0","","1","1","100.0","0","43.1","33.3","-4.1","","100.0","","","0.35","0.3","3.8","5.4","0.4","0.49","5.4"
"106","Olamide Zaccheaus","CHI","WR","16","2025","17","89.5","4.3","17","6.7","4","0.3","22.2","0.24","3","75.0","17","1.1","11.3","1.00","4.25","5.67","6","2.00","5","1.67","0","0.0","1","0","0","0","3","25.0","0","","0","0.000","1","25.0","4","100.0","0","","0","0","0.0","0","82.3","22.2","-1.9","","100.0","","","0.28","0.3","4.7","6.0","0.4","0.35","6.0"
"107","Darius Slayton","NYG","WR","14","2025","14","93.3","13.0","13","17.3","1","0.1","9.1","0.07","1","100.0","17","1.2","17.2","1.21","17.00","17.00","4","4.00","","","0","0.0","0","0","0","0","1","12.5","0","","1","0.071","0","","1","100.0","0","","0","0","0.0","0","118.8","10.0","8.1","","100.0","","","0.19","0.2","2.7","1.5","0.1","0.11","1.5"
"108","Chig Okonkwo","TEN","TE","17","2025","22","88.0","4.0","4","3.5","1","0.1","4.5","0.05","1","100.0","17","1.0","17.5","0.77","17.00","17.00","13","13.00","2","2.00","0","0.0","0","0","0","0","0","0.0","0","","1","0.045","0","","1","100.0","0","","0","0","0.0","0","118.8","5.3","10.9","","100.0","","","0.12","0.2","2.7","1.4","0.1","0.06","1.4"
"109","Xavier Worthy","KC","WR","14","2025","10","90.9","12.3","37","57.8","3","0.2","30.0","0.30","2","66.7","17","1.2","19.8","1.70","5.67","8.50","8","4.00","1","0.50","0","0.0","0","0","0","1","2","40.0","2","1.00","0","0.000","0","","2","66.7","0","","0","0","0.0","0","81.3","33.3","-2.2","","100.0","","","0.37","0.3","3.7","4.3","0.3","0.43","4.3"
"110","Lil'Jordan Humphrey","DEN, NYG","WR","10","2025","4","80.0","11.0","11","20.8","1","0.1","20.0","0.25","1","100.0","17","1.7","21.8","4.25","17.00","17.00","6","6.00","1","1.00","0","0.0","0","0","0","0","1","33.3","0","","1","0.250","0","","1","100.0","0","","0","0","0.0","0","118.8","20.0","8.7","","100.0","","","0.68","0.3","2.7","1.7","0.2","0.42","1.7"
"111","Greg Dortch","ARZ","WR","12","2025","31","100.0","24.0","24","10.5","1","0.1","3.7","0.03","1","100.0","17","1.4","7.0","0.55","17.00","17.00","0","","","","1","100.0","1","1","1","1","1","7.1","0","","1","0.032","0","","1","100.0","0","","0","0","0.0","0","158.3","4.0","5.2","","100.0","","","0.28","0.7","8.7","5.7","0.5","0.18","5.7"
"112","LeQuint Allen","JAX","RB","17","2025","3","75.0","1.5","3","150.0","2","0.1","66.7","0.67","2","100.0","16","0.9","76.2","5.33","8.00","8.00","13","6.50","6","3.00","0","0.0","0","0","0","0","0","0.0","0","","0","0.000","0","","2","100.0","0","","0","0","0.0","0","100.0","66.7","1.9","","100.0","","","1.20","0.2","3.6","2.6","0.2","0.87","2.6"
"113","Justin Jefferson","MIN","WR","17","2025","21","95.5","5.5","22","20.6","4","0.2","20.0","0.19","2","50.0","16","0.9","15.2","0.76","4.00","8.00","12","6.00","3","1.50","0","0.0","1","0","0","0","4","23.5","0","","1","0.048","0","","2","50.0","1","25.0","0","0","0.0","0","60.4","20.0","-2.4","","100.0","","","0.17","0.2","3.6","6.0","0.4","0.28","6.0"
"114","Cedrick Wilson","MIA","WR","10","2025","5","100.0","3.0","3","8.1","1","0.1","25.0","0.20","1","100.0","16","1.6","59.3","3.20","16.00","16.00","13","13.00","14","14.00","0","0.0","0","0","0","0","1","33.3","2","2.00","1","0.200","0","","1","100.0","0","","0","0","0.0","0","118.8","25.0","10.6","","100.0","","","0.52","0.3","2.6","1.4","0.1","0.27","1.4"
"115","Michael Carter","ARZ","RB","13","2025","3","100.0","-2.0","-2","-8.3","1","0.1","33.3","0.33","1","100.0","15","1.2","83.3","5.00","15.00","15.00","17","17.00","","","0","0.0","0","0","0","0","0","0.0","1","1.00","1","0.333","0","","1","100.0","0","","0","0","0.0","0","118.8","33.3","8.8","","100.0","","","0.83","0.2","2.5","1.3","0.1","0.44","1.3"
"116","Grant Calcaterra","PHI","TE","15","2025","14","100.0","8.5","17","42.5","2","0.1","20.0","0.14","1","50.0","15","1.0","25.9","1.07","7.50","15.00","1","1.00","","","1","100.0","1","0","0","0","2","28.6","0","","1","0.071","1","50.0","2","100.0","0","","1","1","100.0","0","114.6","20.0","-0.8","","100.0","","","0.61","0.6","8.5","4.4","0.3","0.31","4.4"
"117","Tyler Conklin","LAC","TE","10","2025","8","88.9","4.0","8","20.0","2","0.2","25.0","0.25","2","100.0","15","1.5","33.3","1.88","7.50","7.50","7","3.50","4","2.00","0","0.0","0","0","0","0","2","33.3","1","0.50","0","0.000","0","","2","100.0","0","","0","0","0.0","0","97.9","28.6","1.1","","100.0","","","0.44","0.4","3.5","2.9","0.3","0.36","2.9"
"118","Luke McCaffrey","WAS","WR","9","2025","4","66.7","0.0","0","0.0","2","0.2","40.0","0.50","2","100.0","15","1.7","57.7","3.75","7.50","7.50","15","7.50","5","2.50","0","0.0","0","0","0","0","2","50.0","0","","0","0.000","0","","2","100.0","1","50.0","0","0","0.0","0","97.9","40.0","2.3","","100.0","","","0.88","0.4","3.5","3.1","0.3","0.77","3.1"
"119","Travis Etienne","JAX","RB","17","2025","6","85.7","-5.0","-5","-8.2","1","0.1","14.3","0.17","1","100.0","15","0.9","22.1","2.50","15.00","15.00","20","20.00","5","5.00","0","0.0","0","0","0","0","0","0.0","0","","1","0.167","0","","1","100.0","0","","0","0","0.0","0","118.8","14.3","9.1","","100.0","","","0.42","0.1","2.5","2.1","0.1","0.34","2.1"
"120","Brashard Smith","KC","RB","17","2025","4","80.0","0.0","0","0.0","1","0.1","20.0","0.25","1","100.0","15","0.9","88.2","3.75","15.00","15.00","15","15.00","3","3.00","0","0.0","0","0","0","0","1","25.0","0","","0","0.000","0","","1","100.0","1","100.0","0","0","0.0","0","118.8","20.0","9.2","","100.0","","","0.63","0.1","2.5","1.3","0.1","0.33","1.3"
"121","Romeo Doubs","GB","WR","16","2025","12","92.3","24.7","74","62.2","3","0.2","25.0","0.25","1","33.3","15","0.9","22.1","1.25","5.00","15.00","-1","-1.00","-1","-1.00","0","0.0","1","2","0","1","1","14.3","0","","1","0.083","0","","1","33.3","0","","0","0","0.0","0","50.7","27.3","-7.0","","100.0","","","0.21","0.2","2.5","8.2","0.5","0.69","8.2"
"122","Tre Harris","LAC","WR","17","2025","17","89.5","-0.5","-1","-0.7","2","0.1","13.3","0.12","2","100.0","15","0.9","16.7","0.88","7.50","7.50","16","8.00","3","1.50","0","0.0","1","0","0","0","2","15.4","0","","1","0.059","0","","2","100.0","1","50.0","0","0","0.0","0","97.9","13.3","2.4","","100.0","","","0.21","0.2","3.5","3.3","0.2","0.20","3.3"
"123","Adonai Mitchell","NYJ, IND","WR","16","2025","9","69.2","4.7","14","33.3","3","0.2","25.0","0.33","2","66.7","14","0.9","18.9","1.56","4.67","7.00","4","2.00","","","0","0.0","0","0","0","0","3","33.3","0","","1","0.111","0","","2","66.7","0","","1","1","100.0","0","77.1","25.0","-1.7","","100.0","","","0.38","0.2","3.4","4.2","0.3","0.46","4.2"
"124","Zaire Mitchell-Paden","BLT, NO","TE","8","2025","1","100.0","9.0","9","100.0","1","0.1","100.0","1.00","1","100.0","14","1.8","100.0","14.00","14.00","14.00","5","5.00","1","1.00","0","0.0","0","0","0","0","1","100.0","0","","1","1.000","0","","1","100.0","0","","0","0","0.0","0","118.8","100.0","6.7","","100.0","","","2.40","0.3","2.4","1.8","0.2","1.76","1.8"
"125","Dawson Knox","BUF","TE","17","2025","11","78.6","20.0","20","20.4","1","0.1","9.1","0.09","1","100.0","14","0.8","32.6","1.27","14.00","14.00","0","","","","1","100.0","1","1","1","1","1","12.5","0","","1","0.091","0","","1","100.0","0","","0","0","0.0","0","158.3","10.0","2.2","","100.0","","","0.76","0.5","8.4","2.5","0.1","0.23","2.5"
"126","Sam LaPorta","DET","TE","9","2025","9","90.0","10.0","10","8.9","1","0.1","10.0","0.11","1","100.0","14","1.6","13.1","1.56","14.00","14.00","4","4.00","1","1.00","0","0.0","0","0","0","0","1","14.3","0","","1","0.111","0","","1","100.0","0","","0","0","0.0","0","118.8","11.1","6.2","","100.0","","","0.27","0.3","2.4","1.4","0.2","0.16","1.4"
"127","Kenneth Walker","SEA","RB","17","2025","5","100.0","-0.5","-1","-3.4","2","0.1","50.0","0.40","2","100.0","14","0.8","58.3","2.80","7.00","7.00","15","7.50","5","2.50","0","0.0","0","0","0","0","1","50.0","0","","1","0.200","0","","2","100.0","1","50.0","0","0","0.0","0","95.8","50.0","1.0","","100.0","","","0.68","0.2","3.4","3.1","0.2","0.63","3.1"
"128","Cole Kmet","CHI","TE","16","2025","13","81.3","13.0","26","32.9","2","0.1","13.3","0.15","1","50.0","14","0.9","11.6","1.08","7.00","14.00","1","1.00","","","0","0.0","1","1","0","0","1","14.3","0","","0","0.000","0","","1","50.0","0","","0","0","0.0","0","72.9","18.2","-3.0","","100.0","","","0.18","0.2","2.4","4.8","0.3","0.37","4.8"
"129","Josh Jacobs","GB","RB","15","2025","1","100.0","19.0","19","100.0","1","0.1","100.0","1.00","1","100.0","14","0.9","100.0","14.00","14.00","14.00","0","","","","1","100.0","1","1","1","0","0","0.0","0","","1","1.000","0","","1","100.0","0","","1","1","100.0","1","158.3","100.0","5.7","","100.0","","","8.40","0.6","8.4","1.9","0.1","1.90","1.9"
"130","Gage Larvadain","CLV","WR","13","2025","10","100.0","6.0","12","35.3","2","0.2","33.3","0.20","2","100.0","14","1.1","21.9","1.40","7.00","7.00","2","1.00","","","0","0.0","0","0","0","0","2","66.7","0","","1","0.100","0","","2","100.0","0","","0","0","0.0","0","95.8","33.3","0.2","","100.0","","","0.34","0.3","3.4","2.9","0.2","0.29","2.9"
"131","Ryan Miller","TB","WR","13","2025","1","100.0","14.0","14","100.0","1","0.1","100.0","1.00","1","100.0","14","1.1","100.0","14.00","14.00","14.00","0","","","","0","0.0","0","0","0","0","1","100.0","0","","0","0.000","0","","1","100.0","0","","0","0","0.0","0","118.8","100.0","4.2","","100.0","","","2.40","0.2","2.4","1.9","0.1","1.86","1.9"
"132","Greg Dulcich","MIA","TE","10","2025","9","100.0","10.0","10","25.0","1","0.1","16.7","0.11","1","100.0","14","1.4","18.9","1.56","14.00","14.00","4","4.00","3","3.00","0","0.0","0","0","0","0","1","20.0","0","","1","0.111","0","","1","100.0","0","","0","0","0.0","0","118.8","16.7","6.2","","100.0","","","0.27","0.2","2.4","1.3","0.1","0.14","1.3"
"133","Luke Schoonmaker","DAL","TE","17","2025","3","60.0","5.0","5","16.1","1","0.1","25.0","0.33","1","100.0","14","0.8","100.0","4.67","14.00","14.00","9","9.00","3","3.00","0","0.0","1","0","0","0","0","0.0","0","","1","0.333","0","","1","100.0","0","","0","0","0.0","0","118.8","25.0","7.5","","100.0","","","0.80","0.1","2.4","1.5","0.1","0.49","1.5"
"134","Jake Tonges","SF","TE","16","2025","17","94.4","7.7","23","15.8","3","0.2","16.7","0.18","2","66.7","14","0.9","9.3","0.82","4.67","7.00","5","2.50","2","1.00","0","0.0","0","0","0","0","3","21.4","0","","1","0.059","0","","2","66.7","1","33.3","0","0","0.0","0","77.1","17.6","-2.9","","100.0","","","0.20","0.2","3.4","4.8","0.3","0.28","4.8"
"135","DJ Moore","CHI","WR","17","2025","25","96.2","10.4","52","22.1","5","0.3","20.8","0.20","2","40.0","14","0.8","12.1","0.56","2.80","7.00","22","11.00","3","1.50","0","0.0","1","1","0","1","4","28.6","0","","1","0.040","0","","4","80.0","2","40.0","1","0","0.0","0","47.9","25.0","-5.3","","100.0","","","0.14","0.2","3.4","9.1","0.5","0.36","9.1"
"136","Theo Johnson","NYG","TE","15","2025","31","88.6","9.2","55","20.8","6","0.4","18.8","0.19","3","50.0","14","0.9","8.9","0.45","2.33","4.67","16","5.33","4","1.33","0","0.0","1","1","0","1","4","22.2","0","","0","0.000","2","33.3","6","100.0","2","33.3","4","1","25.0","0","56.3","20.7","-6.2","","100.0","","","0.14","0.3","4.4","10.5","0.7","0.34","10.5"
"137","Calvin Ridley","TEN","WR","7","2025","4","80.0","5.0","10","71.4","2","0.3","50.0","0.50","2","100.0","14","2.0","63.6","3.50","7.00","7.00","4","2.00","1","0.50","0","0.0","0","0","0","0","2","50.0","0","","1","0.250","0","","2","100.0","1","50.0","0","0","0.0","0","95.8","50.0","-0.3","","100.0","","","0.85","0.5","3.4","3.4","0.5","0.86","3.4"
"138","Dontayvion Wicks","GB","WR","14","2025","16","84.2","12.5","25","16.6","2","0.1","13.3","0.13","1","50.0","13","0.9","18.3","0.81","6.50","13.00","1","1.00","","","0","0.0","1","1","0","0","1","9.1","0","","1","0.063","0","","1","50.0","0","","0","0","0.0","0","70.8","14.3","-2.5","","100.0","","","0.14","0.2","2.3","4.6","0.3","0.29","4.6"
"139","Adam Trautman","DEN","TE","17","2025","13","81.3","12.0","12","7.1","1","0.1","6.7","0.08","1","100.0","13","0.8","7.8","1.00","13.00","13.00","1","1.00","","","0","0.0","0","0","0","0","1","10.0","0","","1","0.077","0","","1","100.0","0","","1","1","100.0","0","118.8","7.1","4.3","","100.0","","","0.18","0.1","2.3","1.5","0.1","0.11","1.5"
"140","James Proche","TEN","WR","9","2025","6","85.7","13.0","13","40.6","1","0.1","16.7","0.17","1","100.0","13","1.4","52.0","2.17","13.00","13.00","0","","","","0","0.0","0","0","0","0","1","25.0","0","","0","0.000","0","","1","100.0","0","","0","0","0.0","0","118.8","16.7","4.1","","100.0","","","0.38","0.3","2.3","1.7","0.2","0.29","1.7"
"141","Omarion Hampton","LAC","RB","9","2025","3","100.0","-5.0","-10","100.0","2","0.2","100.0","0.67","2","100.0","12","1.3","100.0","4.00","6.00","6.00","22","11.00","8","4.00","0","0.0","0","0","0","0","2","100.0","0","","0","0.000","0","","2","100.0","2","100.0","0","0","0.0","0","91.7","100.0","0.1","","100.0","","","1.07","0.4","3.2","2.9","0.3","0.95","2.9"
"142","Jimmy Horn","CAR","WR","13","2025","10","100.0","-3.0","-6","300.0","2","0.2","22.2","0.20","2","100.0","12","0.9","18.2","1.20","6.00","6.00","18","9.00","9","4.50","0","0.0","0","0","0","0","0","0.0","1","0.50","1","0.100","0","","2","100.0","0","","0","0","0.0","0","91.7","25.0","1.1","","100.0","","","0.32","0.2","3.2","3.3","0.3","0.33","3.3"
"143","Xavier Restrepo","TEN","WR","2","2025","4","100.0","1.5","3","-150.0","2","1.0","50.0","0.50","1","50.0","12","6.0","70.6","3.00","6.00","12.00","22","22.00","","","0","0.0","1","0","0","0","2","100.0","0","","1","0.250","0","","1","50.0","0","","0","0","0.0","0","68.8","66.7","0.3","","100.0","","","0.55","1.1","2.2","4.2","2.1","1.05","4.2"
"144","Demarcus Robinson","SF","WR","14","2025","18","94.7","9.4","47","37.6","5","0.4","29.4","0.28","3","60.0","12","0.9","9.1","0.67","2.40","4.00","2","0.67","2","0.67","0","0.0","0","0","0","0","3","30.0","0","","1","0.056","0","","3","60.0","0","","0","0","0.0","0","64.6","29.4","-5.9","","100.0","","","0.23","0.3","4.2","8.9","0.6","0.49","8.9"
"145","Tucker Kraft","GB","TE","8","2025","8","100.0","-2.0","-2","-2.6","1","0.1","14.3","0.13","1","100.0","12","1.5","14.6","1.50","12.00","12.00","14","14.00","5","5.00","0","0.0","0","0","0","0","1","25.0","0","","1","0.125","0","","1","100.0","1","100.0","0","0","0.0","0","116.7","16.7","7.1","","100.0","","","0.28","0.3","2.2","1.5","0.2","0.19","1.5"
"146","Hunter Renfrow","CAR","WR","6","2025","24","96.0","7.4","37","31.4","5","0.8","22.7","0.21","3","60.0","12","2.0","14.8","0.50","2.40","4.00","6","2.00","1","0.33","0","0.0","1","1","0","0","4","28.6","0","","0","0.000","0","","3","60.0","1","20.0","0","0","0.0","0","64.6","27.8","-5.1","","100.0","","","0.18","0.7","4.2","9.2","1.5","0.38","9.2"
"147","Payne Durham","TB","TE","17","2025","4","100.0","-1.0","-2","-3.4","2","0.1","50.0","0.50","1","50.0","11","0.6","26.8","2.75","5.50","11.00","11","11.00","1","1.00","0","0.0","0","0","0","0","2","66.7","0","","1","0.250","1","50.0","2","100.0","0","","0","0","0.0","0","66.7","50.0","0.4","","100.0","","","0.53","0.1","2.1","3.0","0.2","0.75","3.0"
"148","Skyy Moore","SF","WR","17","2025","7","100.0","10.0","10","16.1","1","0.1","14.3","0.14","1","100.0","10","0.6","25.6","1.43","10.00","10.00","0","","","","0","0.0","0","0","0","0","1","25.0","0","","1","0.143","0","","1","100.0","0","","0","0","0.0","0","108.3","16.7","2.5","","100.0","","","0.29","0.1","2.0","1.9","0.1","0.27","1.9"
"149","Breece Hall","NYJ","RB","16","2025","2","100.0","-4.0","-4","-40.0","1","0.1","50.0","0.50","1","100.0","10","0.6","100.0","5.00","10.00","10.00","14","14.00","2","2.00","0","0.0","0","0","0","0","1","50.0","0","","1","0.500","0","","1","100.0","0","","0","0","0.0","0","108.3","50.0","4.4","","100.0","","","1.00","0.1","2.0","1.6","0.1","0.80","1.6"
"150","Matthew Golden","GB","WR","14","2025","18","94.7","8.7","26","23.6","3","0.2","17.6","0.17","2","66.7","9","0.6","8.7","0.50","3.00","4.50","8","4.00","","","0","0.0","1","1","0","1","2","20.0","0","","1","0.056","0","","2","66.7","0","","0","0","0.0","0","70.1","20.0","-4.5","","100.0","","","0.16","0.2","2.9","5.6","0.4","0.31","5.6"
"151","Oronde Gadsden","LAC","TE","15","2025","24","72.7","7.7","23","28.4","3","0.2","11.1","0.13","1","33.3","9","0.6","6.7","0.38","3.00","9.00","11","11.00","5","5.00","0","0.0","1","0","0","0","3","14.3","1","1.00","1","0.042","1","33.3","2","66.7","0","","0","0","0.0","0","2.8","12.5","-4.4","","100.0","","","0.08","0.1","1.9","6.3","0.4","0.26","6.3"
"152","Lucas Krull","DEN","TE","3","2025","5","83.3","7.0","7","8.1","1","0.3","16.7","0.20","1","100.0","9","3.0","75.0","1.80","9.00","9.00","2","2.00","1","1.00","0","0.0","0","0","0","0","1","20.0","0","","0","0.000","0","","1","100.0","0","","0","0","0.0","0","104.2","16.7","1.7","","100.0","","","0.38","0.6","1.9","1.4","0.5","0.29","1.4"
"153","Darnell Mooney","ATL","WR","15","2025","20","95.2","9.0","9","6.0","1","0.1","5.0","0.05","1","100.0","9","0.6","10.7","0.45","9.00","9.00","0","","","","0","0.0","1","0","0","0","1","8.3","0","","1","0.050","0","","1","100.0","0","","0","0","0.0","0","104.2","5.0","1.5","","100.0","","","0.10","0.1","1.9","1.1","0.1","0.05","1.1"
"154","Elic Ayomanor","TEN","WR","16","2025","11","78.6","11.8","59","66.3","5","0.3","45.5","0.45","1","20.0","9","0.6","21.4","0.82","1.80","9.00","4","4.00","","","0","0.0","0","0","0","1","4","44.4","0","","0","0.000","0","","2","40.0","0","","1","0","0.0","0","0.0","45.5","-7.0","","100.0","","","0.17","0.1","1.9","7.9","0.5","0.72","7.9"
"155","Eric Saubert","SEA","TE","11","2025","2","40.0","8.0","8","27.6","1","0.1","20.0","0.50","1","100.0","9","0.8","13.2","4.50","9.00","9.00","1","1.00","1","1.00","0","0.0","0","0","0","0","0","0.0","0","","1","0.500","0","","1","100.0","0","","0","0","0.0","0","104.2","20.0","1.3","","100.0","","","0.95","0.2","1.9","1.1","0.1","0.57","1.1"
"156","Marquez Valdes-Scantling","SF, PIT","WR","10","2025","10","76.9","8.7","26","32.1","3","0.3","23.1","0.30","1","33.3","9","0.9","10.5","0.90","3.00","9.00","0","","","","0","0.0","0","0","0","0","2","22.2","0","","0","0.000","0","","1","33.3","0","","1","1","100.0","0","42.4","25.0","-4.6","","100.0","","","0.19","0.2","1.9","4.5","0.5","0.45","4.5"
"157","KaVontae Turpin","DAL","WR","15","2025","25","100.0","-2.0","-4","-2.0","2","0.1","8.3","0.08","1","50.0","9","0.6","4.1","0.36","4.50","9.00","14","14.00","1","1.00","0","0.0","0","0","0","0","0","0.0","0","","0","0.000","0","","2","100.0","0","","0","0","0.0","0","62.5","8.7","-0.1","","100.0","","","0.08","0.1","1.9","3.4","0.2","0.14","3.4"
"158","Ashton Jeanty","LV","RB","17","2025","4","100.0","-5.0","-5","62.5","1","0.1","33.3","0.25","1","100.0","8","0.5","57.1","2.00","8.00","8.00","13","13.00","5","5.00","0","0.0","1","0","0","0","1","50.0","0","","0","0.000","0","","1","100.0","1","100.0","0","0","0.0","0","100.0","33.3","2.1","","100.0","","","0.45","0.1","1.8","3.1","0.2","0.78","3.1"
"159","Tommy Tremble","CAR","TE","17","2025","20","90.9","8.0","16","20.5","2","0.1","10.0","0.10","1","50.0","8","0.5","10.1","0.40","4.00","8.00","7","7.00","","","0","0.0","0","0","0","0","2","18.2","0","","1","0.050","0","","1","50.0","0","","2","1","50.0","0","60.4","12.5","-4.2","","100.0","","","0.09","0.1","1.8","3.0","0.2","0.15","3.0"
"160","Ty Johnson","BUF","RB","17","2025","4","100.0","-4.5","-9","180.0","2","0.1","50.0","0.50","2","100.0","8","0.5","53.3","2.00","4.00","4.00","17","8.50","6","3.00","0","0.0","0","0","0","0","2","66.7","2","1.00","1","0.250","0","","2","100.0","2","100.0","0","0","0.0","0","83.3","66.7","-1.7","","100.0","","","0.70","0.2","2.8","2.9","0.2","0.74","2.9"
"161","Britain Covey","PHI","WR","6","2025","5","100.0","5.0","5","7.4","1","0.2","20.0","0.20","1","100.0","8","1.3","24.2","1.60","8.00","8.00","3","3.00","1","1.00","0","0.0","0","0","0","0","1","33.3","0","","1","0.200","0","","1","100.0","0","","0","0","0.0","0","100.0","25.0","1.6","","100.0","","","0.36","0.3","1.8","1.6","0.3","0.32","1.6"
"162","Charlie Woerner","ATL","TE","17","2025","3","100.0","7.0","7","15.9","1","0.1","33.3","0.33","1","100.0","8","0.5","50.0","2.67","8.00","8.00","1","1.00","","","0","0.0","1","0","0","0","1","50.0","0","","0","0.000","0","","1","100.0","0","","1","1","100.0","0","100.0","33.3","0.7","","100.0","","","0.60","0.1","1.8","1.9","0.1","0.65","1.9"
"163","Tee Higgins","CIN","WR","15","2025","2","100.0","7.0","7","63.6","1","0.1","50.0","0.50","1","100.0","8","0.5","100.0","4.00","8.00","8.00","1","1.00","1","1.00","0","0.0","0","0","0","0","1","100.0","0","","0","0.000","0","","1","100.0","0","","1","1","100.0","0","100.0","50.0","0.9","","100.0","","","0.90","0.1","1.8","1.5","0.1","0.75","1.5"
"164","Stone Smartt","NYJ","TE","8","2025","5","83.3","4.0","8","21.6","2","0.3","40.0","0.40","2","100.0","8","1.0","38.1","1.60","4.00","4.00","0","","","","0","0.0","0","0","0","0","2","50.0","0","","0","0.000","0","","2","100.0","0","","1","1","100.0","0","83.3","40.0","-2.1","","100.0","","","0.56","0.4","2.8","2.6","0.3","0.52","2.6"
"165","John Metchie","PHI, NYJ","WR","16","2025","14","93.3","0.0","0","0.0","2","0.1","16.7","0.14","2","100.0","8","0.5","6.9","0.57","4.00","4.00","8","4.00","3","1.50","0","0.0","0","0","0","0","1","12.5","0","","1","0.071","0","","2","100.0","1","50.0","0","0","0.0","0","83.3","18.2","-1.2","","100.0","","","0.20","0.2","2.8","3.0","0.2","0.22","3.0"
"166","Isaiah Hodgins","NYG","WR","7","2025","9","90.0","0.0","0","0.0","1","0.1","14.3","0.11","1","100.0","8","1.1","20.0","0.89","8.00","8.00","8","8.00","8","8.00","0","0.0","0","0","0","0","1","20.0","1","1.00","0","0.000","0","","1","100.0","0","","0","0","0.0","0","100.0","16.7","2.0","","100.0","","","0.20","0.3","1.8","1.5","0.2","0.16","1.5"
"167","Cade Stover","HST","TE","9","2025","2","100.0","0.5","1","100.0","2","0.2","100.0","1.00","1","50.0","8","0.9","100.0","4.00","4.00","8.00","9","9.00","3","3.00","0","0.0","0","0","0","0","2","100.0","0","","1","0.500","0","","2","100.0","0","","1","0","0.0","0","60.4","100.0","-1.6","","100.0","","","0.90","0.2","1.8","2.8","0.3","1.41","2.8"
"168","Keaton Mitchell","BLT","RB","13","2025","2","100.0","-5.5","-11","100.0","2","0.2","100.0","1.00","1","50.0","7","0.5","100.0","3.50","3.50","7.00","12","12.00","-1","-1.00","0","0.0","0","0","0","0","2","100.0","0","","0","0.000","0","","1","50.0","2","100.0","0","0","0.0","0","58.3","100.0","-2.0","","100.0","","","0.85","0.1","1.7","2.6","0.2","1.31","2.6"
"169","Jordan Addison","MIN","WR","14","2025","5","83.3","1.5","3","42.9","2","0.1","33.3","0.40","1","50.0","7","0.5","38.9","1.40","3.50","7.00","6","6.00","6","6.00","0","0.0","1","0","0","0","2","33.3","1","1.00","0","0.000","0","","1","50.0","0","","0","0","0.0","0","58.3","33.3","-1.7","","100.0","","","0.34","0.1","1.7","2.5","0.2","0.51","2.5"
"170","Jauan Jennings","SF","WR","15","2025","19","95.0","9.0","36","26.1","4","0.3","22.2","0.21","1","25.0","7","0.5","6.9","0.37","1.75","7.00","2","2.00","1","1.00","0","0.0","1","0","0","0","3","30.0","0","","0","0.000","0","","2","50.0","0","","1","0","0.0","0","39.6","22.2","-5.7","","100.0","","","0.09","0.1","1.7","8.1","0.5","0.43","8.1"
"171","Nick Westbrook-Ikhine","MIA","WR","15","2025","4","66.7","7.0","7","70.0","1","0.1","25.0","0.25","1","100.0","7","0.5","24.1","1.75","7.00","7.00","0","","","","0","0.0","0","0","0","0","0","0.0","0","","1","0.250","0","","1","100.0","0","","0","0","0.0","0","95.8","25.0","-0.1","","100.0","","","0.43","0.1","1.7","2.9","0.2","0.72","2.9"
"172","Tyler Johnson","NYJ","WR","12","2025","10","83.3","3.0","3","5.2","1","0.1","9.1","0.10","1","100.0","7","0.6","17.5","0.70","7.00","7.00","4","4.00","3","3.00","0","0.0","0","0","0","0","1","20.0","2","2.00","0","0.000","0","","1","100.0","0","","0","0","0.0","0","95.8","11.1","1.6","","100.0","","","0.17","0.1","1.7","1.3","0.1","0.13","1.3"
"173","Darius Cooper","PHI","WR","13","2025","7","87.5","2.0","4","11.1","2","0.2","28.6","0.29","2","100.0","7","0.5","25.0","1.00","3.50","3.50","3","1.50","1","0.50","0","0.0","0","0","0","0","1","33.3","0","","0","0.000","0","","2","100.0","0","","0","0","0.0","0","81.3","28.6","-1.8","","100.0","","","0.39","0.2","2.7","2.7","0.2","0.39","2.7"
"174","Connor Heyward","PIT","TE","16","2025","2","50.0","4.0","4","100.0","1","0.1","25.0","0.50","1","100.0","6","0.4","30.0","3.00","6.00","6.00","2","2.00","1","1.00","0","0.0","0","0","0","0","1","25.0","0","","0","0.000","0","","1","100.0","0","","0","0","0.0","0","91.7","25.0","-0.1","","100.0","","","0.80","0.1","1.6","1.4","0.1","0.71","1.4"
"175","Luke Musgrave","GB","TE","17","2025","7","100.0","6.0","6","24.0","1","0.1","14.3","0.14","1","100.0","6","0.4","12.8","0.86","6.00","6.00","0","","","","0","0.0","0","0","0","0","1","20.0","0","","0","0.000","0","","1","100.0","0","","1","1","100.0","0","91.7","16.7","-1.1","","100.0","","","0.23","0.1","1.6","1.7","0.1","0.24","1.7"
"176","Dylan Drummond","ATL","WR","9","2025","3","100.0","1.5","3","25.0","2","0.2","66.7","0.67","2","100.0","6","0.7","100.0","2.00","3.00","3.00","3","1.50","3","1.50","0","0.0","0","0","0","0","1","50.0","0","","1","0.333","0","","2","100.0","0","","0","0","0.0","0","79.2","66.7","-2.7","","100.0","","","0.87","0.3","2.6","3.0","0.3","0.99","3.0"
"177","Treylon Burks","WAS","WR","8","2025","7","100.0","4.0","4","15.4","1","0.1","16.7","0.14","1","100.0","6","0.8","26.1","0.86","6.00","6.00","2","2.00","1","1.00","0","0.0","0","0","0","0","1","20.0","0","","1","0.143","0","","1","100.0","0","","0","0","0.0","0","91.7","20.0","0.0","","100.0","","","0.23","0.2","1.6","1.4","0.2","0.20","1.4"
"178","Trey Benson","ARZ","RB","4","2025","2","100.0","-2.0","-2","33.3","1","0.3","50.0","0.50","1","100.0","6","1.5","75.0","3.00","6.00","6.00","8","8.00","2","2.00","0","0.0","0","0","0","0","0","0.0","0","","0","0.000","0","","1","100.0","0","","0","0","0.0","0","91.7","50.0","-0.2","","100.0","","","0.80","0.4","1.6","1.5","0.4","0.77","1.5"
"179","Davante Adams","LA","WR","14","2025","5","100.0","3.5","7","17.9","2","0.1","40.0","0.40","1","50.0","6","0.4","42.9","1.20","3.00","6.00","3","3.00","2","2.00","0","0.0","0","0","0","0","2","66.7","1","1.00","0","0.000","0","","1","50.0","0","","0","0","0.0","0","56.3","40.0","-2.7","","100.0","","","0.32","0.1","1.6","2.8","0.2","0.56","2.8"
"180","Terrance Ferguson","LA","TE","13","2025","16","100.0","19.3","77","38.5","4","0.3","25.0","0.25","1","25.0","6","0.5","4.5","0.38","1.50","6.00","1","1.00","1","1.00","0","0.0","0","1","0","2","3","33.3","0","","0","0.000","0","","1","25.0","0","","0","0","0.0","0","39.6","28.6","-9.7","","100.0","","","0.10","0.1","1.6","8.0","0.6","0.50","8.0"
"181","Jalen Coker","CAR","WR","11","2025","32","94.1","10.0","20","11.4","2","0.2","6.9","0.06","1","50.0","5","0.5","3.0","0.16","2.50","5.00","3","3.00","-1","-1.00","0","0.0","0","0","0","0","1","6.7","0","","0","0.000","0","","1","50.0","0","","0","0","0.0","0","56.3","8.3","-5.6","","100.0","","","0.05","0.1","1.5","3.0","0.3","0.09","3.0"
"182","Jalen McMillan","TB","WR","4","2025","2","66.7","5.0","5","33.3","1","0.3","33.3","0.50","1","100.0","5","1.3","45.5","2.50","5.00","5.00","0","","","","0","0.0","0","0","0","0","1","50.0","0","","0","0.000","0","","1","100.0","0","","0","0","0.0","0","87.5","33.3","-1.4","","100.0","","","0.75","0.4","1.5","1.4","0.3","0.69","1.4"
"183","Elijah Arroyo","SEA","TE","13","2025","3","42.9","2.5","5","25.0","2","0.2","28.6","0.67","1","50.0","5","0.4","14.7","1.67","2.50","5.00","1","1.00","","","0","0.0","1","0","0","0","2","28.6","0","","0","0.000","0","","2","100.0","0","","1","0","0.0","0","56.3","28.6","-3.4","","100.0","","","0.50","0.1","1.5","3.1","0.2","1.02","3.1"
"184","Jaylen Warren","PIT","RB","16","2025","2","100.0","-5.0","-5","100.0","1","0.1","100.0","0.50","1","100.0","5","0.3","100.0","2.50","5.00","5.00","10","10.00","4","4.00","0","0.0","0","0","0","0","1","100.0","0","","0","0.000","0","","1","100.0","1","100.0","0","0","0.0","0","87.5","100.0","-0.9","","100.0","","","0.75","0.1","1.5","1.4","0.1","0.69","1.4"
"185","Dallas Goedert","PHI","TE","15","2025","33","91.7","12.5","25","13.0","2","0.1","7.1","0.06","1","50.0","4","0.3","1.8","0.12","2.00","4.00","-2","-2.00","-1","-1.00","0","0.0","1","1","0","0","2","11.1","0","","0","0.000","0","","1","50.0","0","","1","1","100.0","0","56.3","7.4","-6.8","","100.0","","","0.04","0.1","1.4","5.6","0.4","0.17","5.6"
"186","Ameer Abdullah","IND","RB","13","2025","1","50.0","-2.0","-2","100.0","1","0.1","50.0","1.00","1","100.0","4","0.3","100.0","4.00","4.00","4.00","6","6.00","2","2.00","0","0.0","0","0","0","0","1","100.0","0","","1","1.000","0","","1","100.0","0","","0","0","0.0","0","83.3","100.0","-2.2","","100.0","","","1.40","0.1","1.4","1.5","0.1","1.48","1.5"
"187","Tetairoa McMillan","CAR","WR","17","2025","18","94.7","4.0","4","3.3","1","0.1","5.9","0.06","1","100.0","4","0.2","3.6","0.22","4.00","4.00","0","","","","0","0.0","0","0","0","0","1","10.0","0","","1","0.056","0","","1","100.0","0","","1","1","100.0","0","83.3","5.9","-2.0","","100.0","","","0.08","0.1","1.4","1.3","0.1","0.07","1.3"
"188","Mason Taylor","NYJ","TE","13","2025","14","93.3","4.0","4","6.1","1","0.1","8.3","0.07","1","100.0","4","0.3","13.3","0.29","4.00","4.00","0","","","","0","0.0","0","0","0","0","1","14.3","0","","1","0.071","0","","1","100.0","0","","0","0","0.0","0","83.3","9.1","-2.1","","100.0","","","0.10","0.1","1.4","1.5","0.1","0.11","1.5"
"189","Jordan Whittington","LA","WR","17","2025","18","90.0","2.3","7","4.7","3","0.2","15.0","0.17","1","33.3","3","0.2","2.9","0.17","1.00","3.00","-1","-1.00","-1","-1.00","0","0.0","0","0","0","0","3","17.6","0","","0","0.000","1","33.3","2","66.7","0","","1","1","100.0","0","42.4","15.0","-4.8","","100.0","","","0.07","0.1","1.3","5.5","0.3","0.31","5.5"
"190","Tez Johnson","TB","WR","16","2025","18","90.0","18.0","36","41.9","2","0.1","10.5","0.11","1","50.0","3","0.2","3.0","0.17","1.50","3.00","7","7.00","","","0","0.0","1","0","0","1","2","16.7","0","","0","0.000","0","","1","50.0","1","50.0","0","0","0.0","0","56.3","11.8","-8.2","","100.0","","","0.07","0.1","1.3","2.5","0.2","0.14","2.5"
"191","Scott Miller","PIT","WR","13","2025","5","100.0","-2.0","-2","-10.0","1","0.1","25.0","0.20","1","100.0","3","0.2","75.0","0.60","3.00","3.00","5","5.00","1","1.00","0","0.0","1","0","0","0","1","33.3","0","","0","0.000","0","","1","100.0","1","100.0","0","0","0.0","0","79.2","25.0","-2.5","","100.0","","","0.26","0.1","1.3","1.6","0.1","0.32","1.6"
"192","Alvin Kamara","NO","RB","11","2025","5","100.0","-5.0","-5","-166.7","1","0.1","25.0","0.20","1","100.0","2","0.2","100.0","0.40","2.00","2.00","7","7.00","","","0","0.0","0","0","0","0","1","50.0","0","","0","0.000","0","","1","100.0","1","100.0","0","0","0.0","0","79.2","50.0","-3.9","","100.0","","","0.24","0.1","1.2","1.4","0.1","0.27","1.4"
"193","Brevyn Spann-Ford","DAL","TE","17","2025","3","60.0","1.0","1","5.6","1","0.1","20.0","0.33","1","100.0","2","0.1","13.3","0.67","2.00","2.00","1","1.00","","","0","0.0","0","0","0","0","1","50.0","0","","0","0.000","0","","1","100.0","0","","0","0","0.0","0","79.2","20.0","-3.8","","100.0","","","0.40","0.1","1.2","1.5","0.1","0.49","1.5"
"194","Jalen Royals","KC","WR","7","2025","3","100.0","-2.0","-2","28.6","1","0.1","33.3","0.33","1","100.0","2","0.3","28.6","0.67","2.00","2.00","4","4.00","1","1.00","0","0.0","0","0","0","0","1","100.0","0","","0","0.000","0","","1","100.0","1","100.0","0","0","0.0","0","79.2","50.0","-3.5","","100.0","","","0.40","0.2","1.2","1.6","0.2","0.52","1.6"
"195","Trevor Etienne","CAR","RB","17","2025","2","100.0","-3.0","-3","-150.0","1","0.1","50.0","0.50","1","100.0","2","0.1","15.4","1.00","2.00","2.00","5","5.00","5","5.00","0","0.0","0","0","0","0","0","0.0","2","2.00","0","0.000","0","","1","100.0","0","","0","0","0.0","0","79.2","50.0","-4.1","","100.0","","","0.60","0.1","1.2","1.6","0.1","0.80","1.6"
"196","Dyami Brown","JAX","WR","14","2025","8","100.0","17.3","52","77.6","3","0.2","60.0","0.38","1","33.3","2","0.1","33.3","0.25","0.67","2.00","6","6.00","6","6.00","0","0.0","2","1","0","2","2","66.7","0","","0","0.000","0","","1","33.3","1","33.3","0","0","0.0","0","42.4","60.0","-9.5","","100.0","","","0.15","0.1","1.2","6.8","0.5","0.85","6.8"
"197","Jonathan Taylor","IND","RB","17","2025","8","100.0","-4.0","-8","-11.4","2","0.1","28.6","0.25","2","100.0","1","0.1","1.2","0.13","0.50","0.50","9","4.50","1","0.50","0","0.0","0","0","0","0","1","16.7","0","","0","0.000","0","","2","100.0","1","50.0","0","0","0.0","0","79.2","28.6","-5.5","","100.0","","","0.26","0.1","2.1","3.1","0.2","0.38","3.1"
"198","Marvin Mims","DEN","WR","15","2025","22","88.0","7.8","31","17.1","4","0.3","16.7","0.18","3","75.0","1","0.1","0.7","0.05","0.25","0.33","4","1.33","1","0.33","0","0.0","1","1","0","1","4","21.1","0","","0","0.000","0","","3","75.0","2","50.0","0","0","0.0","0","77.1","17.4","-7.1","","100.0","","","0.14","0.2","3.1","6.6","0.4","0.30","6.6"
"199","TreVeyon Henderson","NE","RB","17","2025","4","100.0","-1.0","-1","-12.5","1","0.1","25.0","0.25","1","100.0","-1","-0.1","-4.3","-0.25","-1.00","-1.00","0","","","","0","0.0","0","0","0","0","0","0.0","0","","0","0.000","0","","1","100.0","0","","0","0","0.0","0","79.2","25.0","-6.8","","100.0","","","0.23","0.1","0.9","1.6","0.1","0.41","1.6"
"200","Elijah Higgins","ARZ","TE","17","2025","27","87.1","-2.0","-2","-1.0","1","0.1","3.4","0.04","1","100.0","-1","-0.1","-0.6","-0.04","-1.00","-1.00","1","1.00","-1","-1.00","0","0.0","0","0","0","0","0","0.0","0","","0","0.000","0","","1","100.0","0","","0","0","0.0","0","79.2","3.7","-5.9","","100.0","","","0.03","0.1","0.9","1.5","0.1","0.06","1.5"
"201","Elijah Moore","BUF","WR","9","2025","4","100.0","-6.0","-6","-42.9","1","0.1","25.0","0.25","1","100.0","-3","-0.3","-25.0","-0.75","-3.00","-3.00","3","3.00","","","0","0.0","0","0","0","0","1","33.3","0","","0","0.000","0","","1","100.0","1","100.0","0","0","0.0","0","79.2","25.0","-6.7","","100.0","","","0.18","0.1","0.7","1.2","0.1","0.31","1.2"
"202","Tyreek Hill","MIA","WR","4","2025","5","83.3","0.0","0","0.0","0","0.0","0.0","","0","","0","0.0","0.0","","0.00","","0","","","","0","0.0","0","0","0","0","0","0.0","0","","0","0.000","0","","0","","0","","0","0","0.0","0","0.0","","","","100.0","","","0.00","","0.0","0.0","0.0","0.00","0.0"
"203","Kyle Monangai","CHI","RB","17","2025","1","100.0","0.0","0","0.0","0","0.0","0.0","","0","","0","0.0","0.0","","0.00","","0","","","","0","0.0","0","0","0","0","0","0.0","0","","0","0.000","0","","0","","0","","0","0","0.0","0","0.0","","","","100.0","","","0.00","","0.0","0.0","0.0","0.00","0.0"
"204","Simi Fehoko","ARZ","WR","7","2025","1","100.0","0.0","0","0.0","0","0.0","0.0","","0","","0","0.0","0.0","","0.00","","0","","","","0","0.0","0","0","0","0","0","0.0","0","","0","0.000","0","","0","","0","","0","0","0.0","0","0.0","","","","100.0","","","0.00","","0.0","0.0","0.0","0.00","0.0"
"205","Quentin Skinner","NYJ","WR","1","2025","1","100.0","0.0","0","0.0","0","0.0","0.0","","0","","0","0.0","0.0","","0.00","","0","","","","0","0.0","0","0","0","0","0","0.0","0","","0","0.000","0","","0","","0","","0","0","0.0","0","0.0","","","","100.0","","","0.00","","0.0","0.0","0.0","0.00","0.0"
"206","Blake Whiteheart","CLV","TE","16","2025","4","100.0","0.0","0","0.0","0","0.0","0.0","","0","","0","0.0","0.0","","0.00","","0","","","","0","0.0","0","0","0","0","0","0.0","0","","0","0.000","0","","0","","0","","0","0","0.0","0","0.0","","","","100.0","","","0.00","","0.0","0.0","0.0","0.00","0.0"
"207","Devin Culp","TB","TE","11","2025","1","100.0","0.0","0","0.0","0","0.0","0.0","","0","","0","0.0","0.0","","0.00","","0","","","","0","0.0","0","0","0","0","0","0.0","0","","0","0.000","0","","0","","0","","0","0","0.0","0","0.0","","","","100.0","","","0.00","","0.0","0.0","0.0","0.00","0.0"
"208","Justin Watson","HST","WR","3","2025","1","100.0","0.0","0","0.0","0","0.0","0.0","","0","","0","0.0","0.0","","0.00","","0","","","","0","0.0","0","0","0","0","0","0.0","0","","0","0.000","0","","0","","0","","0","0","0.0","0","0.0","","","","100.0","","","0.00","","0.0","0.0","0.0","0.00","0.0"
"209","Kayshon Boutte","NE","WR","14","2025","5","83.3","0.0","0","0.0","0","0.0","0.0","","0","","0","0.0","0.0","","0.00","","0","","","","0","0.0","0","0","0","0","0","0.0","0","","0","0.000","0","","0","","0","","0","0","0.0","0","0.0","","","","100.0","","","0.00","","0.0","0.0","0.0","0.00","0.0"
"210","Tutu Atwell","LA","WR","10","2025","18","85.7","0.0","0","0.0","0","0.0","0.0","","0","","0","0.0","0.0","","0.00","","0","","","","0","0.0","0","0","0","0","0","0.0","0","","0","0.000","0","","0","","0","","0","0","0.0","0","0.0","","","","100.0","","","0.00","","0.0","0.0","0.0","0.00","0.0"
"211","Josh Oliver","MIN","TE","15","2025","2","100.0","0.0","0","0.0","0","0.0","0.0","","0","","0","0.0","0.0","","0.00","","0","","","","0","0.0","0","0","0","0","0","0.0","0","","0","0.000","0","","0","","0","","0","0","0.0","0","0.0","","","","100.0","","","0.00","","0.0","0.0","0.0","0.00","0.0"
"212","Tony Pollard","TEN","RB","17","2025","3","100.0","0.0","0","0.0","0","0.0","0.0","","0","","0","0.0","0.0","","0.00","","0","","","","0","0.0","0","0","0","0","0","0.0","0","","0","0.000","0","","0","","0","","0","0","0.0","0","0.0","","","","100.0","","","0.00","","0.0","0.0","0.0","0.00","0.0"
"213","Darnell Washington","PIT","TE","16","2025","5","62.5","0.0","0","0.0","0","0.0","0.0","","0","","0","0.0","0.0","","0.00","","0","","","","0","0.0","0","0","0","0","0","0.0","0","","0","0.000","0","","0","","0","","0","0","0.0","0","0.0","","","","100.0","","","0.00","","0.0","0.0","0.0","0.00","0.0"
"214","Cedric Tillman","CLV","WR","13","2025","9","81.8","0.0","0","0.0","0","0.0","0.0","","0","","0","0.0","0.0","","0.00","","0","","","","0","0.0","0","0","0","0","0","0.0","0","","0","0.000","0","","0","","0","","0","0","0.0","0","0.0","","","","100.0","","","0.00","","0.0","0.0","0.0","0.00","0.0"
"215","Austin Ekeler","WAS","RB","2","2025","1","100.0","0.0","0","0.0","0","0.0","0.0","","0","","0","0.0","0.0","","0.00","","0","","","","0","0.0","0","0","0","0","0","0.0","0","","0","0.000","0","","0","","0","","0","0","0.0","0","0.0","","","","100.0","","","0.00","","0.0","0.0","0.0","0.00","0.0"
"216","Dee Eskridge","MIA","WR","13","2025","3","100.0","0.0","0","0.0","0","0.0","0.0","","0","","0","0.0","0.0","","0.00","","0","","","","0","0.0","0","0","0","0","0","0.0","0","","0","0.000","0","","0","","0","","0","0","0.0","0","0.0","","","","100.0","","","0.00","","0.0","0.0","0.0","0.00","0.0"
"217","Jahan Dotson","PHI","WR","17","2025","25","96.2","21.0","21","12.9","1","0.1","4.5","0.04","0","","0","0.0","0.0","","0.00","","0","","","","0","0.0","1","1","0","1","1","5.6","0","","0","0.000","0","","0","","0","","0","0","0.0","0","0.0","5.0","-11.2","","100.0","","","0.00","","0.0","2.3","0.1","0.09","2.3"
"218","Thomas Fidone","NYG","TE","2","2025","1","100.0","0.0","0","0.0","0","0.0","0.0","","0","","0","0.0","0.0","","0.00","","0","","","","0","0.0","0","0","0","0","0","0.0","0","","0","0.000","0","","0","","0","","0","0","0.0","0","0.0","","","","100.0","","","0.00","","0.0","0.0","0.0","0.00","0.0"
"219","Gunner Olszewski","NYG","WR","16","2025","2","100.0","0.0","0","0.0","0","0.0","0.0","","0","","0","0.0","0.0","","0.00","","0","","","","0","0.0","0","0","0","0","0","0.0","0","","0","0.000","0","","0","","0","","0","0","0.0","0","0.0","","","","100.0","","","0.00","","0.0","0.0","0.0","0.00","0.0"
"220","Isaiah Bond","CLV","WR","16","2025","17","85.0","25.5","51","42.5","2","0.1","11.1","0.12","0","","0","0.0","0.0","","0.00","","0","","","","0","0.0","0","0","0","1","2","20.0","0","","0","0.000","0","","1","50.0","0","","1","0","0.0","0","39.6","12.5","-11.9","","100.0","","","0.00","","0.0","4.1","0.3","0.24","4.1"
"221","Alec Pierce","IND","WR","15","2025","7","100.0","0.0","0","0.0","0","0.0","0.0","","0","","0","0.0","0.0","","0.00","","0","","","","0","0.0","0","0","0","0","0","0.0","0","","0","0.000","0","","0","","0","","0","0","0.0","0","0.0","","","","100.0","","","0.00","","0.0","3.3","0.2","0.47","3.3"
"222","Shane Zylstra","DET","TE","5","2025","3","75.0","0.0","0","0.0","0","0.0","0.0","","0","","0","0.0","0.0","","0.00","","0","","","","0","0.0","0","0","0","0","0","0.0","0","","0","0.000","0","","0","","0","","0","0","0.0","0","0.0","","","","100.0","","","0.00","","0.0","0.0","0.0","0.00","0.0"
"223","Jeremy McNichols","WAS","RB","17","2025","7","87.5","-2.0","-2","-2.3","1","0.1","14.3","0.14","1","100.0","0","0.0","0.0","","0.00","","2","2.00","","","0","0.0","0","0","0","0","0","0.0","0","","0","0.000","0","","1","100.0","0","","0","0","0.0","0","79.2","14.3","-6.2","","100.0","","","0.14","0.1","1.0","1.5","0.1","0.21","1.5"
"224","Zach Charbonnet","SEA","RB","16","2025","2","100.0","-2.0","-2","-100.0","1","0.1","50.0","0.50","1","100.0","0","0.0","0.0","","0.00","","2","2.00","","","0","0.0","0","0","0","0","1","50.0","0","","0","0.000","0","","1","100.0","1","100.0","0","0","0.0","0","79.2","50.0","-6.2","","100.0","","","0.50","0.1","1.0","1.6","0.1","0.79","1.6"
"225","Rachaad White","TB","RB","17","2025","1","100.0","0.0","0","0.0","0","0.0","0.0","","0","","0","0.0","0.0","","0.00","","0","","","","0","0.0","0","0","0","0","0","0.0","0","","0","0.000","0","","0","","0","","0","0","0.0","0","0.0","","","","100.0","","","0.00","","0.0","0.0","0.0","0.00","0.0"
"226","DeAndre Hopkins","BLT","WR","17","2025","5","83.3","0.0","0","0.0","0","0.0","0.0","","0","","0","0.0","0.0","","0.00","","0","","","","0","0.0","0","0","0","0","0","0.0","0","","0","0.000","0","","0","","0","","0","0","0.0","0","0.0","","","","100.0","","","0.00","","0.0","0.0","0.0","0.00","0.0"
"227","Devin Singletary","NYG","RB","17","2025","2","100.0","0.0","0","0.0","0","0.0","0.0","","0","","0","0.0","0.0","","0.00","","0","","","","0","0.0","0","0","0","0","0","0.0","0","","0","0.000","0","","0","","0","","0","0","0.0","0","0.0","","","","100.0","","","0.00","","0.0","0.0","0.0","0.00","0.0"
"228","Laquon Treadwell","IND","WR","9","2025","1","100.0","0.0","0","0.0","0","0.0","0.0","","0","","0","0.0","0.0","","0.00","","0","","","","0","0.0","0","0","0","0","0","0.0","0","","0","0.000","0","","0","","0","","0","0","0.0","0","0.0","","","","100.0","","","0.00","","0.0","0.0","0.0","0.00","0.0"
"229","Robert Tonyan","KC","TE","16","2025","1","100.0","0.0","0","0.0","0","0.0","0.0","","0","","0","0.0","0.0","","0.00","","0","","","","0","0.0","0","0","0","0","0","0.0","0","","0","0.000","0","","0","","0","","0","0","0.0","0","0.0","","","","100.0","","","0.00","","0.0","0.0","0.0","0.00","0.0"
"230","Ashton Dulin","IND","WR","12","2025","4","66.7","0.0","0","0.0","0","0.0","0.0","","0","","0","0.0","0.0","","0.00","","0","","","","0","0.0","0","0","0","0","0","0.0","0","","0","0.000","0","","0","","0","","0","0","0.0","0","0.0","","","","100.0","","","0.00","","0.0","0.0","0.0","0.00","0.0"
"231","Mo Alie-Cox","IND","TE","17","2025","6","100.0","0.0","0","0.0","0","0.0","0.0","","0","","0","0.0","0.0","","0.00","","0","","","","0","0.0","0","0","0","0","0","0.0","0","","0","0.000","0","","0","","0","","0","0","0.0","0","0.0","","","","100.0","","","0.00","","0.0","0.0","0.0","0.00","0.0"
"232","Anthony Firkser","DET","TE","7","2025","5","100.0","0.0","0","0.0","0","0.0","0.0","","0","","0","0.0","0.0","","0.00","","0","","","","0","0.0","0","0","0","0","0","0.0","0","","0","0.000","0","","0","","0","","0","0","0.0","0","0.0","","","","100.0","","","0.00","","0.0","0.0","0.0","0.00","0.0"
"233","Isaiah Davis","NYJ","RB","16","2025","2","100.0","0.0","0","0.0","0","0.0","0.0","","0","","0","0.0","0.0","","0.00","","0","","","","0","0.0","0","0","0","0","0","0.0","0","","0","0.000","0","","0","","0","","0","0","0.0","0","0.0","","","","100.0","","","0.00","","0.0","0.0","0.0","0.00","0.0"
"234","Colby Parkinson","LA","TE","15","2025","9","100.0","0.0","0","0.0","0","0.0","0.0","","0","","0","0.0","0.0","","0.00","","0","","","","0","0.0","0","0","0","0","0","0.0","0","","0","0.000","0","","0","","0","","0","0","0.0","0","0.0","","","","100.0","","","0.00","","0.0","0.0","0.0","0.00","0.0"
"235","Tanner Conner","MIA","TE","9","2025","4","66.7","6.0","6","300.0","1","0.1","33.3","0.25","0","","0","0.0","0.0","","0.00","","0","","","","0","0.0","1","0","0","0","0","0.0","0","","0","0.000","1","100.0","1","100.0","0","","0","0","0.0","0","39.6","33.3","-7.1","","100.0","","","0.00","","0.0","1.8","0.2","0.44","1.8"
"236","Xavier Weaver","ARZ","WR","9","2025","8","88.9","0.0","0","0.0","0","0.0","0.0","","0","","0","0.0","0.0","","0.00","","0","","","","0","0.0","0","0","0","0","0","0.0","0","","0","0.000","0","","0","","0","","0","0","0.0","0","0.0","","","","100.0","","","0.00","","0.0","0.0","0.0","0.00","0.0"
"237","Mason Tipton","NO","WR","13","2025","14","93.3","14.0","14","20.6","1","0.1","7.1","0.07","0","","0","0.0","0.0","","0.00","","0","","","","0","0.0","0","0","0","0","1","12.5","0","","0","0.000","0","","1","100.0","0","","1","0","0.0","0","39.6","7.7","-9.8","","100.0","","","0.00","","0.0","1.9","0.1","0.14","1.9"
"238","Konata Mumpfield","LA","WR","17","2025","4","100.0","0.0","0","0.0","0","0.0","0.0","","0","","0","0.0","0.0","","0.00","","0","","","","0","0.0","0","0","0","0","0","0.0","0","","0","0.000","0","","0","","0","","0","0","0.0","0","0.0","","","","100.0","","","0.00","","0.0","0.0","0.0","0.00","0.0"
"239","Jalen Brooks","ARZ, DAL","WR","6","2025","4","100.0","0.0","0","0.0","0","0.0","0.0","","0","","0","0.0","0.0","","0.00","","0","","","","0","0.0","0","0","0","0","0","0.0","0","","0","0.000","0","","0","","0","","0","0","0.0","0","0.0","","","","100.0","","","0.00","","0.0","0.0","0.0","0.00","0.0"
"240","Kareem Hunt","KC","RB","17","2025","2","100.0","0.0","0","0.0","0","0.0","0.0","","0","","0","0.0","0.0","","0.00","","0","","","","0","0.0","0","0","0","0","0","0.0","0","","0","0.000","0","","0","","0","","0","0","0.0","0","0.0","","","","100.0","","","0.00","","0.0","0.0","0.0","0.00","0.0"
"241","Charlie Jones","CIN","WR","14","2025","1","100.0","0.0","0","0.0","0","0.0","0.0","","0","","0","0.0","0.0","","0.00","","0","","","","0","0.0","0","0","0","0","0","0.0","0","","0","0.000","0","","0","","0","","0","0","0.0","0","0.0","","","","100.0","","","0.00","","0.0","0.0","0.0","0.00","0.0"
"242","Bo Melton","GB","WR","9","2025","2","100.0","0.0","0","0.0","0","0.0","0.0","","0","","0","0.0","0.0","","0.00","","0","","","","0","0.0","0","0","0","0","0","0.0","0","","0","0.000","0","","0","","0","","0","0","0.0","0","0.0","","","","100.0","","","0.00","","0.0","0.0","0.0","0.00","0.0"
"243","Quentin Johnston","LAC","WR","14","2025","12","100.0","0.0","0","0.0","0","0.0","0.0","","0","","0","0.0","0.0","","0.00","","0","","","","0","0.0","0","0","0","0","0","0.0","0","","0","0.000","0","","0","","0","","0","0","0.0","0","0.0","","","","100.0","","","0.00","","0.0","0.0","0.0","0.00","0.0"
"244","Cody White","SEA","WR","9","2025","2","100.0","0.0","0","0.0","0","0.0","0.0","","0","","0","0.0","0.0","","0.00","","0","","","","0","0.0","0","0","0","0","0","0.0","0","","0","0.000","0","","0","","0","","0","0","0.0","0","0.0","","","","100.0","","","0.00","","0.0","0.0","0.0","0.00","0.0"
"245","Michael Wilson","ARZ","WR","17","2025","26","78.8","12.0","12","6.4","1","0.1","3.3","0.04","0","","0","0.0","0.0","","0.00","","0","","","","0","0.0","0","0","0","0","1","4.3","0","","0","0.000","0","","0","","0","","0","0","0.0","0","39.6","3.6","-9.0","","100.0","","","0.00","","0.0","1.7","0.1","0.06","1.7"
"246","AJ Barner","SEA","TE","17","2025","7","63.6","0.0","0","0.0","0","0.0","0.0","","0","","0","0.0","0.0","","0.00","","0","","","","0","0.0","0","0","0","0","0","0.0","0","","0","0.000","0","","0","","0","","0","0","0.0","0","0.0","","","","100.0","","","0.00","","0.0","0.0","0.0","0.00","0.0"
"247","Nikko Remigio","KC","WR","14","2025","2","100.0","0.0","0","0.0","0","0.0","0.0","","0","","0","0.0","0.0","","0.00","","0","","","","0","0.0","0","0","0","0","0","0.0","0","","0","0.000","0","","0","","0","","0","0","0.0","0","0.0","","","","100.0","","","0.00","","0.0","0.0","0.0","0.00","0.0"
"248","Anthony Gould","IND","WR","11","2025","7","100.0","0.0","0","0.0","0","0.0","0.0","","0","","0","0.0","0.0","","0.00","","0","","","","0","0.0","0","0","0","0","0","0.0","0","","0","0.000","0","","0","","0","","0","0","0.0","0","0.0","","","","100.0","","","0.00","","0.0","0.0","0.0","0.00","0.0"
"249","Chris Blair","ATL","WR","3","2025","2","100.0","0.0","0","0.0","0","0.0","0.0","","0","","0","0.0","0.0","","0.00","","0","","","","0","0.0","0","0","0","0","0","0.0","0","","0","0.000","0","","0","","0","","0","0","0.0","0","0.0","","","","100.0","","","0.00","","0.0","0.0","0.0","0.00","0.0"
"250","Mike Evans","TB","WR","8","2025","4","66.7","15.5","31","64.6","2","0.3","33.3","0.50","0","","0","0.0","0.0","","0.00","","0","","","","0","0.0","0","0","0","1","2","40.0","0","","0","0.000","1","50.0","1","50.0","0","","2","0","0.0","0","39.6","33.3","-9.7","","100.0","","","0.00","","0.0","2.3","0.3","0.58","2.3"
"251","Devontez Walker","BLT","WR","11","2025","2","100.0","37.0","37","62.7","1","0.1","50.0","0.50","0","","0","0.0","0.0","","0.00","","0","","","","0","0.0","0","0","0","1","1","100.0","0","","0","0.000","1","100.0","1","100.0","0","","0","0","0.0","0","39.6","50.0","-14.8","","100.0","","","0.00","","0.0","1.3","0.1","0.64","1.3"
"252","Moliki Matavao","NO","TE","6","2025","1","100.0","0.0","0","0.0","0","0.0","0.0","","0","","0","0.0","0.0","","0.00","","0","","","","0","0.0","0","0","0","0","0","0.0","0","","0","0.000","0","","0","","0","","0","0","0.0","0","0.0","","","","100.0","","","0.00","","0.0","0.0","0.0","0.00","0.0"
"253","Russell Gage","SF","WR","1","2025","2","100.0","0.0","0","0.0","0","0.0","0.0","","0","","0","0.0","0.0","","0.00","","0","","","","0","0.0","0","0","0","0","0","0.0","0","","0","0.000","0","","0","","0","","0","0","0.0","0","0.0","","","","100.0","","","0.00","","0.0","0.0","0.0","0.00","0.0"
"254","Drew Sample","CIN","TE","17","2025","3","50.0","0.0","0","0.0","0","0.0","0.0","","0","","0","0.0","0.0","","0.00","","0","","","","0","0.0","0","0","0","0","0","0.0","0","","0","0.000","0","","0","","0","","0","0","0.0","0","0.0","","","","100.0","","","0.00","","0.0","0.0","0.0","0.00","0.0"
"255","Ian Thomas","LV","TE","15","2025","2","40.0","0.0","0","0.0","0","0.0","0.0","","0","","0","0.0","0.0","","0.00","","0","","","","0","0.0","0","0","0","0","0","0.0","0","","0","0.000","0","","0","","0","","0","0","0.0","0","0.0","","","","100.0","","","0.00","","0.0","0.0","0.0","0.00","0.0"
"256","Jackson Hawes","BUF","TE","17","2025","2","66.7","0.0","0","0.0","0","0.0","0.0","","0","","0","0.0","0.0","","0.00","","0","","","","0","0.0","0","0","0","0","0","0.0","0","","0","0.000","0","","0","","0","","0","0","0.0","0","0.0","","","","100.0","","","0.00","","0.0","0.0","0.0","0.00","0.0"
"257","Jamari Thrash","CLV","WR","9","2025","10","90.9","0.0","0","0.0","0","0.0","0.0","","0","","0","0.0","0.0","","0.00","","0","","","","0","0.0","0","0","0","0","0","0.0","0","","0","0.000","0","","0","","0","","0","0","0.0","0","0.0","","","","100.0","","","0.00","","0.0","1.4","0.2","0.14","1.4"
"258","Austin Hooper","NE","TE","16","2025","1","100.0","0.0","0","0.0","0","0.0","0.0","","0","","0","0.0","0.0","","0.00","","0","","","","0","0.0","0","0","0","0","0","0.0","0","","0","0.000","0","","0","","0","","0","0","0.0","0","0.0","","","","100.0","","","0.00","","0.0","0.0","0.0","0.00","0.0"
"259","Kyle Williams","NE","WR","17","2025","2","66.7","41.0","41","100.0","1","0.1","33.3","0.50","0","","0","0.0","0.0","","0.00","","0","","","","0","0.0","0","0","0","1","1","50.0","0","","0","0.000","0","","0","","0","","0","0","0.0","0","39.6","33.3","-15.0","","100.0","","","0.00","","0.0","1.7","0.1","0.83","1.7"
"260","Malik Heath","GB","WR","11","2025","1","50.0","0.0","0","0.0","0","0.0","0.0","","0","","0","0.0","0.0","","0.00","","0","","","","0","0.0","0","0","0","0","0","0.0","0","","0","0.000","0","","0","","0","","0","0","0.0","0","0.0","","","","100.0","","","0.00","","0.0","0.0","0.0","0.00","0.0"
"261","Isaiah Likely","BLT","TE","14","2025","15","83.3","5.0","5","6.3","1","0.1","6.3","0.07","0","","0","0.0","0.0","","0.00","","0","","","","0","0.0","1","0","0","0","0","0.0","0","","0","0.000","0","","0","","0","","0","0","0.0","0","39.6","6.3","-6.5","","100.0","","","0.00","","0.0","1.5","0.1","0.10","1.5"
"262","Mitchell Evans","CAR","TE","17","2025","4","100.0","0.0","0","0.0","0","0.0","0.0","","0","","0","0.0","0.0","","0.00","","0","","","","0","0.0","0","0","0","0","0","0.0","0","","0","0.000","0","","0","","0","","0","0","0.0","0","0.0","","","","100.0","","","0.00","","0.0","0.0","0.0","0.00","0.0"
"263","Ben Skowronek","PIT","WR","16","2025","6","85.7","4.0","4","26.7","1","0.1","16.7","0.17","0","","0","0.0","0.0","","0.00","","0","","","","0","0.0","0","0","0","0","0","0.0","0","","0","0.000","0","","0","","0","","0","0","0.0","0","39.6","20.0","-6.0","","100.0","","","0.00","","0.0","1.3","0.1","0.22","1.3"
"264","Braelon Allen","NYJ","RB","4","2025","1","100.0","0.0","0","0.0","0","0.0","0.0","","0","","0","0.0","0.0","","0.00","","0","","","","0","0.0","0","0","0","0","0","0.0","0","","0","0.000","0","","0","","0","","0","0","0.0","0","0.0","","","","100.0","","","0.00","","0.0","0.0","0.0","0.00","0.0"
"265","Casey Washington","ATL","WR","7","2025","6","100.0","0.0","0","0.0","0","0.0","0.0","","0","","0","0.0","0.0","","0.00","","0","","","","0","0.0","0","0","0","0","0","0.0","0","","0","0.000","0","","0","","0","","0","0","0.0","0","0.0","","","","100.0","","","0.00","","0.0","0.0","0.0","0.00","0.0"
"266","Michael Bandy","DEN","WR","4","2025","1","100.0","0.0","0","0.0","0","0.0","0.0","","0","","0","0.0","0.0","","0.00","","0","","","","0","0.0","0","0","0","0","0","0.0","0","","0","0.000","0","","0","","0","","0","0","0.0","0","0.0","","","","100.0","","","0.00","","0.0","0.0","0.0","0.00","0.0"
"267","Audric Estime","NO","RB","6","2025","1","100.0","0.0","0","0.0","0","0.0","0.0","","0","","0","0.0","0.0","","0.00","","0","","","","0","0.0","0","0","0","0","0","0.0","0","","0","0.000","0","","0","","0","","0","0","0.0","0","0.0","","","","100.0","","","0.00","","0.0","0.0","0.0","0.00","0.0"
"268","Arian Smith","NYJ","WR","16","2025","11","84.6","0.0","0","0.0","0","0.0","0.0","","0","","0","0.0","0.0","","0.00","","0","","","","0","0.0","0","0","0","0","0","0.0","0","","0","0.000","0","","0","","0","","0","0","0.0","0","0.0","","","","100.0","","","0.00","","0.0","0.0","0.0","0.00","0.0"
"269","Tom Kennedy","DET","WR","6","2025","2","66.7","0.0","0","0.0","0","0.0","0.0","","0","","0","0.0","0.0","","0.00","","0","","","","0","0.0","0","0","0","0","0","0.0","0","","0","0.000","0","","0","","0","","0","0","0.0","0","0.0","","","","100.0","","","0.00","","0.0","0.0","0.0","0.00","0.0"
"270","Will Dissly","LAC","TE","9","2025","1","50.0","0.0","0","0.0","0","0.0","0.0","","0","","0","0.0","0.0","","0.00","","0","","","","0","0.0","0","0","0","0","0","0.0","0","","0","0.000","0","","0","","0","","0","0","0.0","0","0.0","","","","100.0","","","0.00","","0.0","0.0","0.0","0.00","0.0"
"271","Isaac TeSlaa","DET","WR","17","2025","8","72.7","0.0","0","0.0","0","0.0","0.0","","0","","0","0.0","0.0","","0.00","","0","","","","0","0.0","0","0","0","0","0","0.0","0","","0","0.000","0","","0","","0","","0","0","0.0","0","0.0","","","","100.0","","","0.00","","0.0","0.0","0.0","0.00","0.0"
"272","Tyler Allgeier","ATL","RB","17","2025","1","100.0","0.0","0","0.0","0","0.0","0.0","","0","","0","0.0","0.0","","0.00","","0","","","","0","0.0","0","0","0","0","0","0.0","0","","0","0.000","0","","0","","0","","0","0","0.0","0","0.0","","","","100.0","","","0.00","","0.0","0.0","0.0","0.00","0.0"
"273","Quinshon Judkins","CLV","RB","14","2025","1","100.0","0.0","0","0.0","0","0.0","0.0","","0","","0","0.0","0.0","","0.00","","0","","","","0","0.0","0","0","0","0","0","0.0","0","","0","0.000","0","","0","","0","","0","0","0.0","0","0.0","","","","100.0","","","0.00","","0.0","0.0","0.0","0.00","0.0"
"274","Jack Bech","LV","WR","16","2025","9","90.0","0.0","0","0.0","0","0.0","0.0","","0","","0","0.0","0.0","","0.00","","0","","","","0","0.0","0","0","0","0","0","0.0","0","","0","0.000","0","","0","","0","","0","0","0.0","0","0.0","","","","100.0","","","0.00","","0.0","0.0","0.0","0.00","0.0"
"275","Cameron Latu","PHI","TE","15","2025","1","50.0","0.0","0","0.0","0","0.0","0.0","","0","","0","0.0","0.0","","0.00","","0","","","","0","0.0","0","0","0","0","0","0.0","0","","0","0.000","0","","0","","0","","0","0","0.0","0","0.0","","","","100.0","","","0.00","","0.0","0.0","0.0","0.00","0.0"
"276","Efton Chism","NE","WR","8","2025","3","100.0","0.0","0","0.0","0","0.0","0.0","","0","","0","0.0","0.0","","0.00","","0","","","","0","0.0","0","0","0","0","0","0.0","0","","0","0.000","0","","0","","0","","0","0","0.0","0","0.0","","","","100.0","","","0.00","","0.0","0.0","0.0","0.00","0.0"
"277","Saquon Barkley","PHI","RB","16","2025","1","100.0","0.0","0","0.0","0","0.0","0.0","","0","","0","0.0","0.0","","0.00","","0","","","","0","0.0","0","0","0","0","0","0.0","0","","0","0.000","0","","0","","0","","0","0","0.0","0","0.0","","","","100.0","","","0.00","","0.0","0.0","0.0","0.00","0.0"
"278","Derius Davis","LAC","WR","11","2025","2","100.0","0.0","0","0.0","0","0.0","0.0","","0","","0","0.0","0.0","","0.00","","0","","","","0","0.0","0","0","0","0","0","0.0","0","","0","0.000","0","","0","","0","","0","0","0.0","0","0.0","","","","100.0","","","0.00","","0.0","0.0","0.0","0.00","0.0"
"279","Jordan Watkins","SF","WR","4","2025","1","100.0","18.0","18","100.0","1","0.3","100.0","1.00","0","","0","0.0","0.0","","0.00","","0","","","","0","0.0","0","0","0","0","1","100.0","0","","0","0.000","0","","0","","0","","0","0","0.0","0","39.6","100.0","-10.9","","100.0","","","0.00","","0.0","2.1","0.5","2.11","2.1"
"280","Blake Corum","LA","RB","17","2025","1","100.0","0.0","0","0.0","0","0.0","0.0","","0","","0","0.0","0.0","","0.00","","0","","","","0","0.0","0","0","0","0","0","0.0","0","","0","0.000","0","","0","","0","","0","0","0.0","0","0.0","","","","100.0","","","0.00","","0.0","0.0","0.0","0.00","0.0"
"281","Harrison Bryant","HST","TE","12","2025","1","100.0","0.0","0","0.0","0","0.0","0.0","","0","","0","0.0","0.0","","0.00","","0","","","","0","0.0","0","0","0","0","0","0.0","0","","0","0.000","0","","0","","0","","0","0","0.0","0","0.0","","","","100.0","","","0.00","","0.0","0.0","0.0","0.00","0.0"
"282","Jalin Hyatt","NYG","WR","8","2025","2","100.0","0.0","0","0.0","0","0.0","0.0","","0","","0","0.0","0.0","","0.00","","0","","","","0","0.0","0","0","0","0","0","0.0","0","","0","0.000","0","","0","","0","","0","0","0.0","0","0.0","","","","100.0","","","0.00","","0.0","0.0","0.0","0.00","0.0"
"283","Jakobie Keeney-James","GB","WR","1","2025","1","100.0","0.0","0","0.0","0","0.0","0.0","","0","","0","0.0","0.0","","0.00","","0","","","","0","0.0","0","0","0","0","0","0.0","0","","0","0.000","0","","0","","0","","0","0","0.0","0","0.0","","","","100.0","","","0.00","","0.0","0.0","0.0","0.00","0.0"
"284","Tank Bigsby","PHI, JAX","RB","16","2025","1","100.0","0.0","0","0.0","0","0.0","0.0","","0","","0","0.0","0.0","","0.00","","0","","","","0","0.0","0","0","0","0","0","0.0","0","","0","0.000","0","","0","","0","","0","0","0.0","0","0.0","","","","100.0","","","0.00","","0.0","0.0","0.0","0.00","0.0"
"285","Julian Hill","MIA","TE","14","2025","3","75.0","2.0","2","6.9","1","0.1","25.0","0.33","0","","0","0.0","0.0","","0.00","","0","","","","0","0.0","0","0","0","0","0","0.0","0","","0","0.000","0","","0","","0","","0","0","0.0","0","39.6","25.0","-6.4","","100.0","","","0.00","","0.0","1.4","0.1","0.47","1.4"
"286","Jalen Tolbert","DAL","WR","13","2025","18","90.0","-3.0","-3","-3.0","1","0.1","5.9","0.06","1","100.0","0","0.0","0.0","","0.00","","3","3.00","1","1.00","0","0.0","0","0","0","0","0","0.0","0","","0","0.000","0","","1","100.0","0","","0","0","0.0","0","79.2","6.3","-4.9","","100.0","","","0.06","0.1","1.0","1.9","0.1","0.10","1.9"
"287","Kyren Williams","LA","RB","17","2025","6","85.7","0.0","0","0.0","0","0.0","0.0","","0","","0","0.0","0.0","","0.00","","0","","","","0","0.0","0","0","0","0","0","0.0","0","","0","0.000","0","","0","","0","","0","0","0.0","0","0.0","","","","100.0","","","0.00","","0.0","0.0","0.0","0.00","0.0"
"288","Dont'e Thornton","LV","WR","15","2025","15","88.2","0.0","0","0.0","0","0.0","0.0","","0","","0","0.0","0.0","","0.00","","0","","","","0","0.0","0","0","0","0","0","0.0","0","","0","0.000","0","","0","","0","","0","0","0.0","0","0.0","","","","100.0","","","0.00","","0.0","1.5","0.1","0.10","1.5"
"289","A.J. Brown","PHI","WR","15","2025","8","100.0","46.0","46","61.3","1","0.1","16.7","0.13","0","","0","0.0","0.0","","0.00","","0","","","","0","0.0","0","0","0","1","0","0.0","0","","0","0.000","0","","0","","0","","0","0","0.0","0","39.6","16.7","-15.0","","100.0","","","0.00","","0.0","3.2","0.2","0.40","3.2"
"290","Andrei Iosivas","CIN","WR","17","2025","33","84.6","2.0","2","0.8","1","0.1","2.8","0.03","0","","0","0.0","0.0","","0.00","","0","","","","0","0.0","1","0","0","0","0","0.0","0","","0","0.000","0","","0","","0","","0","0","0.0","0","39.6","3.0","-5.3","","100.0","","","0.00","","0.0","1.6","0.1","0.05","1.6"
"291","Ben Sinnott","WAS","TE","16","2025","7","100.0","25.0","25","32.1","1","0.1","16.7","0.14","0","","0","0.0","0.0","","0.00","","0","","","","0","0.0","0","0","0","1","0","0.0","0","","0","0.000","0","","0","","0","","0","0","0.0","0","39.6","16.7","-9.6","","100.0","","","0.00","","0.0","1.6","0.1","0.23","1.6"
"292","Tre Tucker","LV","WR","17","2025","14","87.5","19.0","19","31.7","1","0.1","8.3","0.07","0","","0","0.0","0.0","","0.00","","0","","","","0","0.0","0","0","0","0","1","12.5","0","","0","0.000","0","","1","100.0","0","","1","0","0.0","0","39.6","8.3","-11.9","","100.0","","","0.00","","0.0","2.0","0.1","0.14","2.0"
"293","Rico Dowdle","CAR","RB","17","2025","3","100.0","0.0","0","0.0","0","0.0","0.0","","0","","0","0.0","0.0","","0.00","","0","","","","0","0.0","0","0","0","0","0","0.0","0","","0","0.000","0","","0","","0","","0","0","0.0","0","0.0","","","","100.0","","","0.00","","0.0","0.0","0.0","0.00","0.0"
"294","Luke Farrell","SF","TE","17","2025","1","50.0","0.0","0","0.0","0","0.0","0.0","","0","","0","0.0","0.0","","0.00","","0","","","","0","0.0","0","0","0","0","0","0.0","0","","0","0.000","0","","0","","0","","0","0","0.0","0","0.0","","","","100.0","","","0.00","","0.0","0.0","0.0","0.00","0.0"
"295","Treyton Welch","NO","TE","3","2025","1","100.0","0.0","0","0.0","0","0.0","0.0","","0","","0","0.0","0.0","","0.00","","0","","","","0","0.0","0","0","0","0","0","0.0","0","","0","0.000","0","","0","","0","","0","0","0.0","0","0.0","","","","100.0","","","0.00","","0.0","0.0","0.0","0.00","0.0"
"296","Jack Stoll","NO","TE","15","2025","1","50.0","0.0","0","0.0","0","0.0","0.0","","0","","0","0.0","0.0","","0.00","","0","","","","0","0.0","0","0","0","0","0","0.0","0","","0","0.000","0","","0","","0","","0","0","0.0","0","0.0","","","","100.0","","","0.00","","0.0","0.0","0.0","0.00","0.0"
"297","Beaux Collins","NYG","WR","9","2025","4","66.7","38.0","38","48.7","1","0.1","16.7","0.25","0","","0","0.0","0.0","","0.00","","0","","","","0","0.0","0","0","0","1","1","20.0","0","","0","0.000","0","","0","","0","","0","0","0.0","0","39.6","20.0","-11.7","","100.0","","","0.00","","0.0","2.5","0.3","0.63","2.5"
"298","Durham Smythe","CHI","TE","17","2025","2","100.0","0.0","0","0.0","0","0.0","0.0","","0","","0","0.0","0.0","","0.00","","0","","","","0","0.0","0","0","0","0","0","0.0","0","","0","0.000","0","","0","","0","","0","0","0.0","0","0.0","","","","100.0","","","0.00","","0.0","0.0","0.0","0.00","0.0"
"299","Kameron Johnson","TB","WR","17","2025","4","100.0","0.0","0","0.0","0","0.0","0.0","","0","","0","0.0","0.0","","0.00","","0","","","","0","0.0","0","0","0","0","0","0.0","0","","0","0.000","0","","0","","0","","0","0","0.0","0","0.0","","","","100.0","","","0.00","","0.0","0.0","0.0","0.00","0.0"
"300","Devin Duvernay","CHI","WR","17","2025","1","100.0","0.0","0","0.0","0","0.0","0.0","","0","","0","0.0","0.0","","0.00","","0","","","","0","0.0","0","0","0","0","0","0.0","0","","0","0.000","0","","0","","0","","0","0","0.0","0","0.0","","","","100.0","","","0.00","","0.0","0.0","0.0","0.00","0.0"
"301","Josh Palmer","BUF","WR","12","2025","5","83.3","0.0","0","0.0","0","0.0","0.0","","0","","0","0.0","0.0","","0.00","","0","","","","0","0.0","0","0","0","0","0","0.0","0","","0","0.000","0","","0","","0","","0","0","0.0","0","0.0","","","","100.0","","","0.00","","0.0","0.0","0.0","0.00","0.0"
"302","Tucker Fisk","LAC","TE","10","2025","1","50.0","0.0","0","0.0","0","0.0","0.0","","0","","0","0.0","0.0","","0.00","","0","","","","0","0.0","0","0","0","0","0","0.0","0","","0","0.000","0","","0","","0","","0","0","0.0","0","0.0","","","","100.0","","","0.00","","0.0","0.0","0.0","0.00","0.0"
"303","D'Andre Swift","CHI","RB","16","2025","1","100.0","0.0","0","0.0","0","0.0","0.0","","0","","0","0.0","0.0","","0.00","","0","","","","0","0.0","0","0","0","0","0","0.0","0","","0","0.000","0","","0","","0","","0","0","0.0","0","0.0","","","","100.0","","","0.00","","0.0","0.0","0.0","0.00","0.0"
"304","Roman Wilson","PIT","WR","13","2025","4","80.0","-4.0","-4","-23.5","1","0.1","25.0","0.25","0","","0","0.0","0.0","","0.00","","0","","","","0","0.0","0","0","0","0","1","50.0","0","","0","0.000","0","","0","","1","100.0","0","0","0.0","0","39.6","33.3","-4.5","","100.0","","","0.00","","0.0","1.6","0.1","0.39","1.6"
"305","Zay Jones","ARZ","WR","8","2025","8","100.0","0.0","0","0.0","0","0.0","0.0","","0","","0","0.0","0.0","","0.00","","0","","","","0","0.0","0","0","0","0","0","0.0","0","","0","0.000","0","","0","","0","","0","0","0.0","0","0.0","","","","100.0","","","0.00","","0.0","0.0","0.0","0.00","0.0"
"306","KhaDarel Hodge","ATL","WR","11","2025","1","100.0","6.0","6","100.0","1","0.1","100.0","1.00","0","","0","0.0","0.0","","0.00","","0","","","","0","0.0","0","0","0","0","1","100.0","0","","0","0.000","0","","1","100.0","0","","1","0","0.0","0","39.6","100.0","-6.9","","100.0","","","0.00","","0.0","1.5","0.1","1.48","1.5"
"307","Isiah Pacheco","KC","RB","13","2025","3","100.0","0.0","0","0.0","0","0.0","0.0","","0","","0","0.0","0.0","","0.00","","0","","","","0","0.0","0","0","0","0","0","0.0","0","","0","0.000","0","","0","","0","","0","0","0.0","0","0.0","","","","100.0","","","0.00","","0.0","0.0","0.0","0.00","0.0"
"308","Braxton Berrios","HST","WR","4","2025","4","100.0","0.0","0","0.0","0","0.0","0.0","","0","","0","0.0","0.0","","0.00","","0","","","","0","0.0","0","0","0","0","0","0.0","0","","0","0.000","0","","0","","0","","0","0","0.0","0","0.0","","","","100.0","","","0.00","","0.0","0.0","0.0","0.00","0.0"
"309","Josh Whyle","GB","TE","8","2025","4","80.0","0.0","0","0.0","0","0.0","0.0","","0","","0","0.0","0.0","","0.00","","0","","","","0","0.0","0","0","0","0","0","0.0","0","","0","0.000","0","","0","","0","","0","0","0.0","0","0.0","","","","100.0","","","0.00","","0.0","0.0","0.0","0.00","0.0"
"310","Andre Baccellia","ARZ","WR","5","2025","9","90.0","0.0","0","0.0","0","0.0","0.0","","0","","0","0.0","0.0","","0.00","","0","","","","0","0.0","0","0","0","0","0","0.0","0","","0","0.000","0","","0","","0","","0","0","0.0","0","0.0","","","","100.0","","","0.00","","0.0","0.0","0.0","0.00","0.0"
"311","John FitzPatrick","GB","TE","15","2025","3","100.0","0.0","0","0.0","0","0.0","0.0","","0","","0","0.0","0.0","","0.00","","0","","","","0","0.0","0","0","0","0","0","0.0","0","","0","0.000","0","","0","","0","","0","0","0.0","0","0.0","","","","100.0","","","0.00","","0.0","0.0","0.0","0.00","0.0"
"312","Davis Allen","LA","TE","17","2025","7","87.5","0.0","0","0.0","0","0.0","0.0","","0","","0","0.0","0.0","","0.00","","0","","","","0","0.0","0","0","0","0","0","0.0","0","","0","0.000","0","","0","","0","","0","0","0.0","0","0.0","","","","100.0","","","0.00","","0.0","0.0","0.0","0.00","0.0"
"313","Malachi Corley","CLV","WR","13","2025","2","100.0","0.0","0","0.0","0","0.0","0.0","","0","","0","0.0","0.0","","0.00","","0","","","","0","0.0","0","0","0","0","0","0.0","0","","0","0.000","0","","0","","0","","0","0","0.0","0","0.0","","","","100.0","","","0.00","","0.0","0.0","0.0","0.00","0.0"
"314","Emari Demercado","ARZ","RB","13","2025","1","100.0","0.0","0","0.0","0","0.0","0.0","","0","","0","0.0","0.0","","0.00","","0","","","","0","0.0","0","0","0","0","0","0.0","0","","0","0.000","0","","0","","0","","0","0","0.0","0","0.0","","","","100.0","","","0.00","","0.0","0.0","0.0","0.00","0.0"
"315","Andrew Ogletree","IND","TE","15","2025","3","100.0","0.0","0","0.0","0","0.0","0.0","","0","","0","0.0","0.0","","0.00","","0","","","","0","0.0","0","0","0","0","0","0.0","0","","0","0.000","0","","0","","0","","0","0","0.0","0","0.0","","","","100.0","","","0.00","","0.0","0.0","0.0","0.00","0.0"
"316","Will Shipley","PHI","RB","15","2025","3","100.0","0.0","0","0.0","0","0.0","0.0","","0","","0","0.0","0.0","","0.00","","0","","","","0","0.0","0","0","0","0","0","0.0","0","","0","0.000","0","","0","","0","","0","0","0.0","0","0.0","","","","100.0","","","0.00","","0.0","0.0","0.0","0.00","0.0"
"317","Jalen Nailor","MIN","WR","17","2025","22","81.5","0.0","0","0.0","0","0.0","0.0","","0","","0","0.0","0.0","","0.00","","0","","","","0","0.0","0","0","0","0","0","0.0","0","","0","0.000","0","","0","","0","","0","0","0.0","0","0.0","","","","100.0","","","0.00","","0.0","0.0","0.0","0.00","0.0"
"318","Jonathan Mingo","DAL","WR","6","2025","3","100.0","0.0","0","0.0","0","0.0","0.0","","0","","0","0.0","0.0","","0.00","","0","","","","0","0.0","0","0","0","0","0","0.0","0","","0","0.000","0","","0","","0","","0","0","0.0","0","0.0","","","","100.0","","","0.00","","0.0","0.0","0.0","0.00","0.0"
"319","Hunter Long","JAX","TE","9","2025","2","50.0","0.0","0","0.0","0","0.0","0.0","","0","","0","0.0","0.0","","0.00","","0","","","","0","0.0","0","0","0","0","0","0.0","0","","0","0.000","0","","0","","0","","0","0","0.0","0","0.0","","","","100.0","","","0.00","","0.0","0.0","0.0","0.00","0.0"
"320","Jayden Higgins","HST","WR","17","2025","15","100.0","8.0","8","15.7","1","0.1","6.7","0.07","0","","0","0.0","0.0","","0.00","","0","","","","0","0.0","0","0","0","0","1","10.0","0","","0","0.000","0","","0","","0","","0","0","0.0","0","39.6","7.1","-7.5","","100.0","","","0.00","","0.0","1.3","0.1","0.08","1.3"
"321","Foster Moreau","NO","TE","11","2025","2","100.0","0.0","0","0.0","0","0.0","0.0","","0","","0","0.0","0.0","","0.00","","0","","","","0","0.0","0","0","0","0","0","0.0","0","","0","0.000","0","","0","","0","","0","0","0.0","0","0.0","","","","100.0","","","0.00","","0.0","0.0","0.0","0.00","0.0"
"322","Austin Trammell","JAX","WR","6","2025","3","100.0","0.0","0","0.0","0","0.0","0.0","","0","","0","0.0","0.0","","0.00","","0","","","","0","0.0","0","0","0","0","0","0.0","0","","0","0.000","0","","0","","0","","0","0","0.0","0","0.0","","","","100.0","","","0.00","","0.0","0.0","0.0","0.00","0.0"
"323","LaJohntay Wester","BLT","WR","16","2025","1","100.0","0.0","0","0.0","0","0.0","0.0","","0","","0","0.0","0.0","","0.00","","0","","","","0","0.0","0","0","0","0","0","0.0","0","","0","0.000","0","","0","","0","","0","0","0.0","0","0.0","","","","100.0","","","0.00","","0.0","0.0","0.0","0.00","0.0"
"324","Aaron Jones","MIN","RB","12","2025","1","100.0","0.0","0","0.0","0","0.0","0.0","","0","","0","0.0","0.0","","0.00","","0","","","","0","0.0","0","0","0","0","0","0.0","0","","0","0.000","0","","0","","0","","0","0","0.0","0","0.0","","","","100.0","","","0.00","","0.0","0.0","0.0","0.00","0.0"
"325","Tory Horton","SEA","WR","8","2025","9","90.0","0.0","0","0.0","0","0.0","0.0","","0","","0","0.0","0.0","","0.00","","0","","","","0","0.0","0","0","0","0","0","0.0","0","","0","0.000","0","","0","","0","","0","0","0.0","0","0.0","","","","100.0","","","0.00","","0.0","0.0","0.0","0.00","0.0"
"326","Bucky Irving","TB","RB","10","2025","1","100.0","0.0","0","0.0","0","0.0","0.0","","0","","0","0.0","0.0","","0.00","","0","","","","0","0.0","0","0","0","0","0","0.0","0","","0","0.000","0","","0","","0","","0","0","0.0","0","0.0","","","","100.0","","","0.00","","0.0","0.0","0.0","0.00","0.0"
"327","Trent Sherfield","ARZ, DEN","WR","12","2025","1","50.0","0.0","0","0.0","0","0.0","0.0","","0","","0","0.0","0.0","","0.00","","0","","","","0","0.0","0","0","0","0","0","0.0","0","","0","0.000","0","","0","","0","","0","0","0.0","0","0.0","","","","100.0","","","0.00","","0.0","0.0","0.0","0.00","0.0"
"328","RJ Harvey","DEN","RB","17","2025","2","100.0","0.0","0","0.0","0","0.0","0.0","","0","","0","0.0","0.0","","0.00","","0","","","","0","0.0","0","0","0","0","0","0.0","0","","0","0.000","0","","0","","0","","0","0","0.0","0","0.0","","","","100.0","","","0.00","","0.0","0.0","0.0","0.00","0.0"
"329","Isaiah Williams","NYJ","WR","15","2025","18","100.0","5.0","5","6.8","1","0.1","6.7","0.06","0","","0","0.0","0.0","","0.00","","0","","","","0","0.0","0","0","0","0","1","8.3","0","","0","0.000","0","","0","","0","","0","0","0.0","0","39.6","6.7","-6.4","","100.0","","","0.00","","0.0","1.5","0.1","0.09","1.5"
"330","Daniel Bellinger","NYG","TE","16","2025","9","100.0","12.0","12","13.3","1","0.1","14.3","0.11","0","","0","0.0","0.0","","0.00","","0","","","","0","0.0","0","0","0","0","1","16.7","0","","0","0.000","0","","1","100.0","0","","1","0","0.0","0","39.6","16.7","-8.7","","100.0","","","0.00","","0.0","1.3","0.1","0.14","1.3"
"331","Josiah Deguara","ARZ","TE","12","2025","5","83.3","0.0","0","0.0","0","0.0","0.0","","0","","0","0.0","0.0","","0.00","","0","","","","0","0.0","0","0","0","0","0","0.0","0","","0","0.000","0","","0","","0","","0","0","0.0","0","0.0","","","","100.0","","","0.00","","0.0","0.0","0.0","0.00","0.0"
"332","Ray-Ray McCloud","ATL, NYG","WR","6","2025","7","100.0","0.0","0","0.0","0","0.0","0.0","","0","","0","0.0","0.0","","0.00","","0","","","","0","0.0","0","0","0","0","0","0.0","0","","0","0.000","0","","0","","0","","0","0","0.0","0","0.0","","","","100.0","","","0.00","","0.0","0.0","0.0","0.00","0.0"
"333","John Bates","WAS","TE","15","2025","6","85.7","0.0","0","0.0","0","0.0","0.0","","0","","0","0.0","0.0","","0.00","","0","","","","0","0.0","0","0","0","0","0","0.0","0","","0","0.000","0","","0","","0","","0","0","0.0","0","0.0","","","","100.0","","","0.00","","0.0","0.0","0.0","0.00","0.0"
"334","Kaleb Johnson","PIT","RB","10","2025","1","100.0","0.0","0","0.0","0","0.0","0.0","","0","","0","0.0","0.0","","0.00","","0","","","","0","0.0","0","0","0","0","0","0.0","0","","0","0.000","0","","0","","0","","0","0","0.0","0","0.0","","","","100.0","","","0.00","","0.0","0.0","0.0","0.00","0.0"
"335","Terry McLaurin","WAS","WR","10","2025","6","100.0","15.0","15","22.1","1","0.1","20.0","0.17","0","","0","0.0","0.0","","0.00","","0","","","","0","0.0","0","0","0","0","1","50.0","0","","0","0.000","0","","1","100.0","0","","1","0","0.0","0","39.6","20.0","-10.4","","100.0","","","0.00","","0.0","1.6","0.2","0.27","1.6"
"336","Albert Okwuegbunam","LV","TE","1","2025","1","50.0","0.0","0","0.0","0","0.0","0.0","","0","","0","0.0","0.0","","0.00","","0","","","","0","0.0","0","0","0","0","0","0.0","0","","0","0.000","0","","0","","0","","0","0","0.0","0","0.0","","","","100.0","","","0.00","","0.0","0.0","0.0","0.00","0.0"
"337","Mitchell Tinsley","CIN","WR","17","2025","1","33.3","0.0","0","0.0","0","0.0","0.0","","0","","0","0.0","0.0","","0.00","","0","","","","0","0.0","0","0","0","0","0","0.0","0","","0","0.000","0","","0","","0","","0","0","0.0","0","0.0","","","","100.0","","","0.00","","0.0","0.0","0.0","0.00","0.0"
"338","Chase Brown","CIN","RB","17","2025","3","100.0","0.0","0","0.0","0","0.0","0.0","","0","","0","0.0","0.0","","0.00","","0","","","","0","0.0","0","0","0","0","0","0.0","0","","0","0.000","0","","0","","0","","0","0","0.0","0","0.0","","","","100.0","","","0.00","","0.0","0.0","0.0","0.00","0.0"
"339","Noah Fant","CIN","TE","15","2025","5","83.3","0.0","0","0.0","0","0.0","0.0","","0","","0","0.0","0.0","","0.00","","0","","","","0","0.0","0","0","0","0","0","0.0","0","","0","0.000","0","","0","","0","","0","0","0.0","0","0.0","","","","100.0","","","0.00","","0.0","0.0","0.0","0.00","0.0"
"340","Van Jefferson","TEN","WR","16","2025","7","77.8","20.0","20","45.5","1","0.1","12.5","0.14","0","","0","0.0","0.0","","0.00","","0","","","","0","0.0","0","0","0","1","0","0.0","0","","0","0.000","0","","0","","0","","0","0","0.0","0","39.6","14.3","-10.9","","100.0","","","0.00","","0.0","1.5","0.1","0.21","1.5"
"341","Jaylin Lane","WAS","WR","15","2025","4","66.7","0.0","0","0.0","0","0.0","0.0","","0","","0","0.0","0.0","","0.00","","0","","","","0","0.0","0","0","0","0","0","0.0","0","","0","0.000","0","","0","","0","","0","0","0.0","0","0.0","","","","100.0","","","0.00","","0.0","1.1","0.1","0.26","1.1"
"342","Johnny Mundt","JAX","TE","16","2025","2","28.6","0.0","0","0.0","0","0.0","0.0","","0","","0","0.0","0.0","","0.00","","0","","","","0","0.0","0","0","0","0","0","0.0","0","","0","0.000","0","","0","","0","","0","0","0.0","0","0.0","","","","100.0","","","0.00","","0.0","0.0","0.0","0.00","0.0"
"343","Colson Yankoff","WAS","TE","14","2025","1","25.0","0.0","0","0.0","0","0.0","0.0","","0","","0","0.0","0.0","","0.00","","0","","","","0","0.0","0","0","0","0","0","0.0","0","","0","0.000","0","","0","","0","","0","0","0.0","0","0.0","","","","100.0","","","0.00","","0.0","0.0","0.0","0.00","0.0"
"344","Allen Lazard","NYJ","WR","10","2025","7","70.0","0.0","0","0.0","0","0.0","0.0","","0","","0","0.0","0.0","","0.00","","0","","","","0","0.0","0","0","0","0","0","0.0","0","","0","0.000","0","","0","","0","","0","0","0.0","0","0.0","","","","100.0","","","0.00","","0.0","0.0","0.0","0.00","0.0"
"345","Kylen Granson","PHI","TE","17","2025","7","100.0","0.0","0","0.0","0","0.0","0.0","","0","","0","0.0","0.0","","0.00","","0","","","","0","0.0","0","0","0","0","0","0.0","0","","0","0.000","0","","0","","0","","0","0","0.0","0","0.0","","","","100.0","","","0.00","","0.0","0.0","0.0","0.00","0.0"
"346","Curtis Samuel","BUF","WR","6","2025","4","66.7","0.0","0","0.0","0","0.0","0.0","","0","","0","0.0","0.0","","0.00","","0","","","","0","0.0","0","0","0","0","0","0.0","0","","0","0.000","0","","0","","0","","0","0","0.0","0","0.0","","","","100.0","","","0.00","","0.0","0.0","0.0","0.00","0.0"
"347","Jawhar Jordan","HST","RB","4","2025","1","100.0","0.0","0","0.0","0","0.0","0.0","","0","","0","0.0","0.0","","0.00","","0","","","","0","0.0","0","0","0","0","0","0.0","0","","0","0.000","0","","0","","0","","0","0","0.0","0","0.0","","","","100.0","","","0.00","","0.0","0.0","0.0","0.00","0.0"
"348","Jeremy Ruckert","NYJ","TE","17","2025","4","66.7","0.0","0","0.0","0","0.0","0.0","","0","","0","0.0","0.0","","0.00","","0","","","","0","0.0","0","0","0","0","0","0.0","0","","0","0.000","0","","0","","0","","0","0","0.0","0","0.0","","","","100.0","","","0.00","","0.0","0.0","0.0","0.00","0.0"
"349","Sal Cannella","CLV","TE","2","2025","1","100.0","0.0","0","0.0","0","0.0","0.0","","0","","0","0.0","0.0","","0.00","","0","","","","0","0.0","0","0","0","0","0","0.0","0","","0","0.000","0","","0","","0","","0","0","0.0","0","0.0","","","","100.0","","","0.00","","0.0","0.0","0.0","0.00","0.0"
"350","Brock Wright","DET","TE","11","2025","3","75.0","0.0","0","0.0","0","0.0","0.0","","0","","0","0.0","0.0","","0.00","","0","","","","0","0.0","0","0","0","0","0","0.0","0","","0","0.000","0","","0","","0","","0","0","0.0","0","0.0","","","","100.0","","","0.00","","0.0","0.0","0.0","0.00","0.0"
"351","Emanuel Wilson","GB","RB","17","2025","1","100.0","0.0","0","0.0","0","0.0","0.0","","0","","0","0.0","0.0","","0.00","","0","","","","0","0.0","0","0","0","0","0","0.0","0","","0","0.000","0","","0","","0","","0","0","0.0","0","0.0","","","","100.0","","","0.00","","0.0","0.0","0.0","0.00","0.0"
"352","Quintin Morris","JAX","TE","13","2025","2","100.0","0.0","0","0.0","0","0.0","0.0","","0","","0","0.0","0.0","","0.00","","0","","","","0","0.0","0","0","0","0","0","0.0","0","","0","0.000","0","","0","","0","","0","0","0.0","0","0.0","","","","100.0","","","0.00","","0.0","0.0","0.0","0.00","0.0"
"353","Ronnie Bell","NO","WR","2","2025","2","66.7","0.0","0","0.0","0","0.0","0.0","","0","","0","0.0","0.0","","0.00","","0","","","","0","0.0","0","0","0","0","0","0.0","0","","0","0.000","0","","0","","0","","0","0","0.0","0","0.0","","","","100.0","","","0.00","","0.0","0.0","0.0","0.00","0.0"
"354","Alex Bachman","LV","WR","13","2025","2","100.0","0.0","0","0.0","0","0.0","0.0","","0","","0","0.0","0.0","","0.00","","0","","","","0","0.0","0","0","0","0","0","0.0","0","","0","0.000","0","","0","","0","","0","0","0.0","0","0.0","","","","100.0","","","0.00","","0.0","0.0","0.0","0.00","0.0"
"355","Keon Coleman","BUF","WR","13","2025","3","50.0","0.0","0","0.0","0","0.0","0.0","","0","","0","0.0","0.0","","0.00","","0","","","","0","0.0","0","0","0","0","0","0.0","0","","0","0.000","0","","0","","0","","0","0","0.0","0","0.0","","","","100.0","","","0.00","","0.0","0.0","0.0","0.00","0.0"
"356","Zavier Scott","MIN","RB","11","2025","1","50.0","0.0","0","0.0","0","0.0","0.0","","0","","0","0.0","0.0","","0.00","","0","","","","0","0.0","0","0","0","0","0","0.0","0","","0","0.000","0","","0","","0","","0","0","0.0","0","0.0","","","","100.0","","","0.00","","0.0","0.0","0.0","0.00","0.0"
"357","Javonte Williams","DAL","RB","16","2025","2","100.0","0.0","0","0.0","0","0.0","0.0","","0","","0","0.0","0.0","","0.00","","0","","","","0","0.0","0","0","0","0","0","0.0","0","","0","0.000","0","","0","","0","","0","0","0.0","0","0.0","","","","100.0","","","0.00","","0.0","0.0","0.0","0.00","0.0"
"358","Tyquan Thornton","KC","WR","14","2025","11","78.6","0.0","0","0.0","0","0.0","0.0","","0","","0","0.0","0.0","","0.00","","0","","","","0","0.0","0","0","0","0","0","0.0","0","","0","0.000","0","","0","","0","","0","0","0.0","0","0.0","","","","100.0","","","0.00","","0.0","0.0","0.0","0.00","0.0"
"359","Mack Hollins","NE","WR","15","2025","4","66.7","0.0","0","0.0","0","0.0","0.0","","0","","0","0.0","0.0","","0.00","","0","","","","0","0.0","0","0","0","0","0","0.0","0","","0","0.000","0","","0","","0","","0","0","0.0","0","0.0","","","","100.0","","","0.00","","0.0","0.0","0.0","0.00","0.0"
"360","Tyrell Shavers","BUF","WR","17","2025","3","50.0","0.0","0","0.0","0","0.0","0.0","","0","","0","0.0","0.0","","0.00","","0","","","","0","0.0","0","0","0","0","0","0.0","0","","0","0.000","0","","0","","0","","0","0","0.0","0","0.0","","","","100.0","","","0.00","","0.0","0.0","0.0","0.00","0.0"
"361","Tylan Wallace","BLT","WR","14","2025","4","100.0","0.0","0","0.0","0","0.0","0.0","","0","","0","0.0","0.0","","0.00","","0","","","","0","0.0","0","0","0","0","0","0.0","0","","0","0.000","0","","0","","0","","0","0","0.0","0","0.0","","","","100.0","","","0.00","","0.0","0.0","0.0","0.00","0.0"
"362","George Pickens","DAL","WR","17","2025","10","100.0","0.0","0","0.0","0","0.0","0.0","","0","","0","0.0","0.0","","0.00","","0","","","","0","0.0","0","0","0","0","0","0.0","0","","0","0.000","0","","0","","0","","0","0","0.0","0","0.0","","","","100.0","","","0.00","","0.0","0.0","0.0","0.00","0.0"
"363","Dylan Sampson","CLV","RB","15","2025","1","50.0","0.0","0","0.0","0","0.0","0.0","","0","","0","0.0","0.0","","0.00","","0","","","","0","0.0","0","0","0","0","0","0.0","0","","0","0.000","0","","0","","0","","0","0","0.0","0","0.0","","","","100.0","","","0.00","","0.0","0.0","0.0","0.00","0.0"
"364","Rashod Bateman","BLT","WR","13","2025","2","100.0","0.0","0","0.0","0","0.0","0.0","","0","","0","0.0","0.0","","0.00","","0","","","","0","0.0","0","0","0","0","0","0.0","0","","0","0.000","0","","0","","0","","0","0","0.0","0","0.0","","","","100.0","","","0.00","","0.0","0.0","0.0","0.00","0.0"
"365","David Martin-Robinson","TEN","TE","15","2025","2","100.0","14.0","14","100.0","1","0.1","100.0","0.50","0","","0","0.0","0.0","","0.00","","0","","","","0","0.0","0","0","0","0","0","0.0","0","","0","0.000","0","","0","","0","","0","0","0.0","0","39.6","100.0","-10.3","","100.0","","","0.00","","0.0","1.6","0.1","0.81","1.6"
"366","Tyler Higbee","LA","TE","10","2025","10","90.9","4.0","4","4.3","1","0.1","9.1","0.10","0","","0","0.0","0.0","","0.00","","0","","","","0","0.0","0","0","0","0","1","14.3","0","","0","0.000","0","","0","","0","","0","0","0.0","0","39.6","9.1","-6.1","","100.0","","","0.00","","0.0","1.5","0.2","0.15","1.5"
"367","Malik Nabers","NYG","WR","4","2025","3","100.0","0.0","0","0.0","0","0.0","0.0","","0","","0","0.0","0.0","","0.00","","0","","","","0","0.0","0","0","0","0","0","0.0","0","","0","0.000","0","","0","","0","","0","0","0.0","0","0.0","","","","100.0","","","0.00","","0.0","0.0","0.0","0.00","0.0"
"368","Drake Dabney","GB","TE","2","2025","1","100.0","0.0","0","0.0","0","0.0","0.0","","0","","0","0.0","0.0","","0.00","","0","","","","0","0.0","0","0","0","0","0","0.0","0","","0","0.000","0","","0","","0","","0","0","0.0","0","0.0","","","","100.0","","","0.00","","0.0","0.0","0.0","0.00","0.0"
"369","Dalevon Campbell","CAR","WR","2","2025","1","100.0","0.0","0","0.0","0","0.0","0.0","","0","","0","0.0","0.0","","0.00","","0","","","","0","0.0","0","0","0","0","0","0.0","0","","0","0.000","0","","0","","0","","0","0","0.0","0","0.0","","","","100.0","","","0.00","","0.0","0.0","0.0","0.00","0.0"
"370","Bam Knight","ARZ","RB","12","2025","2","100.0","0.0","0","0.0","0","0.0","0.0","","0","","0","0.0","0.0","","0.00","","0","","","","0","0.0","0","0","0","0","0","0.0","0","","0","0.000","0","","0","","0","","0","0","0.0","0","0.0","","","","100.0","","","0.00","","0.0","0.0","0.0","0.00","0.0"
"371","Jake Bobo","SEA","WR","11","2025","3","100.0","0.0","0","0.0","0","0.0","0.0","","0","","0","0.0","0.0","","0.00","","0","","","","0","0.0","0","0","0","0","0","0.0","0","","0","0.000","0","","0","","0","","0","0","0.0","0","0.0","","","","100.0","","","0.00","","0.0","0.0","0.0","0.00","0.0"
"372","Mason Kinsey","TEN","WR","10","2025","1","100.0","0.0","0","0.0","0","0.0","0.0","","0","","0","0.0","0.0","","0.00","","0","","","","0","0.0","0","0","0","0","0","0.0","0","","0","0.000","0","","0","","0","","0","0","0.0","0","0.0","","","","100.0","","","0.00","","0.0","0.0","0.0","0.00","0.0"
"373","Chris Moore","WAS","WR","14","2025","5","83.3","0.0","0","0.0","0","0.0","0.0","","0","","0","0.0","0.0","","0.00","","0","","","","0","0.0","0","0","0","0","0","0.0","0","","0","0.000","0","","0","","0","","0","0","0.0","0","0.0","","","","100.0","","","0.00","","0.0","0.0","0.0","0.00","0.0"