"Player Details","","","","","","Receiving","","","","","","","","","","","","","","","","","","","","","","","Advanced","","","","","","","","","","","","","","","","","","","","","","","","","","","FPTS","","","","","",""
"Rank","Name","Team","POS","G","Season","RTE","RTE %","aDOT","AY","AY Share","TGT","TGT/G","TGT %","TPRR","REC","CR %","YDS","RecYDS/G","TM YDS %","YPRR","YPT","YPR","YAC","YAC/REC","YACO","YACO/REC","TD","TM TD %","i20 TGT","EZTGT","EZTD","DP TGT","1READ","1READ %","MTF","MTF/REC","1D","1D/RR","DRP","DRP %","CTGT","CTGT %","DESIGN","DESIGN %","CT","CC","CC %","HERO","RATE","THREAT","YPTOE","WIDE RTE %","SLOT RTE %","INLINE RTE %","BACK RTE %","FP/RR","FP/G","FP","XFP","XFP/G","XFP/RR","RecXFP"
"1","Jordan Addison","MIN","WR","14","2025","43","93.5","19.8","297","67.0","15","1.1","39.5","0.35","11","73.3","265","18.9","67.9","6.16","17.67","24.09","77","7.00","12","1.09","0","0.0","1","1","0","7","11","42.3","0","","6","0.140","1","6.7","12","80.0","1","6.7","2","1","50.0","0","75.7","39.5","7.4","100.0","","","","0.87","2.7","37.5","25.3","1.8","0.59","25.3"
"2","CeeDee Lamb","DAL","WR","14","2025","35","94.6","19.3","232","71.6","12","0.9","36.4","0.34","8","66.7","147","10.5","61.8","4.20","12.25","18.38","17","2.13","6","0.75","0","0.0","0","0","0","4","9","40.9","0","","4","0.114","1","8.3","10","83.3","0","","2","1","50.0","0","108.7","36.4","2.3","100.0","","","","0.65","1.6","22.7","20.7","1.5","0.59","20.7"
"3","Terry McLaurin","WAS","WR","10","2025","26","96.3","24.3","146","69.9","6","0.6","26.1","0.23","5","83.3","143","14.3","62.7","5.50","23.83","28.60","34","6.80","21","4.20","1","100.0","0","0","0","3","4","33.3","2","0.40","4","0.154","0","","5","83.3","0","","1","1","100.0","0","158.3","28.6","11.9","100.0","","","","0.97","2.5","25.3","12.2","1.2","0.47","12.2"
"4","Alec Pierce","IND","WR","15","2025","58","98.3","19.2","211","43.6","11","0.7","21.6","0.19","7","63.6","129","8.6","33.5","2.22","11.73","18.43","40","5.71","20","2.86","1","33.3","1","1","1","4","11","29.7","1","0.14","6","0.103","0","","8","72.7","0","","3","1","33.3","0","134.3","22.4","1.6","100.0","","","","0.45","1.7","25.9","20.9","1.4","0.36","20.9"
"5","Jaxon Smith-Njigba","SEA","WR","17","2025","40","100.0","8.3","99","36.3","12","0.7","32.4","0.30","10","83.3","122","7.2","47.3","3.05","10.17","12.20","37","3.70","12","1.20","0","0.0","0","0","0","0","9","37.5","0","","7","0.175","0","","11","91.7","2","16.7","2","1","50.0","0","109.0","34.3","2.3","100.0","","","","0.56","1.3","22.2","19.9","1.2","0.50","19.9"
"6","Ja'Marr Chase","CIN","WR","16","2025","42","89.4","14.7","132","45.7","9","0.6","20.9","0.21","7","77.8","116","7.3","30.3","2.76","12.89","16.57","34","4.86","18","2.57","0","0.0","0","0","0","2","9","32.1","0","","5","0.119","0","","7","77.8","0","","1","1","100.0","0","118.8","20.9","3.7","100.0","","","","0.44","1.2","18.6","17.0","1.1","0.41","17.0"
"7","Tee Higgins","CIN","WR","15","2025","43","91.5","12.7","127","38.3","10","0.7","23.3","0.23","5","50.0","107","7.1","27.0","2.49","10.70","21.40","41","8.20","6","1.20","2","100.0","0","0","0","2","9","29.0","2","0.40","4","0.093","0","","6","60.0","0","","2","1","50.0","0","127.9","23.8","2.0","100.0","","","","0.64","1.8","27.7","19.7","1.3","0.46","19.7"
"8","Puka Nacua","LA","WR","16","2025","31","96.9","9.8","88","27.9","9","0.6","31.0","0.29","5","55.6","99","6.2","27.9","3.19","11.00","19.80","61","12.20","24","4.80","0","0.0","0","0","0","2","5","31.3","2","0.40","3","0.097","0","","5","55.6","0","","0","0","0.0","0","94.2","31.0","2.8","100.0","","","","0.48","0.9","14.9","15.4","1.0","0.50","15.4"
"9","Nico Collins","HST","WR","15","2025","50","98.0","9.5","95","28.7","10","0.7","21.7","0.20","8","80.0","98","6.5","25.7","1.96","9.80","12.25","25","3.13","15","1.88","0","0.0","1","0","0","0","8","33.3","1","0.13","6","0.120","1","10.0","10","100.0","0","","5","4","80.0","1","107.5","23.8","1.7","100.0","","","","0.36","1.2","17.8","18.3","1.2","0.37","18.3"
"10","Van Jefferson","TEN","WR","16","2025","45","90.0","17.5","140","46.4","8","0.5","17.4","0.18","6","75.0","91","5.7","32.0","2.02","11.38","15.17","3","0.50","","","0","0.0","0","0","0","3","7","24.1","0","","3","0.067","0","","7","87.5","0","","3","2","66.7","1","112.0","21.6","1.6","100.0","","","","0.34","0.9","15.1","13.8","0.9","0.31","13.8"
"11","Courtland Sutton","DEN","WR","17","2025","58","87.9","12.2","110","29.5","9","0.5","15.0","0.16","7","77.8","89","5.2","25.5","1.53","9.89","12.71","27","3.86","18","2.57","0","0.0","0","0","0","1","5","15.6","1","0.14","5","0.086","1","11.1","8","88.9","0","","1","1","100.0","1","107.9","15.5","1.0","100.0","","","","0.27","0.9","15.9","15.3","0.9","0.26","15.3"
"12","Davante Adams","LA","WR","14","2025","26","96.3","15.4","77","37.7","5","0.4","20.8","0.19","5","100.0","86","6.1","29.4","3.31","17.20","17.20","9","1.80","1","0.20","0","0.0","0","0","0","0","3","25.0","1","0.20","5","0.192","0","","5","100.0","0","","1","1","100.0","0","118.8","21.7","7.2","100.0","","","","0.52","1.0","13.6","8.3","0.6","0.32","8.3"
"13","Emeka Egbuka","TB","WR","17","2025","25","92.6","28.3","113","43.6","4","0.2","17.4","0.16","3","75.0","84","4.9","27.3","3.36","21.00","28.00","13","4.33","1","0.33","0","0.0","0","0","0","2","4","30.8","0","","2","0.080","0","","3","75.0","0","","0","0","0.0","0","116.7","18.2","9.5","100.0","","","","0.46","0.7","11.4","12.7","0.7","0.51","12.7"
"14","DK Metcalf","PIT","WR","15","2025","40","90.9","13.7","123","59.4","9","0.6","22.0","0.23","4","44.4","82","5.5","27.2","2.05","9.11","20.50","12","3.00","4","1.00","1","50.0","0","1","1","2","7","29.2","0","","2","0.050","0","","7","77.8","0","","3","0","0.0","0","74.5","23.7","0.2","100.0","","","","0.46","1.2","18.2","15.9","1.1","0.40","15.9"
"15","George Pickens","DAL","WR","17","2025","67","97.1","8.3","99","22.4","12","0.7","18.5","0.18","9","75.0","81","4.8","19.3","1.21","6.75","9.00","28","3.11","22","2.44","1","100.0","2","2","1","1","11","28.9","1","0.11","7","0.104","1","8.3","11","91.7","0","","3","2","66.7","0","120.5","18.8","-0.3","100.0","","","","0.34","1.4","23.1","26.6","1.6","0.40","26.6"
"16","Jauan Jennings","SF","WR","15","2025","34","97.1","12.4","112","45.7","9","0.6","27.3","0.26","6","66.7","79","5.3","32.5","2.32","8.78","13.17","14","2.33","8","1.33","1","100.0","3","1","1","2","8","53.3","1","0.17","4","0.118","0","","7","77.8","0","","2","1","50.0","0","91.7","27.3","0.2","100.0","","","","0.59","1.3","19.9","19.5","1.3","0.57","19.5"
"17","Jameson Williams","DET","WR","17","2025","35","87.5","12.3","49","46.2","4","0.2","10.8","0.11","3","75.0","77","4.5","23.3","2.20","19.25","25.67","39","13.00","29","9.67","0","0.0","0","0","0","0","3","10.7","3","1.00","2","0.057","1","25.0","4","100.0","0","","0","0","0.0","0","116.7","11.4","10.3","100.0","","","","0.31","0.6","10.7","6.8","0.4","0.19","6.8"
"18","DeVonta Smith","PHI","WR","17","2025","14","100.0","21.8","87","64.0","4","0.2","33.3","0.29","3","75.0","77","4.5","49.0","5.50","19.25","25.67","5","1.67","4","1.33","0","0.0","0","0","0","1","4","57.1","0","","2","0.143","1","25.0","4","100.0","0","","1","1","100.0","1","116.7","33.3","7.9","100.0","","","","0.76","0.6","10.7","6.9","0.4","0.49","6.9"
"19","DJ Moore","CHI","WR","17","2025","42","91.3","15.4","123","35.9","8","0.5","20.0","0.19","4","50.0","74","4.4","22.8","1.76","9.25","18.50","20","5.00","10","2.50","0","0.0","0","1","0","2","4","21.1","0","","3","0.071","0","","5","62.5","2","25.0","1","0","0.0","0","82.3","22.2","-0.7","100.0","","","","0.27","0.7","11.4","15.3","0.9","0.36","15.3"
"20","Justin Jefferson","MIN","WR","17","2025","51","100.0","13.3","120","29.0","9","0.5","20.9","0.18","5","55.6","71","4.2","19.3","1.39","7.89","14.20","18","3.60","5","1.00","0","0.0","1","0","0","3","8","29.6","0","","2","0.039","1","11.1","7","77.8","1","11.1","3","2","66.7","0","81.3","22.5","-1.3","100.0","","","","0.24","0.7","12.1","16.1","0.9","0.32","16.1"
"21","Michael Pittman","IND","WR","17","2025","46","95.8","14.3","143","32.9","10","0.6","22.2","0.22","6","60.0","66","3.9","23.2","1.43","6.60","11.00","8","1.33","5","0.83","2","66.7","1","1","1","3","10","27.8","0","","2","0.043","1","10.0","9","90.0","1","10.0","3","1","33.3","1","119.2","23.3","-2.3","100.0","","","","0.53","1.4","24.6","18.0","1.1","0.39","18.0"
"22","Kayshon Boutte","NE","WR","14","2025","29","100.0","25.2","126","56.5","5","0.4","22.7","0.17","3","60.0","64","4.6","39.5","2.21","12.80","21.33","3","1.00","1","0.33","1","50.0","1","0","0","2","5","33.3","0","","2","0.069","0","","4","80.0","0","","2","1","50.0","0","104.2","26.3","1.7","100.0","","","","0.53","1.1","15.4","11.0","0.8","0.38","11.0"
"23","Jaylen Waddle","MIA","WR","16","2025","21","87.5","18.2","109","57.4","6","0.4","27.3","0.29","4","66.7","63","3.9","30.3","3.00","10.50","15.75","4","1.00","","","0","0.0","0","0","0","2","6","35.3","0","","4","0.190","0","","4","66.7","0","","1","1","100.0","0","61.8","28.6","0.1","100.0","","","","0.51","0.7","10.6","12.2","0.8","0.58","12.2"
"24","Jerry Jeudy","CLV","WR","17","2025","44","97.8","17.2","86","37.6","5","0.3","13.2","0.11","3","60.0","62","3.6","22.8","1.41","12.40","20.67","4","1.33","1","0.33","0","0.0","1","0","0","1","4","21.1","0","","3","0.068","1","20.0","4","80.0","0","","0","0","0.0","0","64.2","13.9","1.4","100.0","","","","0.21","0.5","9.2","8.3","0.5","0.19","8.3"
"25","DeAndre Hopkins","BLT","WR","17","2025","11","91.7","19.7","59","51.8","3","0.2","27.3","0.27","3","100.0","62","3.6","60.2","5.64","20.67","20.67","3","1.00","2","0.67","1","100.0","0","0","0","1","3","42.9","0","","3","0.273","0","","3","100.0","0","","2","2","100.0","1","158.3","30.0","9.2","100.0","","","","1.38","0.9","15.2","6.2","0.4","0.56","6.2"
"26","Romeo Doubs","GB","WR","16","2025","39","97.5","10.9","98","21.6","9","0.6","25.0","0.23","6","66.7","55","3.4","27.2","1.41","6.11","9.17","10","1.67","2","0.33","0","0.0","0","0","0","2","7","25.9","1","0.17","4","0.103","1","11.1","7","77.8","0","","3","2","66.7","0","83.1","25.7","-2.3","100.0","","","","0.29","0.7","11.5","16.9","1.1","0.43","16.9"
"27","Elic Ayomanor","TEN","WR","16","2025","42","85.7","8.3","66","17.8","8","0.5","17.0","0.19","5","62.5","54","3.4","22.0","1.29","6.75","10.80","17","3.40","11","2.20","0","0.0","0","0","0","1","6","18.8","1","0.20","3","0.071","0","","6","75.0","1","12.5","1","0","0.0","0","82.3","20.5","-0.9","100.0","","","","0.25","0.7","10.4","12.8","0.8","0.31","12.8"
"28","Jayden Higgins","HST","WR","17","2025","30","90.9","15.2","152","59.1","10","0.6","33.3","0.33","6","60.0","53","3.1","25.7","1.77","5.30","8.83","7","1.17","2","0.33","0","0.0","1","1","0","3","9","37.5","0","","4","0.133","0","","6","60.0","0","","1","1","100.0","0","74.2","34.5","-3.8","100.0","","","","0.38","0.7","11.3","17.9","1.1","0.60","17.9"
"29","Travis Kelce","KC","TE","17","2025","19","95.0","5.2","26","31.0","5","0.3","29.4","0.26","5","100.0","52","3.1","40.9","2.74","10.40","10.40","26","5.20","6","1.20","0","0.0","0","0","0","0","5","55.6","0","","3","0.158","0","","5","100.0","1","20.0","1","1","100.0","0","110.0","33.3","3.3","100.0","","","","0.54","0.6","10.2","7.7","0.5","0.41","7.7"
"30","JuJu Smith-Schuster","KC","WR","17","2025","19","90.5","6.3","19","11.1","3","0.2","15.8","0.16","3","100.0","51","3.0","29.3","2.68","17.00","17.00","32","10.67","13","4.33","0","0.0","0","0","0","0","2","13.3","2","0.67","2","0.105","0","","3","100.0","1","33.3","0","0","0.0","0","118.8","15.8","9.6","100.0","","","","0.43","0.5","8.1","4.8","0.3","0.25","4.8"
"31","Michael Wilson","ARZ","WR","17","2025","44","97.8","10.2","61","28.9","6","0.4","17.1","0.14","4","66.7","49","2.9","26.1","1.11","8.17","12.25","14","3.50","4","1.00","1","100.0","1","0","0","0","4","22.2","0","","3","0.068","0","","4","66.7","0","","1","1","100.0","0","131.3","18.2","0.3","100.0","","","","0.34","0.9","14.9","10.7","0.6","0.24","10.7"
"32","Rashid Shaheed","SEA, NO","WR","18","2025","23","100.0","14.0","42","30.7","3","0.2","13.6","0.13","3","100.0","49","2.7","49.0","2.13","16.33","16.33","7","2.33","34","11.33","0","0.0","0","0","0","0","3","33.3","0","","2","0.087","0","","3","100.0","0","","1","1","100.0","0","118.8","14.3","6.6","100.0","","","","0.34","0.4","7.9","5.0","0.3","0.22","5.0"
"33","Darnell Mooney","ATL","WR","15","2025","30","88.2","20.4","143","58.8","7","0.5","22.6","0.23","4","57.1","49","3.3","19.7","1.63","7.00","12.25","4","1.00","-3","-0.75","0","0.0","0","0","0","3","6","31.6","0","","2","0.067","1","14.3","5","71.4","0","","0","0","0.0","0","78.9","25.0","-3.8","100.0","","","","0.30","0.6","8.9","12.1","0.8","0.40","12.1"
"34","Drake London","ATL","WR","12","2025","17","94.4","11.6","58","50.0","5","0.4","29.4","0.29","2","40.0","48","4.0","36.4","2.82","9.60","24.00","14","7.00","1","0.50","0","0.0","0","0","0","1","5","50.0","0","","1","0.059","0","","2","40.0","0","","0","0","0.0","0","75.4","31.3","0.9","100.0","","","","0.34","0.5","5.8","9.0","0.7","0.53","9.0"
"35","Jaylin Noel","HST","WR","17","2025","10","100.0","40.0","40","39.6","1","0.1","10.0","0.10","1","100.0","43","2.5","39.8","4.30","43.00","43.00","3","3.00","","","1","100.0","0","0","0","1","1","11.1","0","","1","0.100","0","","1","100.0","0","","0","0","0.0","0","158.3","10.0","28.0","100.0","","","","1.13","0.7","11.3","3.0","0.2","0.30","3.0"
"36","Calvin Austin","PIT","WR","14","2025","15","83.3","13.3","40","54.8","3","0.2","18.8","0.20","3","100.0","42","3.0","29.6","2.80","14.00","14.00","2","0.67","","","1","100.0","0","1","1","1","3","27.3","0","","1","0.067","0","","3","100.0","0","","0","0","0.0","0","158.3","20.0","5.0","100.0","","","","0.88","0.9","13.2","5.5","0.4","0.37","5.5"
"37","Wan'Dale Robinson","NYG","WR","16","2025","16","100.0","4.7","28","17.3","6","0.4","42.9","0.38","6","100.0","41","2.6","64.1","2.56","6.83","6.83","13","2.17","5","0.83","0","0.0","0","0","0","0","4","44.4","2","0.33","1","0.063","0","","6","100.0","1","16.7","1","1","100.0","0","95.1","42.9","0.5","100.0","","","","0.63","0.6","10.1","9.0","0.6","0.56","9.0"
"38","Jalen Tolbert","DAL","WR","13","2025","20","100.0","5.8","29","42.6","5","0.4","26.3","0.25","4","80.0","39","3.0","40.2","1.95","7.80","9.75","24","6.00","10","2.50","0","0.0","1","0","0","0","3","42.9","1","0.25","2","0.100","0","","4","80.0","0","","0","0","0.0","0","99.2","27.8","0.6","100.0","","","","0.40","0.6","7.9","7.5","0.6","0.37","7.5"
"39","Isaiah Likely","BLT","TE","14","2025","2","100.0","15.0","30","100.0","2","0.1","100.0","1.00","2","100.0","38","2.7","100.0","19.00","19.00","19.00","8","4.00","3","1.50","0","0.0","0","0","0","1","1","100.0","1","0.50","1","0.500","0","","2","100.0","0","","0","0","0.0","0","118.8","100.0","10.4","100.0","","","","2.90","0.4","5.8","2.9","0.2","1.47","2.9"
"40","Keon Coleman","BUF","WR","13","2025","14","100.0","12.7","38","50.0","3","0.2","30.0","0.21","3","100.0","38","2.9","47.5","2.71","12.67","12.67","0","","","","0","0.0","0","0","0","1","3","50.0","0","","2","0.143","0","","3","100.0","0","","1","1","100.0","0","118.8","33.3","3.9","100.0","","","","0.49","0.5","6.8","4.8","0.4","0.35","4.8"
"41","Chris Olave","NO","WR","16","2025","19","95.0","9.3","37","31.4","4","0.3","25.0","0.21","4","100.0","38","2.4","30.4","2.00","9.50","9.50","1","0.25","-1","-0.25","0","0.0","0","0","0","1","3","27.3","0","","2","0.105","0","","4","100.0","0","","0","0","0.0","0","106.3","25.0","2.3","100.0","","","","0.41","0.5","7.8","6.4","0.4","0.34","6.4"
"42","A.J. Brown","PHI","WR","15","2025","28","100.0","6.2","31","13.0","5","0.3","22.7","0.18","5","100.0","38","2.5","19.0","1.36","7.60","7.60","7","1.40","3","0.60","0","0.0","0","0","0","0","4","30.8","0","","1","0.036","0","","5","100.0","0","","1","1","100.0","0","98.3","22.7","0.9","100.0","","","","0.31","0.6","8.8","7.5","0.5","0.27","7.5"
"43","Tre Tucker","LV","WR","17","2025","36","90.0","11.3","34","23.9","3","0.2","8.6","0.08","2","66.7","38","2.2","16.9","1.06","12.67","19.00","13","6.50","3","1.50","0","0.0","0","0","0","1","2","8.7","0","","2","0.056","0","","3","100.0","0","","1","0","0.0","0","109.7","9.1","4.4","100.0","","","","0.16","0.3","5.8","6.8","0.4","0.19","6.8"
"44","Xavier Hutchinson","HST","WR","17","2025","44","100.0","13.4","67","19.2","5","0.3","12.5","0.11","3","60.0","37","2.2","11.1","0.84","7.40","12.33","4","1.33","","","0","0.0","0","0","0","2","4","17.4","0","","1","0.023","0","","3","60.0","0","","0","0","0.0","0","82.9","12.8","-1.8","100.0","","","","0.15","0.4","6.7","10.0","0.6","0.23","10.0"
"45","Rashee Rice","KC","WR","8","2025","13","100.0","9.7","29","22.8","3","0.4","27.3","0.23","2","66.7","36","4.5","23.4","2.77","12.00","18.00","16","8.00","3","1.50","0","0.0","0","0","0","1","1","20.0","0","","1","0.077","0","","3","100.0","1","33.3","1","0","0.0","0","107.6","33.3","3.7","100.0","","","","0.43","0.7","5.6","4.9","0.6","0.38","4.9"
"46","Cooper Kupp","SEA","WR","16","2025","22","91.7","11.3","45","40.5","4","0.3","19.0","0.18","3","75.0","36","2.3","26.7","1.64","9.00","12.00","7","2.33","2","0.67","0","0.0","1","1","0","1","3","21.4","0","","1","0.045","0","","3","75.0","0","","0","0","0.0","1","102.1","20.0","0.7","100.0","","","","0.30","0.4","6.6","8.3","0.5","0.38","8.3"
"47","Dyami Brown","JAX","WR","14","2025","12","100.0","8.0","24","18.5","3","0.2","30.0","0.25","3","100.0","35","2.5","68.6","2.92","11.67","11.67","11","3.67","4","1.33","0","0.0","0","0","0","0","3","60.0","1","0.33","1","0.083","0","","3","100.0","1","33.3","1","1","100.0","0","115.3","30.0","3.8","100.0","","","","0.54","0.5","6.5","4.5","0.3","0.38","4.5"
"48","Tyler Johnson","NYJ","WR","12","2025","5","100.0","8.0","16","51.6","2","0.2","50.0","0.40","2","100.0","35","2.9","87.5","7.00","17.50","17.50","19","9.50","","","0","0.0","0","0","0","0","1","50.0","0","","2","0.400","0","","2","100.0","0","","0","0","0.0","0","118.8","50.0","10.3","100.0","","","","1.10","0.5","5.5","3.2","0.3","0.65","3.2"
"49","Adonai Mitchell","NYJ, IND","WR","16","2025","35","97.2","24.5","147","51.6","6","0.4","20.7","0.17","2","33.3","34","2.1","23.6","0.97","5.67","17.00","7","3.50","4","2.00","0","0.0","0","0","0","3","5","26.3","0","","1","0.029","0","","3","50.0","0","","2","1","50.0","0","13.9","24.0","-6.0","100.0","","","","0.15","0.3","5.4","9.3","0.6","0.27","9.3"
"50","Christian Kirk","HST","WR","13","2025","7","100.0","3.0","3","6.7","1","0.1","16.7","0.14","1","100.0","33","2.5","51.6","4.71","33.00","33.00","30","30.00","1","1.00","0","0.0","0","0","0","0","0","0.0","0","","1","0.143","0","","1","100.0","0","","0","0","0.0","0","118.8","16.7","27.6","100.0","","","","0.61","0.3","4.3","1.3","0.1","0.19","1.3"
"51","Keenan Allen","LAC","WR","17","2025","33","97.1","10.5","63","34.4","6","0.4","25.0","0.18","4","66.7","33","1.9","35.5","1.00","5.50","8.25","14","3.50","3","0.75","0","0.0","0","0","0","1","5","35.7","0","","3","0.091","0","","6","100.0","1","16.7","1","0","0.0","0","80.6","31.6","-2.5","100.0","","","","0.22","0.4","7.3","9.9","0.6","0.30","9.9"
"52","Amon-Ra St. Brown","DET","WR","17","2025","21","80.8","7.7","54","108.0","7","0.4","26.9","0.33","5","71.4","33","1.9","22.1","1.57","4.71","6.60","12","2.40","4","0.80","0","0.0","0","0","0","1","7","35.0","0","","1","0.048","0","","5","71.4","2","28.6","0","0","0.0","1","81.3","29.2","-3.0","100.0","","","","0.40","0.5","8.3","11.2","0.7","0.53","11.2"
"53","Tyquan Thornton","KC","WR","14","2025","18","94.7","31.0","31","32.6","1","0.1","6.3","0.06","1","100.0","32","2.3","30.2","1.78","32.00","32.00","1","1.00","","","0","0.0","0","0","0","1","1","10.0","0","","1","0.056","0","","1","100.0","0","","0","0","0.0","0","118.8","7.7","19.4","100.0","","","","0.23","0.3","4.2","1.3","0.1","0.07","1.3"
"54","Stefon Diggs","NE","WR","17","2025","14","100.0","4.8","24","38.1","5","0.3","50.0","0.36","4","80.0","32","1.9","53.3","2.29","6.40","8.00","13","3.25","4","1.00","0","0.0","1","0","0","0","5","71.4","0","","2","0.143","0","","4","80.0","0","","1","1","100.0","0","93.3","62.5","0.0","100.0","","","","0.51","0.4","7.2","7.1","0.4","0.51","7.1"
"55","Marvin Harrison","ARZ","WR","12","2025","37","97.4","16.6","116","69.5","7","0.6","25.0","0.19","2","28.6","30","2.5","19.1","0.81","4.29","15.00","-3","-1.50","","","0","0.0","0","1","0","2","5","35.7","0","","2","0.054","1","14.3","4","57.1","0","","1","0","0.0","0","44.9","25.9","-5.7","100.0","","","","0.14","0.4","5.0","12.2","1.0","0.33","12.2"
"56","Cole Kmet","CHI","TE","16","2025","6","54.5","15.0","15","65.2","1","0.1","10.0","0.17","1","100.0","29","1.8","26.1","4.83","29.00","29.00","14","14.00","1","1.00","0","0.0","0","0","0","0","1","11.1","0","","1","0.167","0","","1","100.0","0","","0","0","0.0","0","118.8","10.0","18.4","100.0","","","","0.65","0.2","3.9","1.4","0.1","0.23","1.4"
"57","Luke Schoonmaker","DAL","TE","17","2025","3","100.0","6.0","6","10.9","1","0.1","33.3","0.33","1","100.0","29","1.7","32.6","9.67","29.00","29.00","23","23.00","5","5.00","0","0.0","0","0","0","0","0","0.0","0","","1","0.333","0","","1","100.0","0","","0","0","0.0","0","118.8","33.3","21.9","100.0","","","","1.30","0.2","3.9","1.5","0.1","0.51","1.5"
"58","Ladd McConkey","LAC","WR","16","2025","22","100.0","13.5","54","48.2","4","0.3","26.7","0.18","2","50.0","27","1.7","25.2","1.23","6.75","13.50","16","8.00","5","2.50","0","0.0","0","0","0","1","4","57.1","1","0.50","2","0.091","0","","2","50.0","0","","0","0","0.0","0","71.9","30.8","-2.0","100.0","","","","0.21","0.3","4.7","10.2","0.6","0.46","10.2"
"59","Jakobi Meyers","LV, JAX","WR","16","2025","19","100.0","5.8","23","14.5","4","0.3","30.8","0.21","3","75.0","26","1.6","29.5","1.37","6.50","8.67","16","5.33","3","1.00","0","0.0","0","0","0","0","3","42.9","0","","1","0.053","0","","3","75.0","1","25.0","0","0","0.0","0","52.1","30.8","-0.7","100.0","","","","0.29","0.4","5.6","6.1","0.4","0.32","6.1"
"60","Xavier Worthy","KC","WR","14","2025","31","100.0","12.0","48","27.4","4","0.3","14.3","0.13","1","25.0","26","1.9","11.5","0.84","6.50","26.00","12","12.00","","","0","0.0","0","0","0","1","3","15.0","0","","1","0.032","1","25.0","3","75.0","0","","0","0","0.0","0","54.2","16.0","-1.9","100.0","","","","0.12","0.3","3.6","6.8","0.5","0.22","6.8"
"61","Dante Pettis","NO","WR","8","2025","5","100.0","31.5","63","82.9","2","0.3","66.7","0.40","1","50.0","26","3.3","100.0","5.20","13.00","26.00","3","3.00","1","1.00","0","0.0","0","0","0","2","2","100.0","0","","1","0.200","0","","1","50.0","0","","0","0","0.0","0","95.8","66.7","0.4","100.0","","","","0.72","0.5","3.6","3.5","0.4","0.71","3.5"
"62","Mack Hollins","NE","WR","15","2025","15","100.0","15.8","63","42.9","4","0.3","33.3","0.27","3","75.0","24","1.6","30.8","1.60","6.00","8.00","8","2.67","","","0","0.0","0","0","0","1","4","50.0","1","0.33","1","0.067","0","","4","100.0","0","","1","0","0.0","0","89.6","33.3","-2.7","100.0","","","","0.36","0.4","5.4","5.6","0.4","0.37","5.6"
"63","Lil'Jordan Humphrey","NYG, DEN","WR","10","2025","7","63.6","6.7","20","71.4","3","0.3","30.0","0.43","3","100.0","24","2.4","33.8","3.43","8.00","8.00","4","1.33","2","0.67","0","0.0","0","0","0","0","3","33.3","0","","2","0.286","0","","3","100.0","0","","1","1","100.0","0","100.0","30.0","1.1","100.0","","","","0.77","0.5","5.4","4.3","0.4","0.61","4.3"
"64","Troy Franklin","DEN","WR","17","2025","31","96.9","14.2","71","33.5","5","0.3","17.2","0.16","3","60.0","24","1.4","16.6","0.77","4.80","8.00","6","2.00","2","0.67","0","0.0","0","0","0","2","3","20.0","0","","2","0.065","0","","4","80.0","1","20.0","1","0","0.0","0","72.1","17.9","-4.4","100.0","","","","0.17","0.3","5.4","8.5","0.5","0.27","8.5"
"65","Devin Duvernay","CHI","WR","17","2025","1","100.0","26.0","26","100.0","1","0.1","100.0","1.00","1","100.0","24","1.4","100.0","24.00","24.00","24.00","-2","-2.00","-1","-1.00","0","0.0","0","0","0","1","0","0.0","0","","1","1.000","0","","1","100.0","0","","1","1","100.0","0","118.8","100.0","11.0","100.0","","","","3.40","0.2","3.4","2.7","0.2","2.71","2.7"
"66","Tetairoa McMillan","CAR","WR","17","2025","27","96.4","12.3","49","61.3","4","0.2","16.7","0.15","2","50.0","23","1.4","15.8","0.85","5.75","11.50","3","1.50","1","0.50","0","0.0","0","0","0","0","3","23.1","0","","1","0.037","0","","2","50.0","0","","0","0","0.0","0","67.7","18.2","-3.2","100.0","","","","0.16","0.3","4.3","6.6","0.4","0.24","6.6"
"67","Christian Watson","GB","WR","10","2025","24","92.3","34.8","174","77.3","5","0.5","22.7","0.21","2","40.0","23","2.3","21.3","0.96","4.60","11.50","-1","-0.50","","","0","0.0","0","0","0","3","5","31.3","0","","2","0.083","0","","3","60.0","0","","2","1","50.0","0","15.0","23.8","-8.0","100.0","","","","0.18","0.4","4.3","8.0","0.8","0.33","8.0"
"68","Kevin Austin","NO","WR","8","2025","6","100.0","9.3","28","103.7","3","0.4","50.0","0.50","2","66.7","22","2.8","46.8","3.67","7.33","11.00","7","3.50","4","2.00","0","0.0","0","0","0","0","2","40.0","0","","1","0.167","0","","2","66.7","0","","0","0","0.0","0","88.2","50.0","-0.3","100.0","","","","0.70","0.5","4.2","4.7","0.6","0.78","4.7"
"69","Rashod Bateman","BLT","WR","13","2025","22","88.0","8.5","17","27.9","2","0.2","9.1","0.09","2","100.0","22","1.7","16.5","1.00","11.00","11.00","5","2.50","","","0","0.0","0","0","0","0","1","6.7","0","","1","0.045","0","","2","100.0","0","","0","0","0.0","0","112.5","10.5","3.4","100.0","","","","0.19","0.3","4.2","3.0","0.2","0.14","3.0"
"70","Adam Thielen","MIN, PIT","WR","16","2025","6","75.0","9.0","18","150.0","2","0.1","33.3","0.33","2","100.0","22","1.4","48.9","3.67","11.00","11.00","4","2.00","","","0","0.0","0","0","0","0","2","40.0","0","","2","0.333","0","","2","100.0","0","","1","1","100.0","0","112.5","33.3","3.5","100.0","","","","0.70","0.3","4.2","2.8","0.2","0.47","2.8"
"71","Darren Waller","MIA","TE","9","2025","3","75.0","19.0","19","111.8","1","0.1","25.0","0.33","1","100.0","21","2.3","75.0","7.00","21.00","21.00","2","2.00","","","0","0.0","0","0","0","0","1","33.3","0","","1","0.333","0","","1","100.0","0","","0","0","0.0","0","118.8","25.0","10.4","100.0","","","","1.03","0.3","3.1","1.4","0.2","0.47","1.4"
"72","Mason Taylor","NYJ","TE","13","2025","6","85.7","6.0","18","47.4","3","0.2","50.0","0.50","2","66.7","21","1.6","51.2","3.50","7.00","10.50","8","4.00","4","2.00","0","0.0","0","0","0","0","2","66.7","0","","1","0.167","1","33.3","3","100.0","0","","1","1","100.0","0","86.8","50.0","0.1","100.0","","","","0.68","0.3","4.1","4.5","0.3","0.75","4.5"
"73","Kendrick Bourne","SF","WR","16","2025","25","83.3","6.5","13","12.1","2","0.1","7.1","0.08","2","100.0","21","1.3","15.4","0.84","10.50","10.50","8","4.00","4","2.00","0","0.0","0","0","0","0","2","10.5","0","","2","0.080","0","","2","100.0","0","","1","1","100.0","0","110.4","7.4","3.5","100.0","","","","0.16","0.3","4.1","3.1","0.2","0.12","3.1"
"74","Jahmyr Gibbs","DET","RB","17","2025","2","100.0","-1.0","-2","100.0","2","0.1","100.0","1.00","1","50.0","20","1.2","100.0","10.00","10.00","20.00","23","23.00","6","6.00","1","100.0","1","0","0","0","2","100.0","2","2.00","1","0.500","1","50.0","2","100.0","1","50.0","0","0","0.0","0","125.0","100.0","4.1","100.0","","","","4.50","0.5","9.0","2.7","0.2","1.33","2.7"
"75","Jordan Whittington","LA","WR","17","2025","9","100.0","11.0","11","16.7","1","0.1","12.5","0.11","1","100.0","19","1.1","14.8","2.11","19.00","19.00","8","8.00","3","3.00","0","0.0","0","0","0","0","1","33.3","0","","1","0.111","0","","1","100.0","0","","0","0","0.0","0","118.8","12.5","10.7","100.0","","","","0.32","0.2","2.9","1.5","0.1","0.17","1.5"
"76","Isaiah Bond","CLV","WR","16","2025","13","100.0","13.5","54","67.5","4","0.3","33.3","0.31","3","75.0","19","1.2","47.5","1.46","4.75","6.33","5","1.67","","","0","0.0","0","0","0","1","3","60.0","0","","2","0.154","0","","4","100.0","1","25.0","2","1","50.0","0","84.4","40.0","-3.9","100.0","","","","0.38","0.3","4.9","5.5","0.3","0.42","5.5"
"77","Tyreek Hill","MIA","WR","4","2025","3","75.0","18.0","18","66.7","1","0.3","25.0","0.33","1","100.0","19","4.8","90.5","6.33","19.00","19.00","1","1.00","","","0","0.0","0","0","0","0","0","0.0","0","","1","0.333","0","","1","100.0","0","","0","0","0.0","0","118.8","33.3","8.1","100.0","","","","0.97","0.7","2.9","1.9","0.5","0.62","1.9"
"78","Jalen McMillan","TB","WR","4","2025","5","100.0","13.0","26","51.0","2","0.5","50.0","0.40","1","50.0","19","4.8","70.4","3.80","9.50","19.00","2","2.00","","","0","0.0","1","0","0","0","0","0.0","0","","1","0.200","1","50.0","2","100.0","0","","0","0","0.0","0","83.3","50.0","-0.1","100.0","","","","0.58","0.7","2.9","3.7","0.9","0.75","3.7"
"79","Brenton Strange","JAX","TE","12","2025","3","100.0","16.7","50","100.0","3","0.3","100.0","1.00","2","66.7","19","1.6","100.0","6.33","6.33","9.50","1","0.50","","","1","100.0","0","1","1","2","3","100.0","0","","1","0.333","0","","2","66.7","1","33.3","0","0","0.0","0","123.6","100.0","-3.6","100.0","","","","3.30","0.8","9.9","5.1","0.4","1.70","5.1"
"80","Chris Rodriguez","WAS","RB","13","2025","1","100.0","0.0","0","0.0","1","0.1","100.0","1.00","1","100.0","18","1.4","100.0","18.00","18.00","18.00","18","18.00","4","4.00","0","0.0","0","0","0","0","0","0.0","0","","1","1.000","0","","1","100.0","0","","0","0","0.0","0","118.8","100.0","12.2","100.0","","","","2.80","0.2","2.8","1.3","0.1","1.30","1.3"
"81","Colston Loveland","CHI","TE","16","2025","8","88.9","6.7","20","58.8","3","0.2","42.9","0.38","2","66.7","18","1.1","25.4","2.25","6.00","9.00","4","2.00","3","1.50","0","0.0","0","0","0","0","2","40.0","0","","1","0.125","0","","3","100.0","0","","1","1","100.0","0","82.6","42.9","-1.4","100.0","","","","0.48","0.2","3.8","4.4","0.3","0.55","4.4"
"82","Casey Washington","ATL","WR","7","2025","5","100.0","15.7","47","72.3","3","0.4","60.0","0.60","1","33.3","17","2.4","32.1","3.40","5.67","17.00","0","","","","0","0.0","0","0","0","0","1","50.0","0","","1","0.200","1","33.3","3","100.0","0","","1","0","0.0","0","53.5","60.0","-4.9","100.0","","","","0.54","0.4","2.7","5.0","0.7","1.00","5.0"
"83","Jahan Dotson","PHI","WR","17","2025","14","100.0","8.5","17","21.0","2","0.1","16.7","0.14","2","100.0","17","1.0","24.6","1.21","8.50","8.50","0","","","","0","0.0","0","0","0","0","1","20.0","0","","1","0.071","0","","2","100.0","0","","0","0","0.0","0","102.1","20.0","0.6","100.0","","","","0.26","0.2","3.7","3.5","0.2","0.25","3.5"
"84","Dalton Schultz","HST","TE","17","2025","3","100.0","5.0","5","22.7","1","0.1","33.3","0.33","1","100.0","17","1.0","45.9","5.67","17.00","17.00","12","12.00","5","5.00","0","0.0","0","0","0","0","0","0.0","1","1.00","1","0.333","0","","1","100.0","0","","0","0","0.0","0","118.8","33.3","10.5","100.0","","","","0.90","0.2","2.7","1.4","0.1","0.47","1.4"
"85","Nick Westbrook-Ikhine","MIA","WR","15","2025","7","58.3","10.0","10","16.4","1","0.1","9.1","0.14","1","100.0","17","1.1","17.9","2.43","17.00","17.00","7","7.00","5","5.00","0","0.0","0","0","0","0","1","11.1","0","","1","0.143","0","","1","100.0","0","","1","1","100.0","0","118.8","9.1","9.5","100.0","","","","0.39","0.2","2.7","1.4","0.1","0.20","1.4"
"86","Darius Slayton","NYG","WR","14","2025","30","93.8","16.3","49","21.8","3","0.2","11.5","0.10","2","66.7","16","1.1","18.0","0.53","5.33","8.00","3","1.50","1","0.50","0","0.0","0","0","0","1","2","11.8","0","","0","0.000","0","","3","100.0","0","","2","1","50.0","0","79.9","13.0","-3.9","100.0","","","","0.12","0.3","3.6","8.9","0.6","0.30","8.9"
"87","Jack Bech","LV","WR","16","2025","14","93.3","6.8","27","65.9","4","0.3","30.8","0.29","3","75.0","16","1.0","16.8","1.14","4.00","5.33","0","","","","0","0.0","0","0","0","0","3","33.3","0","","0","0.000","0","","3","75.0","0","","1","1","100.0","0","81.3","33.3","-3.0","100.0","","","","0.33","0.3","4.6","7.2","0.4","0.51","7.2"
"88","Pat Bryant","DEN","WR","15","2025","6","85.7","14.0","14","26.4","1","0.1","14.3","0.17","1","100.0","16","1.1","28.6","2.67","16.00","16.00","2","2.00","1","1.00","0","0.0","0","0","0","0","1","25.0","0","","1","0.167","0","","1","100.0","0","","0","0","0.0","0","118.8","14.3","6.2","100.0","","","","0.43","0.2","2.6","1.2","0.1","0.20","1.2"
"89","Dallas Goedert","PHI","TE","15","2025","10","100.0","9.0","9","32.1","1","0.1","16.7","0.10","1","100.0","16","1.1","25.8","1.60","16.00","16.00","7","7.00","1","1.00","0","0.0","0","0","0","0","0","0.0","0","","1","0.100","0","","1","100.0","0","","0","0","0.0","0","118.8","16.7","8.7","100.0","","","","0.26","0.2","2.6","1.6","0.1","0.16","1.6"
"90","Ryan Flournoy","DAL","WR","15","2025","19","95.0","6.4","32","21.1","5","0.3","25.0","0.26","3","60.0","16","1.1","18.4","0.84","3.20","5.33","19","6.33","6","2.00","0","0.0","0","0","0","1","2","14.3","1","0.33","0","0.000","1","20.0","4","80.0","0","","1","0","0.0","0","65.4","25.0","-4.1","100.0","","","","0.24","0.3","4.6","7.3","0.5","0.38","7.3"
"91","Sterling Shepard","TB","WR","13","2025","14","93.3","20.0","40","46.0","2","0.2","18.2","0.14","1","50.0","15","1.2","20.8","1.07","7.50","15.00","0","","","","0","0.0","1","1","0","1","2","28.6","0","","0","0.000","0","","1","50.0","0","","1","1","100.0","0","75.0","20.0","-3.4","100.0","","","","0.18","0.2","2.5","4.2","0.3","0.30","4.2"
"92","Brandin Cooks","NO, BUF","WR","15","2025","16","100.0","7.5","15","11.3","2","0.1","15.4","0.13","2","100.0","15","1.0","10.1","0.94","7.50","7.50","0","","-1","-0.50","0","0.0","0","0","0","0","1","16.7","0","","1","0.063","0","","2","100.0","0","","0","0","0.0","0","97.9","15.4","0.6","100.0","","","","0.22","0.2","3.5","3.0","0.2","0.18","3.0"
"93","Trent Sherfield","ARZ, DEN","WR","12","2025","3","60.0","6.0","6","27.3","1","0.1","20.0","0.33","1","100.0","15","1.3","50.0","5.00","15.00","15.00","9","9.00","9","9.00","0","0.0","0","0","0","0","1","33.3","1","1.00","1","0.333","0","","1","100.0","0","","0","0","0.0","0","118.8","20.0","8.1","100.0","","","","0.83","0.2","2.5","1.5","0.1","0.49","1.5"
"94","Trey McBride","ARZ","TE","17","2025","4","100.0","5.0","5","33.3","1","0.1","33.3","0.25","1","100.0","14","0.8","42.4","3.50","14.00","14.00","9","9.00","4","4.00","0","0.0","0","0","0","0","1","33.3","0","","1","0.250","0","","1","100.0","0","","0","0","0.0","0","118.8","33.3","7.5","100.0","","","","0.60","0.1","2.4","1.4","0.1","0.36","1.4"
"95","Travis Hunter","JAX","WR","7","2025","3","100.0","5.5","11","100.0","2","0.3","100.0","0.67","2","100.0","14","2.0","100.0","4.67","7.00","7.00","3","1.50","","","0","0.0","0","0","0","0","2","100.0","0","","1","0.333","0","","2","100.0","0","","0","0","0.0","0","95.8","100.0","0.5","100.0","","","","1.13","0.5","3.4","3.1","0.4","1.02","3.1"
"96","Josh Reynolds","NYJ","WR","5","2025","14","100.0","33.7","101","58.4","3","0.6","25.0","0.21","1","33.3","13","2.6","22.0","0.93","4.33","13.00","1","1.00","1","1.00","0","0.0","0","1","0","2","1","33.3","0","","0","0.000","0","","1","33.3","0","","0","0","0.0","0","8.3","27.3","-8.7","100.0","","","","0.16","0.5","2.3","6.9","1.4","0.49","6.9"
"97","Deebo Samuel","WAS","WR","16","2025","12","92.3","-2.5","-5","-5.4","2","0.1","18.2","0.17","2","100.0","12","0.8","10.2","1.00","6.00","6.00","17","8.50","5","2.50","0","0.0","1","0","0","0","2","22.2","0","","0","0.000","0","","2","100.0","2","100.0","0","0","0.0","0","91.7","20.0","0.8","100.0","","","","0.27","0.2","3.2","2.7","0.2","0.22","2.7"
"98","Devaughn Vele","NO","WR","13","2025","17","94.4","12.0","12","10.3","1","0.1","8.3","0.06","1","100.0","12","0.9","9.2","0.71","12.00","12.00","0","","","","0","0.0","0","0","0","0","1","20.0","0","","1","0.059","0","","1","100.0","0","","1","1","100.0","0","116.7","9.1","3.0","100.0","","","","0.13","0.2","2.2","1.6","0.1","0.09","1.6"
"99","Kyle Williams","NE","WR","17","2025","11","100.0","12.0","12","7.5","1","0.1","12.5","0.09","1","100.0","12","0.7","17.1","1.09","12.00","12.00","0","","","","0","0.0","0","0","0","0","1","25.0","0","","1","0.091","0","","1","100.0","0","","0","0","0.0","0","116.7","12.5","3.0","100.0","","","","0.20","0.1","2.2","3.3","0.2","0.30","3.3"
"100","Greg Dortch","ARZ","WR","12","2025","4","100.0","-3.0","-6","-60.0","2","0.2","50.0","0.50","2","100.0","12","1.0","32.4","3.00","6.00","6.00","18","9.00","6","3.00","0","0.0","1","0","0","0","1","33.3","2","1.00","0","0.000","0","","2","100.0","1","50.0","0","0","0.0","0","91.7","50.0","0.8","100.0","","","","0.80","0.3","3.2","3.2","0.3","0.80","3.2"
"101","Kyle Pitts","ATL","TE","17","2025","9","100.0","13.0","13","14.1","1","0.1","12.5","0.11","1","100.0","12","0.7","18.5","1.33","12.00","12.00","-1","-1.00","-1","-1.00","0","0.0","0","0","0","0","1","12.5","0","","1","0.111","0","","1","100.0","0","","0","0","0.0","0","116.7","12.5","2.0","100.0","","","","0.24","0.1","2.2","1.7","0.1","0.19","1.7"
"102","Tez Johnson","TB","WR","16","2025","12","92.3","11.0","11","13.6","1","0.1","11.1","0.08","1","100.0","12","0.8","20.7","1.00","12.00","12.00","1","1.00","","","0","0.0","0","0","0","0","0","0.0","0","","1","0.083","0","","1","100.0","0","","1","1","100.0","0","116.7","12.5","3.7","100.0","","","","0.18","0.1","2.2","3.4","0.2","0.28","3.4"
"103","Rome Odunze","CHI","WR","12","2025","20","87.0","9.0","45","35.4","5","0.4","25.0","0.25","2","40.0","11","0.9","11.8","0.55","2.20","5.50","7","3.50","2","1.00","0","0.0","0","0","0","0","4","44.4","0","","1","0.050","0","","2","40.0","1","20.0","1","0","0.0","0","8.3","29.4","-6.0","100.0","","","","0.16","0.3","3.1","7.9","0.7","0.39","7.9"
"104","Mike Evans","TB","WR","8","2025","10","90.9","7.5","15","20.8","2","0.3","20.0","0.20","1","50.0","11","1.4","13.3","1.10","5.50","11.00","1","1.00","1","1.00","0","0.0","1","0","0","0","2","40.0","0","","1","0.100","0","","2","100.0","0","","1","0","0.0","0","66.7","20.0","-1.4","100.0","","","","0.21","0.3","2.1","3.2","0.4","0.32","3.2"
"105","Matthew Golden","GB","WR","14","2025","16","100.0","21.2","106","65.0","5","0.4","41.7","0.31","2","40.0","11","0.8","12.8","0.69","2.20","5.50","2","1.00","2","1.00","0","0.0","0","0","0","2","5","55.6","0","","0","0.000","1","20.0","4","80.0","0","","1","0","0.0","0","47.9","41.7","-7.6","100.0","","","","0.19","0.2","3.1","9.2","0.7","0.57","9.2"
"106","David Njoku","CLV","TE","12","2025","3","75.0","3.0","3","11.5","1","0.1","33.3","0.33","1","100.0","11","0.9","45.8","3.67","11.00","11.00","8","8.00","4","4.00","0","0.0","0","0","0","0","1","33.3","0","","0","0.000","0","","1","100.0","0","","0","0","0.0","0","112.5","33.3","4.7","100.0","","","","0.70","0.2","2.1","1.6","0.1","0.52","1.6"
"107","Andrei Iosivas","CIN","WR","17","2025","16","88.9","6.0","6","5.5","1","0.1","5.9","0.06","1","100.0","11","0.6","10.2","0.69","11.00","11.00","5","5.00","1","1.00","0","0.0","0","0","0","0","1","7.1","0","","1","0.063","0","","1","100.0","0","","0","0","0.0","0","112.5","6.3","4.1","100.0","","","","0.13","0.1","2.1","1.2","0.1","0.08","1.2"
"108","Zach Ertz","WAS","TE","13","2025","5","100.0","5.0","5","23.8","1","0.1","25.0","0.20","1","100.0","11","0.8","21.2","2.20","11.00","11.00","6","6.00","2","2.00","0","0.0","0","0","0","0","1","33.3","0","","1","0.200","0","","1","100.0","0","","0","0","0.0","0","112.5","25.0","4.5","100.0","","","","0.42","0.2","2.1","1.4","0.1","0.28","1.4"
"109","Dont'e Thornton","LV","WR","15","2025","9","81.8","17.3","52","65.0","3","0.2","27.3","0.33","2","66.7","11","0.7","22.4","1.22","3.67","5.50","2","1.00","2","1.00","0","0.0","1","0","0","1","2","25.0","0","","1","0.111","0","","3","100.0","0","","2","1","50.0","0","72.9","27.3","-5.5","100.0","","","","0.34","0.2","3.1","5.4","0.4","0.60","5.4"
"110","Quentin Johnston","LAC","WR","14","2025","50","100.0","8.2","49","14.8","6","0.4","17.6","0.12","2","33.3","10","0.7","7.0","0.20","1.67","5.00","9","4.50","4","2.00","0","0.0","0","0","0","1","3","17.6","0","","0","0.000","2","33.3","4","66.7","1","16.7","0","0","0.0","0","42.4","21.4","-6.1","100.0","","","","0.06","0.2","3.0","8.9","0.6","0.18","8.9"
"111","Dontayvion Wicks","GB","WR","14","2025","17","100.0","18.7","56","29.3","3","0.2","21.4","0.18","1","33.3","10","0.7","10.5","0.59","3.33","10.00","0","","","","0","0.0","0","0","0","1","3","37.5","0","","1","0.059","0","","1","33.3","0","","0","0","0.0","0","43.8","23.1","-6.3","100.0","","","","0.12","0.1","2.0","5.0","0.4","0.29","5.0"
"112","Raheim Sanders","CLV","RB","4","2025","1","100.0","6.0","6","100.0","1","0.3","100.0","1.00","1","100.0","10","2.5","100.0","10.00","10.00","10.00","4","4.00","3","3.00","0","0.0","0","0","0","0","1","100.0","1","1.00","0","0.000","0","","1","100.0","0","","0","0","0.0","0","108.3","100.0","2.3","100.0","","","","2.00","0.5","2.0","1.3","0.3","1.31","1.3"
"113","John Metchie","NYJ, PHI","WR","16","2025","16","100.0","10.0","20","38.5","2","0.1","18.2","0.13","1","50.0","10","0.6","17.5","0.63","5.00","10.00","5","5.00","2","2.00","0","0.0","0","0","0","0","1","16.7","0","","1","0.063","0","","1","50.0","0","","0","0","0.0","0","64.6","25.0","-3.4","100.0","","","","0.13","0.1","2.0","3.3","0.2","0.21","3.3"
"114","Chimere Dike","TEN","WR","17","2025","14","82.4","-2.0","-4","-6.2","2","0.1","11.8","0.14","2","100.0","10","0.6","6.9","0.71","5.00","5.00","14","7.00","","","0","0.0","0","0","0","0","2","18.2","0","","0","0.000","0","","2","100.0","2","100.0","0","0","0.0","0","87.5","12.5","-0.5","100.0","","","","0.21","0.2","3.0","3.4","0.2","0.25","3.4"
"115","Noah Brown","WAS","WR","4","2025","4","100.0","18.0","36","120.0","2","0.5","66.7","0.50","1","50.0","9","2.3","100.0","2.25","4.50","9.00","3","3.00","1","1.00","0","0.0","0","0","0","1","1","50.0","0","","0","0.000","0","","2","100.0","0","","1","0","0.0","0","62.5","66.7","-3.6","100.0","","","","0.48","0.5","1.9","3.4","0.8","0.85","3.4"
"116","Sam LaPorta","DET","TE","9","2025","3","75.0","6.0","6","14.6","1","0.1","25.0","0.33","1","100.0","9","1.0","15.3","3.00","9.00","9.00","3","3.00","2","2.00","0","0.0","0","0","0","0","1","33.3","0","","0","0.000","0","","1","100.0","0","","0","0","0.0","0","104.2","25.0","1.9","100.0","","","","0.63","0.2","1.9","1.5","0.2","0.51","1.5"
"117","Cedric Tillman","CLV","WR","13","2025","26","96.3","8.3","25","20.3","3","0.2","13.6","0.12","2","66.7","9","0.7","4.4","0.35","3.00","4.50","-1","-0.50","","","0","0.0","0","0","0","0","1","8.3","0","","0","0.000","0","","2","66.7","0","","0","0","0.0","0","70.1","15.0","-4.6","100.0","","","","0.11","0.2","2.9","3.8","0.3","0.15","3.8"
"118","Mitchell Tinsley","CIN","WR","17","2025","7","87.5","4.0","4","80.0","1","0.1","12.5","0.14","1","100.0","9","0.5","18.8","1.29","9.00","9.00","5","5.00","5","5.00","0","0.0","0","0","0","0","0","0.0","1","1.00","0","0.000","0","","1","100.0","0","","0","0","0.0","0","104.2","12.5","3.0","100.0","","","","0.27","0.1","1.9","1.4","0.1","0.20","1.4"
"119","Marvin Mims","DEN","WR","15","2025","16","100.0","4.5","9","14.3","2","0.1","12.5","0.13","2","100.0","9","0.6","8.8","0.56","4.50","4.50","0","","","","0","0.0","0","0","0","0","1","14.3","0","","0","0.000","0","","2","100.0","0","","1","1","100.0","0","85.4","13.3","-1.7","100.0","","","","0.18","0.2","2.9","2.9","0.2","0.18","2.9"
"120","Brock Bowers","LV","TE","12","2025","4","80.0","5.0","5","125.0","1","0.1","33.3","0.25","1","100.0","9","0.8","40.9","2.25","9.00","9.00","4","4.00","2","2.00","0","0.0","0","0","0","0","1","33.3","0","","0","0.000","0","","1","100.0","0","","0","0","0.0","0","104.2","33.3","2.5","100.0","","","","0.48","0.2","1.9","1.4","0.1","0.36","1.4"
"121","Cade Otton","TB","TE","16","2025","8","100.0","3.0","3","3.1","1","0.1","14.3","0.13","1","100.0","8","0.5","8.8","1.00","8.00","8.00","5","5.00","2","2.00","0","0.0","0","0","0","0","0","0.0","0","","0","0.000","0","","1","100.0","0","","0","0","0.0","0","100.0","16.7","1.7","100.0","","","","0.23","0.1","1.8","1.3","0.1","0.16","1.3"
"122","Dylan Sampson","CLV","RB","15","2025","3","75.0","3.0","3","20.0","1","0.1","25.0","0.33","1","100.0","8","0.5","26.7","2.67","8.00","8.00","5","5.00","3","3.00","0","0.0","0","0","0","0","1","25.0","0","","1","0.333","0","","1","100.0","0","","0","0","0.0","0","100.0","25.0","1.5","100.0","","","","0.60","0.1","1.8","1.4","0.1","0.46","1.4"
"123","Marquise Brown","KC","WR","16","2025","23","92.0","3.5","7","4.1","2","0.1","8.0","0.09","2","100.0","8","0.5","4.2","0.35","4.00","4.00","1","0.50","","","0","0.0","0","0","0","0","1","6.3","0","","0","0.000","0","","2","100.0","0","","1","1","100.0","0","83.3","8.3","-1.7","100.0","","","","0.12","0.2","2.8","2.7","0.2","0.12","2.7"
"124","Jimmy Horn","CAR","WR","13","2025","4","100.0","2.0","2","20.0","1","0.1","50.0","0.25","1","100.0","7","0.5","36.8","1.75","7.00","7.00","5","5.00","","","0","0.0","0","0","0","0","1","50.0","0","","0","0.000","0","","1","100.0","0","","0","0","0.0","0","95.8","50.0","1.7","100.0","","","","0.43","0.1","1.7","1.3","0.1","0.33","1.3"
"125","Mo Alie-Cox","IND","TE","17","2025","1","100.0","5.0","5","100.0","1","0.1","100.0","1.00","1","100.0","7","0.4","100.0","7.00","7.00","7.00","2","2.00","","","0","0.0","0","0","0","0","1","100.0","0","","0","0.000","0","","1","100.0","0","","0","0","0.0","0","95.8","100.0","0.5","100.0","","","","1.70","0.1","1.7","1.5","0.1","1.48","1.5"
"126","Jaylen Warren","PIT","RB","16","2025","1","100.0","-3.0","-3","100.0","1","0.1","100.0","1.00","1","100.0","7","0.4","100.0","7.00","7.00","7.00","10","10.00","4","4.00","0","0.0","0","0","0","0","1","100.0","1","1.00","0","0.000","0","","1","100.0","0","","0","0","0.0","0","95.8","100.0","0.9","100.0","","","","1.70","0.1","1.7","1.5","0.1","1.51","1.5"
"127","Juwan Johnson","NO","TE","17","2025","6","100.0","7.0","7","53.8","1","0.1","25.0","0.17","1","100.0","7","0.4","21.9","1.17","7.00","7.00","0","","","","0","0.0","0","0","0","0","0","0.0","0","","0","0.000","0","","1","100.0","0","","0","0","0.0","1","95.8","33.3","-0.3","100.0","","","","0.28","0.1","1.7","1.3","0.1","0.22","1.3"
"128","Noah Gray","KC","TE","16","2025","6","100.0","9.0","27","79.4","3","0.2","60.0","0.50","1","33.3","6","0.4","24.0","1.00","2.00","6.00","4","4.00","2","2.00","0","0.0","0","0","0","0","3","60.0","0","","0","0.000","1","33.3","2","66.7","0","","0","0","0.0","0","42.4","60.0","-6.0","100.0","","","","0.27","0.1","1.6","4.3","0.3","0.72","4.3"
"129","Luther Burden","CHI","WR","15","2025","10","100.0","9.0","18","28.6","2","0.1","25.0","0.20","1","50.0","6","0.4","10.5","0.60","3.00","6.00","1","1.00","1","1.00","0","0.0","0","0","0","0","1","50.0","0","","0","0.000","1","50.0","2","100.0","0","","1","1","100.0","0","56.3","28.6","-4.6","100.0","","","","0.16","0.1","1.6","2.9","0.2","0.29","2.9"
"130","KeAndre Lambert-Smith","LAC","WR","10","2025","4","80.0","4.0","4","36.4","1","0.1","25.0","0.25","1","100.0","6","0.6","42.9","1.50","6.00","6.00","2","2.00","","","0","0.0","0","0","0","0","1","33.3","0","","0","0.000","0","","1","100.0","0","","1","1","100.0","0","91.7","33.3","0.0","100.0","","","","0.40","0.2","1.6","1.3","0.1","0.33","1.3"
"131","Brian Thomas","JAX","WR","14","2025","29","96.7","18.0","54","26.6","3","0.2","12.5","0.10","1","33.3","6","0.4","3.4","0.21","2.00","6.00","2","2.00","1","1.00","0","0.0","0","0","0","1","2","13.3","0","","0","0.000","0","","2","66.7","0","","0","0","0.0","0","42.4","12.5","-7.8","100.0","","","","0.06","0.1","1.6","4.5","0.3","0.16","4.5"
"132","John FitzPatrick","GB","TE","15","2025","3","100.0","2.0","2","200.0","1","0.1","50.0","0.33","1","100.0","6","0.4","17.6","2.00","6.00","6.00","4","4.00","2","2.00","0","0.0","0","0","0","0","0","0.0","0","","0","0.000","0","","1","100.0","0","","0","0","0.0","0","91.7","50.0","-0.4","100.0","","","","0.53","0.1","1.6","1.4","0.1","0.47","1.4"
"133","Mark Andrews","BLT","TE","17","2025","4","66.7","4.0","4","-80.0","1","0.1","20.0","0.25","1","100.0","6","0.4","46.2","1.50","6.00","6.00","2","2.00","1","1.00","0","0.0","0","0","0","0","1","25.0","0","","1","0.250","0","","1","100.0","0","","0","0","0.0","0","91.7","25.0","-0.1","100.0","","","","0.40","0.1","1.6","1.4","0.1","0.36","1.4"
"134","Treylon Burks","WAS","WR","8","2025","20","95.2","9.0","18","22.8","2","0.3","11.8","0.10","1","50.0","6","0.8","4.1","0.30","3.00","6.00","1","1.00","1","1.00","0","0.0","0","0","0","0","2","20.0","1","1.00","0","0.000","0","","2","100.0","0","","1","0","0.0","0","56.3","11.8","-4.6","100.0","","","","0.08","0.2","1.6","4.9","0.6","0.24","4.9"
"135","Gunnar Helm","TEN","TE","16","2025","3","100.0","6.0","6","300.0","1","0.1","33.3","0.33","1","100.0","6","0.4","50.0","2.00","6.00","6.00","0","","","","0","0.0","0","0","0","0","1","100.0","0","","0","0.000","0","","1","100.0","0","","1","1","100.0","0","91.7","33.3","-1.1","100.0","","","","0.53","0.1","1.6","1.4","0.1","0.46","1.4"
"136","Hunter Renfrow","CAR","WR","6","2025","2","100.0","5.0","5","100.0","1","0.2","50.0","0.50","1","100.0","5","0.8","100.0","2.50","5.00","5.00","0","","","","0","0.0","0","0","0","0","1","100.0","0","","1","0.500","0","","1","100.0","0","","1","1","100.0","0","87.5","100.0","-1.4","100.0","","","","0.75","0.3","1.5","1.5","0.2","0.73","1.5"
"137","Ricky Pearsall","SF","WR","9","2025","27","90.0","12.5","25","19.7","2","0.2","6.9","0.07","1","50.0","5","0.6","3.0","0.19","2.50","5.00","0","","","","0","0.0","0","0","0","1","2","12.5","0","","0","0.000","0","","2","100.0","0","","2","1","50.0","0","56.3","6.9","-6.1","100.0","","","","0.06","0.2","1.5","5.4","0.6","0.20","5.4"
"138","Roman Wilson","PIT","WR","13","2025","20","90.9","13.0","26","19.8","2","0.2","9.5","0.10","1","50.0","5","0.4","2.2","0.25","2.50","5.00","0","","","","0","0.0","0","0","0","1","2","18.2","0","","0","0.000","0","","1","50.0","0","","0","0","0.0","0","56.3","10.5","-6.3","100.0","","","","0.08","0.1","1.5","2.8","0.2","0.14","2.8"
"139","Elijah Moore","BUF","WR","9","2025","6","100.0","10.5","21","53.8","2","0.2","33.3","0.33","1","50.0","4","0.4","14.8","0.67","2.00","4.00","0","","","","0","0.0","0","0","0","0","2","66.7","0","","0","0.000","0","","1","50.0","0","","0","0","0.0","0","56.3","33.3","-6.9","100.0","","","","0.23","0.2","1.4","3.3","0.4","0.56","3.3"
"140","Olamide Zaccheaus","CHI","WR","16","2025","17","89.5","10.3","31","25.8","3","0.2","15.8","0.18","1","33.3","4","0.3","2.9","0.24","1.33","4.00","6","6.00","4","4.00","0","0.0","0","0","0","0","1","20.0","0","","0","0.000","1","33.3","2","66.7","1","33.3","0","0","0.0","0","42.4","17.6","-7.6","100.0","","","","0.08","0.1","1.4","4.9","0.3","0.29","4.9"
"141","Jamari Thrash","CLV","WR","9","2025","7","100.0","3.0","3","7.5","1","0.1","16.7","0.14","1","100.0","4","0.4","12.9","0.57","4.00","4.00","1","1.00","","","0","0.0","1","0","0","0","1","16.7","0","","0","0.000","0","","1","100.0","0","","0","0","0.0","0","83.3","16.7","-1.4","100.0","","","","0.20","0.2","1.4","1.3","0.1","0.19","1.3"
"142","Jalen Nailor","MIN","WR","17","2025","16","84.2","14.7","44","44.0","3","0.2","21.4","0.19","1","33.3","4","0.2","6.7","0.25","1.33","4.00","4","4.00","-1","-1.00","0","0.0","0","0","0","2","1","11.1","1","1.00","0","0.000","0","","1","33.3","0","","0","0","0.0","0","42.4","23.1","-7.8","100.0","","","","0.09","0.1","1.4","4.9","0.3","0.30","4.9"
"143","Zay Jones","ARZ","WR","8","2025","13","92.9","3.0","3","2.8","1","0.1","9.1","0.08","1","100.0","4","0.5","6.6","0.31","4.00","4.00","1","1.00","1","1.00","0","0.0","0","0","0","0","1","16.7","0","","0","0.000","0","","1","100.0","0","","0","0","0.0","0","83.3","10.0","-1.4","100.0","","","","0.11","0.2","1.4","1.3","0.2","0.10","1.3"
"144","Evan Engram","DEN","TE","16","2025","6","100.0","17.3","52","85.2","3","0.2","50.0","0.50","1","33.3","2","0.1","11.8","0.33","0.67","2.00","0","","","","0","0.0","0","0","0","1","0","0.0","0","","0","0.000","0","","1","33.3","0","","0","0","0.0","0","42.4","50.0","-6.2","100.0","","","","0.20","0.1","1.2","4.2","0.3","0.69","4.2"
"145","Chris Godwin","TB","WR","9","2025","6","85.7","-2.0","-2","-1.8","1","0.1","14.3","0.17","1","100.0","2","0.2","0.9","0.33","2.00","2.00","4","4.00","2","2.00","0","0.0","0","0","0","0","1","16.7","0","","0","0.000","0","","1","100.0","1","100.0","0","0","0.0","0","79.2","14.3","-3.5","100.0","","","","0.20","0.1","1.2","1.5","0.2","0.26","1.5"
"146","Theo Johnson","NYG","TE","15","2025","3","100.0","6.0","12","40.0","2","0.1","66.7","0.67","1","50.0","-1","-0.1","-4.5","-0.33","-0.50","-1.00","1","1.00","","","0","0.0","1","0","0","0","2","100.0","0","","0","0.000","0","","2","100.0","1","50.0","1","1","100.0","0","56.3","66.7","-8.1","100.0","","","","0.30","0.1","0.9","2.6","0.2","0.88","2.6"
"147","Hunter Henry","NE","TE","17","2025","8","100.0","6.0","6","16.7","1","0.1","20.0","0.13","0","","0","0.0","0.0","","0.00","","0","","","","0","0.0","0","0","0","0","1","50.0","0","","0","0.000","1","100.0","1","100.0","0","","1","0","0.0","0","39.6","20.0","-7.1","100.0","","","","0.00","","0.0","1.3","0.1","0.16","1.3"
"148","Dylan Drummond","ATL","WR","9","2025","1","50.0","0.0","0","0.0","0","0.0","0.0","","0","","0","0.0","0.0","","0.00","","0","","","","0","0.0","0","0","0","0","0","0.0","0","","0","0.000","0","","0","","0","","0","0","0.0","0","0.0","","","100.0","","","","0.00","","0.0","0.0","0.0","0.00","0.0"
"149","Audric Estime","NO","RB","6","2025","1","100.0","0.0","0","0.0","0","0.0","0.0","","0","","0","0.0","0.0","","0.00","","0","","","","0","0.0","0","0","0","0","0","0.0","0","","0","0.000","0","","0","","0","","0","0","0.0","0","0.0","","","100.0","","","","0.00","","0.0","0.0","0.0","0.00","0.0"
"150","Gage Larvadain","CLV","WR","13","2025","3","75.0","0.0","0","0.0","0","0.0","0.0","","0","","0","0.0","0.0","","0.00","","0","","","","0","0.0","0","0","0","0","0","0.0","0","","0","0.000","0","","0","","0","","0","0","0.0","0","0.0","","","100.0","","","","0.10","0.0","0.3","0.5","0.0","0.00","0.0"
"151","Tim Patrick","JAX","WR","16","2025","7","87.5","15.0","15","50.0","1","0.1","16.7","0.14","0","","0","0.0","0.0","","0.00","","0","","","","0","0.0","0","0","0","0","1","25.0","0","","0","0.000","0","","0","","0","","0","0","0.0","0","39.6","16.7","-10.4","100.0","","","","0.00","","0.0","1.2","0.1","0.17","1.2"
"152","George Kittle","SF","TE","11","2025","2","100.0","0.0","0","0.0","0","0.0","0.0","","0","","0","0.0","0.0","","0.00","","0","","","","0","0.0","0","0","0","0","0","0.0","0","","0","0.000","0","","0","","0","","0","0","0.0","0","0.0","","","100.0","","","","0.00","","0.0","0.0","0.0","0.00","0.0"
"153","Garrett Wilson","NYJ","WR","7","2025","14","100.0","11.0","22","30.6","2","0.3","18.2","0.14","0","","0","0.0","0.0","","0.00","","0","","","","0","0.0","0","0","0","0","1","25.0","0","","0","0.000","0","","1","50.0","0","","0","0","0.0","0","39.6","18.2","-8.5","100.0","","","","0.00","","0.0","5.2","0.7","0.37","5.2"
"154","Arian Smith","NYJ","WR","16","2025","15","100.0","28.5","57","39.9","2","0.1","18.2","0.13","0","","0","0.0","0.0","","0.00","","0","","","","0","0.0","0","0","0","1","1","20.0","0","","0","0.000","0","","1","50.0","0","","1","0","0.0","0","39.6","20.0","-11.3","100.0","","","","0.00","","0.0","4.5","0.3","0.30","4.5"
"155","Tom Kennedy","DET","WR","6","2025","1","50.0","0.0","0","0.0","0","0.0","0.0","","0","","0","0.0","0.0","","0.00","","0","","","","0","0.0","0","0","0","0","0","0.0","0","","0","0.000","0","","0","","0","","0","0","0.0","0","0.0","","","100.0","","","","0.00","","0.0","0.0","0.0","0.00","0.0"
"156","Will Dissly","LAC","TE","9","2025","1","100.0","0.0","0","0.0","0","0.0","0.0","","0","","0","0.0","0.0","","0.00","","0","","","","0","0.0","0","0","0","0","0","0.0","0","","0","0.000","0","","0","","0","","0","0","0.0","0","0.0","","","100.0","","","","0.00","","0.0","0.0","0.0","0.00","0.0"
"157","Isaac TeSlaa","DET","WR","17","2025","16","100.0","0.0","0","0.0","0","0.0","0.0","","0","","0","0.0","0.0","","0.00","","0","","","","0","0.0","0","0","0","0","0","0.0","0","","0","0.000","0","","0","","0","","0","0","0.0","0","0.0","","","100.0","","","","0.00","","0.0","0.0","0.0","0.00","0.0"
"158","Demarcus Robinson","SF","WR","14","2025","15","93.8","32.0","32","20.8","1","0.1","6.3","0.07","0","","0","0.0","0.0","","0.00","","0","","","","0","0.0","0","0","0","1","0","0.0","0","","0","0.000","0","","0","","0","","0","0","0.0","0","39.6","6.3","-10.0","100.0","","","","0.00","","0.0","1.8","0.1","0.12","1.8"
"159","Taysom Hill","NO","TE","13","2025","2","100.0","0.0","0","0.0","0","0.0","0.0","","0","","0","0.0","0.0","","0.00","","0","","","","0","0.0","0","0","0","0","0","0.0","0","","0","0.000","0","","0","","0","","0","0","0.0","0","0.0","","","100.0","","","","0.00","","0.0","0.0","0.0","0.00","0.0"
"160","Saquon Barkley","PHI","RB","16","2025","5","100.0","0.0","0","0.0","0","0.0","0.0","","0","","0","0.0","0.0","","0.00","","0","","","","0","0.0","0","0","0","0","0","0.0","0","","0","0.000","0","","0","","0","","0","0","0.0","0","0.0","","","100.0","","","","0.00","","0.0","0.0","0.0","0.00","0.0"
"161","Derius Davis","LAC","WR","11","2025","1","100.0","0.0","0","0.0","0","0.0","0.0","","0","","0","0.0","0.0","","0.00","","0","","","","0","0.0","0","0","0","0","0","0.0","0","","0","0.000","0","","0","","0","","0","0","0.0","0","0.0","","","100.0","","","","0.00","","0.0","0.0","0.0","0.00","0.0"
"162","Jordan Watkins","SF","WR","4","2025","1","100.0","0.0","0","0.0","0","0.0","0.0","","0","","0","0.0","0.0","","0.00","","0","","","","0","0.0","0","0","0","0","0","0.0","0","","0","0.000","0","","0","","0","","0","0","0.0","0","0.0","","","100.0","","","","0.00","","0.0","0.0","0.0","0.00","0.0"
"163","Chuba Hubbard","CAR","RB","15","2025","1","100.0","0.0","0","0.0","0","0.0","0.0","","0","","0","0.0","0.0","","0.00","","0","","","","0","0.0","0","0","0","0","0","0.0","0","","0","0.000","0","","0","","0","","0","0","0.0","0","0.0","","","100.0","","","","0.00","","0.0","0.0","0.0","0.00","0.0"
"164","Tai Felton","MIN","WR","14","2025","1","50.0","0.0","0","0.0","0","0.0","0.0","","0","","0","0.0","0.0","","0.00","","0","","","","0","0.0","0","0","0","0","0","0.0","0","","0","0.000","0","","0","","0","","0","0","0.0","0","0.0","","","100.0","","","","0.00","","0.0","1.2","0.1","1.16","1.2"
"165","Chig Okonkwo","TEN","TE","17","2025","4","66.7","0.0","0","0.0","0","0.0","0.0","","0","","0","0.0","0.0","","0.00","","0","","","","0","0.0","0","0","0","0","0","0.0","0","","0","0.000","0","","0","","0","","0","0","0.0","0","0.0","","","100.0","","","","0.00","","0.0","0.0","0.0","0.00","0.0"
"166","Jalin Hyatt","NYG","WR","8","2025","10","90.9","41.5","83","72.2","2","0.3","20.0","0.20","0","","0","0.0","0.0","","0.00","","0","","","","0","0.0","0","0","0","2","2","22.2","0","","0","0.000","0","","1","50.0","0","","1","0","0.0","0","39.6","20.0","-13.4","100.0","","","","0.00","","0.0","4.3","0.5","0.43","4.3"
"167","Ryan Miller","TB","WR","13","2025","1","100.0","0.0","0","0.0","0","0.0","0.0","","0","","0","0.0","0.0","","0.00","","0","","","","0","0.0","0","0","0","0","0","0.0","0","","0","0.000","0","","0","","0","","0","0","0.0","0","0.0","","","100.0","","","","0.00","","0.0","0.0","0.0","0.00","0.0"
"168","Britain Covey","PHI","WR","6","2025","4","100.0","3.0","3","16.7","1","0.2","33.3","0.25","0","","0","0.0","0.0","","0.00","","0","","","","0","0.0","0","0","0","0","0","0.0","0","","0","0.000","1","100.0","1","100.0","0","","0","0","0.0","0","39.6","50.0","-5.4","100.0","","","","0.00","","0.0","1.3","0.2","0.33","1.3"
"169","Samori Toure","NO","WR","1","2025","1","100.0","0.0","0","0.0","0","0.0","0.0","","0","","0","0.0","0.0","","0.00","","0","","","","0","0.0","0","0","0","0","0","0.0","0","","0","0.000","0","","0","","0","","0","0","0.0","0","0.0","","","100.0","","","","0.00","","0.0","0.0","0.0","0.00","0.0"
"170","Kenneth Walker","SEA","RB","17","2025","1","100.0","0.0","0","0.0","0","0.0","0.0","","0","","0","0.0","0.0","","0.00","","0","","","","0","0.0","0","0","0","0","0","0.0","0","","0","0.000","0","","0","","0","","0","0","0.0","0","0.0","","","100.0","","","","0.00","","0.0","0.0","0.0","0.00","0.0"
"171","Harold Fannin","CLV","TE","16","2025","4","100.0","0.0","0","0.0","0","0.0","0.0","","0","","0","0.0","0.0","","0.00","","0","","","","0","0.0","0","0","0","0","0","0.0","0","","0","0.000","0","","0","","0","","0","0","0.0","0","0.0","","","100.0","","","","0.00","","0.0","0.0","0.0","0.00","0.0"
"172","Gabe Davis","BUF","WR","6","2025","6","75.0","0.0","0","0.0","0","0.0","0.0","","0","","0","0.0","0.0","","0.00","","0","","","","0","0.0","0","0","0","0","0","0.0","0","","0","0.000","0","","0","","0","","0","0","0.0","0","0.0","","","100.0","","","","0.00","","0.0","0.0","0.0","0.00","0.0"
"173","Devontez Walker","BLT","WR","11","2025","4","100.0","0.0","0","0.0","0","0.0","0.0","","0","","0","0.0","0.0","","0.00","","0","","","","0","0.0","0","0","0","0","0","0.0","0","","0","0.000","0","","0","","0","","0","0","0.0","0","0.0","","","100.0","","","","0.00","","0.0","0.0","0.0","0.00","0.0"
"174","Moliki Matavao","NO","TE","6","2025","1","100.0","0.0","0","0.0","0","0.0","0.0","","0","","0","0.0","0.0","","0.00","","0","","","","0","0.0","0","0","0","0","0","0.0","0","","0","0.000","0","","0","","0","","0","0","0.0","0","0.0","","","100.0","","","","0.00","","0.0","0.0","0.0","0.00","0.0"
"175","Adam Trautman","DEN","TE","17","2025","2","100.0","0.0","0","0.0","0","0.0","0.0","","0","","0","0.0","0.0","","0.00","","0","","","","0","0.0","0","0","0","0","0","0.0","0","","0","0.000","0","","0","","0","","0","0","0.0","0","0.0","","","100.0","","","","0.00","","0.0","0.0","0.0","0.00","0.0"
"176","Xavier Restrepo","TEN","WR","2","2025","2","100.0","0.0","0","0.0","0","0.0","0.0","","0","","0","0.0","0.0","","0.00","","0","","","","0","0.0","0","0","0","0","0","0.0","0","","0","0.000","0","","0","","0","","0","0","0.0","0","0.0","","","100.0","","","","0.00","","0.0","0.0","0.0","0.00","0.0"
"177","Chris Blair","ATL","WR","3","2025","1","100.0","0.0","0","0.0","0","0.0","0.0","","0","","0","0.0","0.0","","0.00","","0","","","","0","0.0","0","0","0","0","0","0.0","0","","0","0.000","0","","0","","0","","0","0","0.0","0","0.0","","","100.0","","","","0.00","","0.0","0.0","0.0","0.00","0.0"
"178","Mike Gesicki","CIN","TE","13","2025","1","100.0","0.0","0","0.0","0","0.0","0.0","","0","","0","0.0","0.0","","0.00","","0","","","","0","0.0","0","0","0","0","0","0.0","0","","0","0.000","0","","0","","0","","0","0","0.0","0","0.0","","","100.0","","","","0.00","","0.0","0.0","0.0","0.00","0.0"
"179","Drew Sample","CIN","TE","17","2025","2","100.0","0.0","0","0.0","0","0.0","0.0","","0","","0","0.0","0.0","","0.00","","0","","","","0","0.0","0","0","0","0","0","0.0","0","","0","0.000","0","","0","","0","","0","0","0.0","0","0.0","","","100.0","","","","0.00","","0.0","0.0","0.0","0.00","0.0"
"180","Xavier Legette","CAR","WR","15","2025","14","87.5","0.0","0","0.0","0","0.0","0.0","","0","","0","0.0","0.0","","0.00","","0","","","","0","0.0","0","0","0","0","0","0.0","0","","0","0.000","0","","0","","0","","0","0","0.0","0","0.0","","","100.0","","","","0.00","","0.0","0.0","0.0","0.00","0.0"
"181","Tyrone Tracy","NYG","RB","15","2025","1","100.0","0.0","0","0.0","0","0.0","0.0","","0","","0","0.0","0.0","","0.00","","0","","","","0","0.0","0","0","0","0","0","0.0","0","","0","0.000","0","","0","","0","","0","0","0.0","0","0.0","","","100.0","","","","0.00","","0.0","0.0","0.0","0.00","0.0"
"182","Dalton Kincaid","BUF","TE","12","2025","4","100.0","0.0","0","0.0","0","0.0","0.0","","0","","0","0.0","0.0","","0.00","","0","","","","0","0.0","0","0","0","0","0","0.0","0","","0","0.000","0","","0","","0","","0","0","0.0","0","0.0","","","100.0","","","","0.00","","0.0","0.0","0.0","0.00","0.0"
"183","Luke McCaffrey","WAS","WR","9","2025","2","100.0","0.0","0","0.0","0","0.0","0.0","","0","","0","0.0","0.0","","0.00","","0","","","","0","0.0","0","0","0","0","0","0.0","0","","0","0.000","0","","0","","0","","0","0","0.0","0","0.0","","","100.0","","","","0.00","","0.0","0.0","0.0","0.00","0.0"
"184","Austin Hooper","NE","TE","16","2025","2","100.0","0.0","0","0.0","0","0.0","0.0","","0","","0","0.0","0.0","","0.00","","0","","","","0","0.0","0","0","0","0","0","0.0","0","","0","0.000","0","","0","","0","","0","0","0.0","0","0.0","","","100.0","","","","0.00","","0.0","0.0","0.0","0.00","0.0"
"185","Malik Heath","GB","WR","11","2025","7","100.0","0.0","0","0.0","0","0.0","0.0","","0","","0","0.0","0.0","","0.00","","0","","","","0","0.0","0","0","0","0","0","0.0","0","","0","0.000","0","","0","","0","","0","0","0.0","0","0.0","","","100.0","","","","0.00","","0.0","0.0","0.0","0.00","0.0"
"186","Jared Wayne","HST","WR","1","2025","3","100.0","0.0","0","0.0","0","0.0","0.0","","0","","0","0.0","0.0","","0.00","","0","","","","0","0.0","0","0","0","0","0","0.0","0","","0","0.000","0","","0","","0","","0","0","0.0","0","0.0","","","100.0","","","","0.00","","0.0","0.0","0.0","0.00","0.0"
"187","Ben Skowronek","PIT","WR","16","2025","4","100.0","0.0","0","0.0","0","0.0","0.0","","0","","0","0.0","0.0","","0.00","","0","","","","0","0.0","0","0","0","0","0","0.0","0","","0","0.000","0","","0","","0","","0","0","0.0","0","0.0","","","100.0","","","","0.00","","0.0","0.0","0.0","0.00","0.0"
"188","James Proche","TEN","WR","9","2025","7","87.5","0.0","0","0.0","0","0.0","0.0","","0","","0","0.0","0.0","","0.00","","0","","","","0","0.0","0","0","0","0","0","0.0","0","","0","0.000","0","","0","","0","","0","0","0.0","0","0.0","","","100.0","","","","0.00","","0.0","0.0","0.0","0.00","0.0"
"189","Rachaad White","TB","RB","17","2025","1","100.0","0.0","0","0.0","0","0.0","0.0","","0","","0","0.0","0.0","","0.00","","0","","","","0","0.0","0","0","0","0","0","0.0","0","","0","0.000","0","","0","","0","","0","0","0.0","0","0.0","","","100.0","","","","0.00","","0.0","0.0","0.0","0.00","0.0"
"190","Tanner Hudson","CIN","TE","13","2025","2","100.0","0.0","0","0.0","0","0.0","0.0","","0","","0","0.0","0.0","","0.00","","0","","","","0","0.0","0","0","0","0","0","0.0","0","","0","0.000","0","","0","","0","","0","0","0.0","0","0.0","","","100.0","","","","0.00","","0.0","0.0","0.0","0.00","0.0"
"191","Parker Washington","JAX","WR","16","2025","17","94.4","37.5","75","44.1","2","0.1","15.4","0.12","0","","0","0.0","0.0","","0.00","","0","","","","0","0.0","0","1","0","2","1","11.1","0","","0","0.000","0","","0","","0","","0","0","0.0","0","39.6","15.4","-12.5","100.0","","","","0.00","","0.0","5.3","0.3","0.31","5.3"
"192","Elijah Higgins","ARZ","TE","17","2025","3","100.0","0.0","0","0.0","0","0.0","0.0","","0","","0","0.0","0.0","","0.00","","0","","","","0","0.0","0","0","0","0","0","0.0","0","","0","0.000","0","","0","","0","","0","0","0.0","0","0.0","","","100.0","","","","0.00","","0.0","0.0","0.0","0.00","0.0"
"193","Dawson Knox","BUF","TE","17","2025","2","100.0","0.0","0","0.0","0","0.0","0.0","","0","","0","0.0","0.0","","0.00","","0","","","","0","0.0","0","0","0","0","0","0.0","0","","0","0.000","0","","0","","0","","0","0","0.0","0","0.0","","","100.0","","","","0.00","","0.0","0.0","0.0","0.00","0.0"
"194","Devin Singletary","NYG","RB","17","2025","1","100.0","0.0","0","0.0","0","0.0","0.0","","0","","0","0.0","0.0","","0.00","","0","","","","0","0.0","0","0","0","0","0","0.0","0","","0","0.000","0","","0","","0","","0","0","0.0","0","0.0","","","100.0","","","","0.00","","0.0","0.0","0.0","0.00","0.0"
"195","Xavier Smith","LA","WR","16","2025","1","100.0","0.0","0","0.0","0","0.0","0.0","","0","","0","0.0","0.0","","0.00","","0","","","","0","0.0","0","0","0","0","0","0.0","0","","0","0.000","0","","0","","0","","0","0","0.0","0","0.0","","","100.0","","","","0.00","","0.0","0.0","0.0","0.00","0.0"
"196","Ty Johnson","BUF","RB","17","2025","3","75.0","0.0","0","0.0","0","0.0","0.0","","0","","0","0.0","0.0","","0.00","","0","","","","0","0.0","0","0","0","0","0","0.0","0","","0","0.000","0","","0","","0","","0","0","0.0","0","0.0","","","100.0","","","","0.00","","0.0","0.0","0.0","0.00","0.0"
"197","Rhamondre Stevenson","NE","RB","14","2025","2","100.0","0.0","0","0.0","0","0.0","0.0","","0","","0","0.0","0.0","","0.00","","0","","","","0","0.0","0","0","0","0","0","0.0","0","","0","0.000","0","","0","","0","","0","0","0.0","0","0.0","","","100.0","","","","0.00","","0.0","0.0","0.0","0.00","0.0"
"198","Colby Parkinson","LA","TE","15","2025","3","100.0","0.0","0","0.0","0","0.0","0.0","","0","","0","0.0","0.0","","0.00","","0","","","","0","0.0","0","0","0","0","0","0.0","0","","0","0.000","0","","0","","0","","0","0","0.0","0","0.0","","","100.0","","","","0.00","","0.0","0.0","0.0","0.00","0.0"
"199","Luke Musgrave","GB","TE","17","2025","3","75.0","1.0","1","25.0","1","0.1","25.0","0.33","0","","0","0.0","0.0","","0.00","","0","","","","0","0.0","0","0","0","0","0","0.0","0","","0","0.000","0","","1","100.0","0","","1","0","0.0","0","39.6","25.0","-5.8","100.0","","","","0.00","","0.0","1.4","0.1","0.46","1.4"
"200","Kimani Vidal","LAC","RB","13","2025","1","100.0","0.0","0","0.0","0","0.0","0.0","","0","","0","0.0","0.0","","0.00","","0","","","","0","0.0","0","0","0","0","0","0.0","0","","0","0.000","0","","0","","0","","0","0","0.0","0","0.0","","","100.0","","","","0.00","","0.0","0.0","0.0","0.00","0.0"
"201","Ashton Dulin","IND","WR","12","2025","2","100.0","0.0","0","0.0","0","0.0","0.0","","0","","0","0.0","0.0","","0.00","","0","","","","0","0.0","0","0","0","0","0","0.0","0","","0","0.000","0","","0","","0","","0","0","0.0","0","0.0","","","100.0","","","","0.00","","0.0","0.0","0.0","0.00","0.0"
"202","Mason Tipton","NO","WR","13","2025","7","100.0","0.0","0","0.0","0","0.0","0.0","","0","","0","0.0","0.0","","0.00","","0","","","","0","0.0","0","0","0","0","0","0.0","0","","0","0.000","0","","0","","0","","0","0","0.0","0","0.0","","","100.0","","","","0.00","","0.0","0.0","0.0","0.00","0.0"
"203","Konata Mumpfield","LA","WR","17","2025","12","100.0","0.0","0","0.0","0","0.0","0.0","","0","","0","0.0","0.0","","0.00","","0","","","","0","0.0","0","0","0","0","0","0.0","0","","0","0.000","0","","0","","0","","0","0","0.0","0","0.0","","","100.0","","","","0.00","","0.0","0.0","0.0","0.00","0.0"
"204","Jalen Brooks","DAL, ARZ","WR","6","2025","8","100.0","0.0","0","0.0","0","0.0","0.0","","0","","0","0.0","0.0","","0.00","","0","","","","0","0.0","0","0","0","0","0","0.0","0","","0","0.000","0","","0","","0","","0","0","0.0","0","0.0","","","100.0","","","","0.00","","0.0","0.0","0.0","0.00","0.0"
"205","Kareem Hunt","KC","RB","17","2025","1","100.0","0.0","0","0.0","0","0.0","0.0","","0","","0","0.0","0.0","","0.00","","0","","","","0","0.0","0","0","0","0","0","0.0","0","","0","0.000","0","","0","","0","","0","0","0.0","0","0.0","","","100.0","","","","0.00","","0.0","0.0","0.0","0.00","0.0"
"206","Charlie Jones","CIN","WR","14","2025","2","100.0","0.0","0","0.0","0","0.0","0.0","","0","","0","0.0","0.0","","0.00","","0","","","","0","0.0","0","0","0","0","0","0.0","0","","0","0.000","0","","0","","0","","0","0","0.0","0","0.0","","","100.0","","","","0.00","","0.0","0.0","0.0","0.00","0.0"
"207","Bo Melton","GB","WR","9","2025","6","100.0","0.0","0","0.0","0","0.0","0.0","","0","","0","0.0","0.0","","0.00","","0","","","","0","0.0","0","0","0","0","0","0.0","0","","0","0.000","0","","0","","0","","0","0","0.0","0","0.0","","","100.0","","","","0.00","","0.0","0.0","0.0","0.00","0.0"
"208","Xavier Weaver","ARZ","WR","9","2025","17","100.0","21.5","43","28.9","2","0.2","14.3","0.12","0","","0","0.0","0.0","","0.00","","0","","","","0","0.0","0","0","0","1","2","20.0","0","","0","0.000","0","","0","","0","","1","0","0.0","0","39.6","14.3","-10.9","100.0","","","","0.00","","0.0","4.1","0.5","0.24","4.1"
"209","Simi Fehoko","ARZ","WR","7","2025","1","100.0","0.0","0","0.0","0","0.0","0.0","","0","","0","0.0","0.0","","0.00","","0","","","","0","0.0","0","0","0","0","0","0.0","0","","0","0.000","0","","0","","0","","0","0","0.0","0","0.0","","","100.0","","","","0.00","","0.0","0.0","0.0","0.00","0.0"
"210","Nyheim Hines","LAC, NO","RB","4","2025","1","100.0","0.0","0","0.0","0","0.0","0.0","","0","","0","0.0","0.0","","0.00","","0","","","","0","0.0","0","0","0","0","0","0.0","0","","0","0.000","0","","0","","0","","0","0","0.0","0","0.0","","","100.0","","","","0.00","","0.0","0.0","0.0","0.00","0.0"
"211","Ashton Jeanty","LV","RB","17","2025","1","100.0","-4.0","-4","100.0","1","0.1","100.0","1.00","0","","0","0.0","0.0","","0.00","","0","","","","0","0.0","0","0","0","0","1","100.0","0","","0","0.000","1","100.0","1","100.0","1","100.0","0","0","0.0","0","39.6","100.0","-5.6","100.0","","","","0.00","","0.0","1.4","0.1","1.39","1.4"
"212","Quentin Skinner","NYJ","WR","1","2025","1","100.0","0.0","0","0.0","0","0.0","0.0","","0","","0","0.0","0.0","","0.00","","0","","","","0","0.0","0","0","0","0","0","0.0","0","","0","0.000","0","","0","","0","","0","0","0.0","0","0.0","","","100.0","","","","0.00","","0.0","0.0","0.0","0.00","0.0"
"213","Kyle Monangai","CHI","RB","17","2025","2","100.0","0.0","0","0.0","0","0.0","0.0","","0","","0","0.0","0.0","","0.00","","0","","","","0","0.0","0","0","0","0","0","0.0","0","","0","0.000","0","","0","","0","","0","0","0.0","0","0.0","","","100.0","","","","0.00","","0.0","0.0","0.0","0.00","0.0"
"214","Michael Carter","ARZ","RB","13","2025","1","100.0","0.0","0","0.0","0","0.0","0.0","","0","","0","0.0","0.0","","0.00","","0","","","","0","0.0","0","0","0","0","0","0.0","0","","0","0.000","0","","0","","0","","0","0","0.0","0","0.0","","","100.0","","","","0.00","","0.0","0.0","0.0","0.00","0.0"
"215","Blake Whiteheart","CLV","TE","16","2025","1","100.0","0.0","0","0.0","0","0.0","0.0","","0","","0","0.0","0.0","","0.00","","0","","","","0","0.0","0","0","0","0","0","0.0","0","","0","0.000","0","","0","","0","","0","0","0.0","0","0.0","","","100.0","","","","0.00","","0.0","0.0","0.0","0.00","0.0"
"216","Tutu Atwell","LA","WR","10","2025","7","100.0","0.0","0","0.0","0","0.0","0.0","","0","","0","0.0","0.0","","0.00","","0","","","","0","0.0","0","0","0","0","0","0.0","0","","0","0.000","0","","0","","0","","0","0","0.0","0","0.0","","","100.0","","","","0.00","","0.0","0.0","0.0","0.00","0.0"
"217","Devin Culp","TB","TE","11","2025","1","100.0","0.0","0","0.0","0","0.0","0.0","","0","","0","0.0","0.0","","0.00","","0","","","","0","0.0","0","0","0","0","0","0.0","0","","0","0.000","0","","0","","0","","0","0","0.0","0","0.0","","","100.0","","","","0.00","","0.0","0.0","0.0","0.00","0.0"
"218","DeMario Douglas","NE","WR","17","2025","2","100.0","0.0","0","0.0","0","0.0","0.0","","0","","0","0.0","0.0","","0.00","","0","","","","0","0.0","0","0","0","0","0","0.0","0","","0","0.000","0","","0","","0","","0","0","0.0","0","0.0","","","100.0","","","","0.00","","0.0","0.0","0.0","0.00","0.0"
"219","T.J. Hockenson","MIN","TE","15","2025","4","100.0","0.0","0","0.0","0","0.0","0.0","","0","","0","0.0","0.0","","0.00","","0","","","","0","0.0","0","0","0","0","0","0.0","0","","0","0.000","0","","0","","0","","0","0","0.0","0","0.0","","","100.0","","","","0.00","","0.0","0.0","0.0","0.00","0.0"
"220","Dee Eskridge","MIA","WR","13","2025","3","75.0","0.0","0","0.0","0","0.0","0.0","","0","","0","0.0","0.0","","0.00","","0","","","","0","0.0","0","0","0","0","0","0.0","0","","0","0.000","0","","0","","0","","0","0","0.0","0","0.0","","","100.0","","","","0.00","","0.0","0.0","0.0","0.00","0.0"
"221","Skyy Moore","SF","WR","17","2025","8","100.0","8.0","8","12.7","1","0.1","12.5","0.13","0","","0","0.0","0.0","","0.00","","0","","","","0","0.0","0","0","0","0","1","25.0","0","","0","0.000","0","","0","","0","","0","0","0.0","0","39.6","16.7","-7.5","100.0","","","","0.00","","0.0","1.5","0.1","0.19","1.5"
"222","Dareke Young","SEA","WR","9","2025","2","100.0","0.0","0","0.0","0","0.0","0.0","","0","","0","0.0","0.0","","0.00","","0","","","","0","0.0","0","0","0","0","0","0.0","0","","0","0.000","0","","0","","0","","0","0","0.0","0","0.0","","","100.0","","","","0.00","","0.0","0.0","0.0","0.00","0.0"
"223","Tony Pollard","TEN","RB","17","2025","1","100.0","0.0","0","0.0","0","0.0","0.0","","0","","0","0.0","0.0","","0.00","","0","","","","0","0.0","0","0","0","0","0","0.0","0","","0","0.000","0","","0","","0","","0","0","0.0","0","0.0","","","100.0","","","","0.00","","0.0","0.0","0.0","0.00","0.0"
"224","Darnell Washington","PIT","TE","16","2025","5","100.0","13.0","13","61.9","1","0.1","20.0","0.20","0","","0","0.0","0.0","","0.00","","0","","","","0","0.0","0","0","0","0","1","50.0","0","","0","0.000","0","","0","","0","","0","0","0.0","0","39.6","20.0","-10.0","100.0","","","","0.00","","0.0","1.3","0.1","0.27","1.3"
"225","Jonathan Taylor","IND","RB","17","2025","2","100.0","0.0","0","0.0","0","0.0","0.0","","0","","0","0.0","0.0","","0.00","","0","","","","0","0.0","0","0","0","0","0","0.0","0","","0","0.000","0","","0","","0","","0","0","0.0","0","0.0","","","100.0","","","","0.00","","0.0","0.0","0.0","0.00","0.0"
"226","Kenneth Gainwell","PIT","RB","17","2025","1","100.0","0.0","0","0.0","0","0.0","0.0","","0","","0","0.0","0.0","","0.00","","0","","","","0","0.0","0","0","0","0","0","0.0","0","","0","0.000","0","","0","","0","","0","0","0.0","0","0.0","","","100.0","","","","0.00","","0.0","0.0","0.0","0.00","0.0"
"227","Calvin Ridley","TEN","WR","7","2025","7","100.0","28.5","57","76.0","2","0.3","33.3","0.29","0","","0","0.0","0.0","","0.00","","0","","","","0","0.0","0","0","0","1","1","25.0","0","","0","0.000","0","","0","","0","","0","0","0.0","0","39.6","33.3","-12.5","100.0","","","","0.00","","0.0","5.3","0.8","0.76","5.3"
"228","Jayden Reed","GB","WR","7","2025","1","100.0","0.0","0","0.0","0","0.0","0.0","","0","","0","0.0","0.0","","0.00","","0","","","","0","0.0","0","0","0","0","0","0.0","0","","0","0.000","0","","0","","0","","0","0","0.0","0","0.0","","","100.0","","","","0.00","","0.0","0.0","0.0","0.00","0.0"
"229","Tyrell Shavers","BUF","WR","17","2025","8","88.9","0.0","0","0.0","0","0.0","0.0","","0","","0","0.0","0.0","","0.00","","0","","","","0","0.0","0","0","0","0","0","0.0","0","","0","0.000","0","","0","","0","","0","0","0.0","0","0.0","","","100.0","","","","0.00","","0.0","0.0","0.0","0.00","0.0"
"230","Tylan Wallace","BLT","WR","14","2025","1","100.0","0.0","0","0.0","0","0.0","0.0","","0","","0","0.0","0.0","","0.00","","0","","","","0","0.0","0","0","0","0","0","0.0","0","","0","0.000","0","","0","","0","","0","0","0.0","0","0.0","","","100.0","","","","0.00","","0.0","0.0","0.0","0.00","0.0"
"231","Tyler Higbee","LA","TE","10","2025","1","100.0","0.0","0","0.0","0","0.0","0.0","","0","","0","0.0","0.0","","0.00","","0","","","","0","0.0","0","0","0","0","0","0.0","0","","0","0.000","0","","0","","0","","0","0","0.0","0","0.0","","","100.0","","","","0.00","","0.0","0.0","0.0","0.00","0.0"
"232","Malik Nabers","NYG","WR","4","2025","11","91.7","25.7","77","100.0","3","0.8","30.0","0.27","0","","0","0.0","0.0","","0.00","","0","","","","0","0.0","0","0","0","2","3","60.0","0","","0","0.000","0","","0","","0","","0","0","0.0","0","0.0","37.5","-12.0","100.0","","","","0.00","","0.0","5.9","1.5","0.54","5.9"
"233","Marquez Valdes-Scantling","PIT, SF","WR","10","2025","11","100.0","0.0","0","0.0","0","0.0","0.0","","0","","0","0.0","0.0","","0.00","","0","","","","0","0.0","0","0","0","0","0","0.0","0","","0","0.000","0","","0","","0","","0","0","0.0","0","0.0","","","100.0","","","","0.00","","0.0","0.0","0.0","0.00","0.0"
"234","Darius Cooper","PHI","WR","13","2025","6","100.0","0.0","0","0.0","0","0.0","0.0","","0","","0","0.0","0.0","","0.00","","0","","","","0","0.0","0","0","0","0","0","0.0","0","","0","0.000","0","","0","","0","","0","0","0.0","0","0.0","","","100.0","","","","0.00","","0.0","0.0","0.0","0.00","0.0"
"235","Zay Flowers","BLT","WR","17","2025","20","90.9","12.5","25","25.0","2","0.1","11.1","0.10","0","","0","0.0","0.0","","0.00","","0","","","","0","0.0","0","0","0","1","1","7.7","0","","0","0.000","1","50.0","1","50.0","1","50.0","0","0","0.0","0","39.6","11.8","-8.0","100.0","","","","0.00","","0.0","3.8","0.2","0.19","3.8"
"236","Tre Harris","LAC","WR","17","2025","11","100.0","8.0","8","9.1","1","0.1","10.0","0.09","0","","0","0.0","0.0","","0.00","","0","","","","0","0.0","0","0","0","0","1","14.3","0","","0","0.000","0","","0","","0","","0","0","0.0","0","39.6","10.0","-7.5","100.0","","","","0.00","","0.0","1.9","0.1","0.17","1.9"
"237","Jake Bobo","SEA","WR","11","2025","2","66.7","0.0","0","0.0","0","0.0","0.0","","0","","0","0.0","0.0","","0.00","","0","","","","0","0.0","0","0","0","0","0","0.0","0","","0","0.000","0","","0","","0","","0","0","0.0","0","0.0","","","100.0","","","","0.00","","0.0","0.0","0.0","0.00","0.0"
"238","Steven Sims","ARZ","WR","3","2025","1","100.0","0.0","0","0.0","0","0.0","0.0","","0","","0","0.0","0.0","","0.00","","0","","","","0","0.0","0","0","0","0","0","0.0","0","","0","0.000","0","","0","","0","","0","0","0.0","0","0.0","","","100.0","","","","0.00","","0.0","0.0","0.0","0.00","0.0"
"239","Mason Kinsey","TEN","WR","10","2025","3","100.0","0.0","0","0.0","0","0.0","0.0","","0","","0","0.0","0.0","","0.00","","0","","","","0","0.0","0","0","0","0","0","0.0","0","","0","0.000","0","","0","","0","","0","0","0.0","0","0.0","","","100.0","","","","0.00","","0.0","0.0","0.0","0.00","0.0"
"240","Chris Moore","WAS","WR","14","2025","15","88.2","21.0","21","21.9","1","0.1","8.3","0.07","0","","0","0.0","0.0","","0.00","","0","","","","0","0.0","1","1","0","1","0","0.0","0","","0","0.000","1","100.0","1","100.0","0","","0","0","0.0","0","39.6","8.3","-11.2","100.0","","","","0.00","","0.0","3.4","0.2","0.23","3.4"
"241","Terrance Ferguson","LA","TE","13","2025","2","100.0","20.0","20","90.9","1","0.1","50.0","0.50","0","","0","0.0","0.0","","0.00","","0","","","","0","0.0","0","0","0","1","1","100.0","0","","0","0.000","0","","0","","0","","0","0","0.0","0","39.6","50.0","-11.8","100.0","","","","0.00","","0.0","2.4","0.2","1.21","2.4"
"242","Josh Downs","IND","WR","16","2025","7","70.0","4.0","8","28.6","2","0.1","22.2","0.29","0","","0","0.0","0.0","","0.00","","0","","","","0","0.0","0","0","0","0","2","28.6","0","","0","0.000","0","","0","","0","","0","0","0.0","0","39.6","22.2","-5.9","100.0","","","","0.00","","0.0","2.7","0.2","0.39","2.7"
"243","KaVontae Turpin","DAL","WR","15","2025","6","100.0","0.0","0","0.0","0","0.0","0.0","","0","","0","0.0","0.0","","0.00","","0","","","","0","0.0","0","0","0","0","0","0.0","0","","0","0.000","0","","0","","0","","0","0","0.0","0","0.0","","","100.0","","","","0.00","","0.0","1.4","0.1","0.24","1.4"
"244","Isaiah Hodgins","NYG","WR","7","2025","8","88.9","0.0","0","0.0","0","0.0","0.0","","0","","0","0.0","0.0","","0.00","","0","","","","0","0.0","0","0","0","0","0","0.0","0","","0","0.000","0","","0","","0","","0","0","0.0","0","0.0","","","100.0","","","","0.00","","0.0","0.0","0.0","0.00","0.0"
"245","Jordan Mason","MIN","RB","16","2025","1","100.0","0.0","0","0.0","0","0.0","0.0","","0","","0","0.0","0.0","","0.00","","0","","","","0","0.0","0","0","0","0","0","0.0","0","","0","0.000","0","","0","","0","","0","0","0.0","0","0.0","","","100.0","","","","0.00","","0.0","0.0","0.0","0.00","0.0"
"246","Breece Hall","NYJ","RB","16","2025","3","100.0","0.0","0","0.0","0","0.0","0.0","","0","","0","0.0","0.0","","0.00","","0","","","","0","0.0","0","0","0","0","0","0.0","0","","0","0.000","0","","0","","0","","0","0","0.0","0","0.0","","","100.0","","","","0.00","","0.0","0.0","0.0","0.00","0.0"
"247","Scott Miller","PIT","WR","13","2025","4","80.0","0.0","0","0.0","0","0.0","0.0","","0","","0","0.0","0.0","","0.00","","0","","","","0","0.0","0","0","0","0","0","0.0","0","","0","0.000","0","","0","","0","","0","0","0.0","0","0.0","","","100.0","","","","0.00","","0.0","0.0","0.0","0.00","0.0"
"248","Oronde Gadsden","LAC","TE","15","2025","6","100.0","0.0","0","0.0","0","0.0","0.0","","0","","0","0.0","0.0","","0.00","","0","","","","0","0.0","0","0","0","0","0","0.0","0","","0","0.000","0","","0","","0","","0","0","0.0","0","0.0","","","100.0","","","","0.00","","0.0","0.0","0.0","0.00","0.0"
"249","Daniel Bellinger","NYG","TE","16","2025","3","100.0","3.0","3","25.0","1","0.1","50.0","0.33","0","","0","0.0","0.0","","0.00","","0","","","","0","0.0","0","0","0","0","0","0.0","0","","0","0.000","0","","0","","0","","0","0","0.0","0","39.6","50.0","-6.3","100.0","","","","0.00","","0.0","1.3","0.1","0.43","1.3"
"250","Jake Tonges","SF","TE","16","2025","2","100.0","0.0","0","0.0","0","0.0","0.0","","0","","0","0.0","0.0","","0.00","","0","","","","0","0.0","0","0","0","0","0","0.0","0","","0","0.000","0","","0","","0","","0","0","0.0","0","0.0","","","100.0","","","","0.00","","0.0","0.0","0.0","0.00","0.0"
"251","Josiah Deguara","ARZ","TE","12","2025","1","100.0","0.0","0","0.0","0","0.0","0.0","","0","","0","0.0","0.0","","0.00","","0","","","","0","0.0","0","0","0","0","0","0.0","0","","0","0.000","0","","0","","0","","0","0","0.0","0","0.0","","","100.0","","","","0.00","","0.0","0.0","0.0","0.00","0.0"
"252","Ray-Ray McCloud","ATL, NYG","WR","6","2025","11","91.7","-3.0","-3","-7.0","1","0.2","10.0","0.09","0","","0","0.0","0.0","","0.00","","0","","","","0","0.0","0","0","0","0","1","16.7","0","","0","0.000","1","100.0","1","100.0","1","100.0","0","0","0.0","0","39.6","11.1","-4.9","100.0","","","","0.00","","0.0","1.6","0.3","0.14","1.6"
"253","Brycen Tremayne","CAR","WR","16","2025","5","100.0","0.0","0","0.0","0","0.0","0.0","","0","","0","0.0","0.0","","0.00","","0","","","","0","0.0","0","0","0","0","0","0.0","0","","0","0.000","0","","0","","0","","0","0","0.0","0","0.0","","","100.0","","","","0.00","","0.0","0.0","0.0","0.00","0.0"
"254","Jaylin Lane","WAS","WR","15","2025","8","66.7","13.5","27","45.0","2","0.1","20.0","0.25","0","","0","0.0","0.0","","0.00","","0","","","","0","0.0","0","0","0","0","0","0.0","0","","0","0.000","0","","1","50.0","0","","1","0","0.0","0","0.0","22.2","-9.7","100.0","","","","0.00","","0.0","3.2","0.2","0.40","3.2"
"255","Curtis Samuel","BUF","WR","6","2025","4","100.0","0.0","0","0.0","0","0.0","0.0","","0","","0","0.0","0.0","","0.00","","0","","","","0","0.0","0","0","0","0","0","0.0","0","","0","0.000","0","","0","","0","","0","0","0.0","0","0.0","","","100.0","","","","0.00","","0.0","0.0","0.0","0.00","0.0"
"256","Malik Washington","MIA","WR","17","2025","15","100.0","0.0","0","0.0","0","0.0","0.0","","0","","0","0.0","0.0","","0.00","","0","","","","0","0.0","0","0","0","0","0","0.0","0","","0","0.000","0","","0","","0","","0","0","0.0","0","0.0","","","100.0","","","","0.00","","0.0","1.7","0.1","0.11","1.7"
"257","Jeremy Ruckert","NYJ","TE","17","2025","2","100.0","0.0","0","0.0","0","0.0","0.0","","0","","0","0.0","0.0","","0.00","","0","","","","0","0.0","0","0","0","0","0","0.0","0","","0","0.000","0","","0","","0","","0","0","0.0","0","0.0","","","100.0","","","","0.00","","0.0","0.0","0.0","0.00","0.0"
"258","Elijah Arroyo","SEA","TE","13","2025","2","100.0","0.0","0","0.0","0","0.0","0.0","","0","","0","0.0","0.0","","0.00","","0","","","","0","0.0","0","0","0","0","0","0.0","0","","0","0.000","0","","0","","0","","0","0","0.0","0","0.0","","","100.0","","","","0.00","","0.0","0.0","0.0","0.00","0.0"
"259","Allen Lazard","NYJ","WR","10","2025","8","100.0","0.0","0","0.0","0","0.0","0.0","","0","","0","0.0","0.0","","0.00","","0","","","","0","0.0","0","0","0","0","0","0.0","0","","0","0.000","0","","0","","0","","0","0","0.0","0","0.0","","","100.0","","","","0.00","","0.0","0.0","0.0","0.00","0.0"
"260","Cedrick Wilson","MIA","WR","10","2025","1","33.3","0.0","0","0.0","0","0.0","0.0","","0","","0","0.0","0.0","","0.00","","0","","","","0","0.0","0","0","0","0","0","0.0","0","","0","0.000","0","","0","","0","","0","0","0.0","0","0.0","","","100.0","","","","0.00","","0.0","0.0","0.0","0.00","0.0"
"261","Trey Benson","ARZ","RB","4","2025","1","100.0","0.0","0","0.0","0","0.0","0.0","","0","","0","0.0","0.0","","0.00","","0","","","","0","0.0","0","0","0","0","0","0.0","0","","0","0.000","0","","0","","0","","0","0","0.0","0","0.0","","","100.0","","","","0.00","","0.0","0.0","0.0","0.00","0.0"
"262","Evan Hull","NO","RB","6","2025","1","100.0","0.0","0","0.0","0","0.0","0.0","","0","","0","0.0","0.0","","0.00","","0","","","","0","0.0","0","0","0","0","0","0.0","0","","0","0.000","0","","0","","0","","0","0","0.0","0","0.0","","","100.0","","","","0.00","","0.0","0.0","0.0","0.00","0.0"
"263","Ronnie Bell","NO","WR","2","2025","2","100.0","0.0","0","0.0","0","0.0","0.0","","0","","0","0.0","0.0","","0.00","","0","","","","0","0.0","0","0","0","0","0","0.0","0","","0","0.000","0","","0","","0","","0","0","0.0","0","0.0","","","100.0","","","","0.00","","0.0","0.0","0.0","0.00","0.0"
"264","De'Von Achane","MIA","RB","16","2025","5","100.0","13.0","13","18.1","1","0.1","20.0","0.20","0","","0","0.0","0.0","","0.00","","0","","","","0","0.0","0","0","0","0","1","25.0","0","","0","0.000","0","","0","","0","","0","0","0.0","0","39.6","20.0","-7.0","100.0","","","","0.00","","0.0","1.7","0.1","0.34","1.7"
"265","David Sills","ATL","WR","17","2025","13","81.3","10.0","10","10.9","1","0.1","7.1","0.08","0","","0","0.0","0.0","","0.00","","0","","","","0","0.0","1","0","0","0","1","10.0","0","","0","0.000","0","","0","","0","","0","0","0.0","0","39.6","7.7","-7.5","100.0","","","","0.00","","0.0","1.8","0.1","0.14","1.8"
"266","Pat Freiermuth","PIT","TE","17","2025","7","87.5","0.0","0","0.0","0","0.0","0.0","","0","","0","0.0","0.0","","0.00","","0","","","","0","0.0","0","0","0","0","0","0.0","0","","0","0.000","0","","0","","0","","0","0","0.0","0","0.0","","","100.0","","","","0.00","","0.0","0.0","0.0","0.00","0.0"
"267","Braxton Berrios","HST","WR","4","2025","5","100.0","4.0","4","20.0","1","0.3","25.0","0.20","0","","0","0.0","0.0","","0.00","","0","","","","0","0.0","0","0","0","0","1","33.3","0","","0","0.000","0","","0","","0","","0","0","0.0","0","39.6","33.3","-6.0","100.0","","","","0.00","","0.0","1.4","0.4","0.28","1.4"
"268","Josh Whyle","GB","TE","8","2025","2","100.0","0.0","0","0.0","0","0.0","0.0","","0","","0","0.0","0.0","","0.00","","0","","","","0","0.0","0","0","0","0","0","0.0","0","","0","0.000","0","","0","","0","","0","0","0.0","0","0.0","","","100.0","","","","0.00","","0.0","0.0","0.0","0.00","0.0"
"269","Stone Smartt","NYJ","TE","8","2025","2","100.0","0.0","0","0.0","0","0.0","0.0","","0","","0","0.0","0.0","","0.00","","0","","","","0","0.0","0","0","0","0","0","0.0","0","","0","0.000","0","","0","","0","","0","0","0.0","0","0.0","","","100.0","","","","0.00","","0.0","0.0","0.0","0.00","0.0"
"270","Davis Allen","LA","TE","17","2025","7","100.0","0.0","0","0.0","0","0.0","0.0","","0","","0","0.0","0.0","","0.00","","0","","","","0","0.0","0","0","0","0","0","0.0","0","","0","0.000","0","","0","","0","","0","0","0.0","0","0.0","","","100.0","","","","0.00","","0.0","0.0","0.0","0.00","0.0"
"271","Malachi Corley","CLV","WR","13","2025","1","100.0","0.0","0","0.0","0","0.0","0.0","","0","","0","0.0","0.0","","0.00","","0","","","","0","0.0","0","0","0","0","0","0.0","0","","0","0.000","0","","0","","0","","0","0","0.0","0","0.0","","","100.0","","","","0.00","","0.0","0.0","0.0","0.00","0.0"
"272","Andrew Ogletree","IND","TE","15","2025","2","100.0","0.0","0","0.0","0","0.0","0.0","","0","","0","0.0","0.0","","0.00","","0","","","","0","0.0","0","0","0","0","0","0.0","0","","0","0.000","0","","0","","0","","0","0","0.0","0","0.0","","","100.0","","","","0.00","","0.0","0.0","0.0","0.00","0.0"
"273","Ke'Shawn Williams","PIT, CIN","WR","11","2025","1","100.0","0.0","0","0.0","0","0.0","0.0","","0","","0","0.0","0.0","","0.00","","0","","","","0","0.0","0","0","0","0","0","0.0","0","","0","0.000","0","","0","","0","","0","0","0.0","0","0.0","","","100.0","","","","0.00","","0.0","0.0","0.0","0.00","0.0"
"274","Andre Baccellia","ARZ","WR","5","2025","3","75.0","0.0","0","0.0","0","0.0","0.0","","0","","0","0.0","0.0","","0.00","","0","","","","0","0.0","0","0","0","0","0","0.0","0","","0","0.000","0","","0","","0","","0","0","0.0","0","0.0","","","100.0","","","","0.00","","0.0","0.0","0.0","0.00","0.0"
"275","Austin Trammell","JAX","WR","6","2025","2","100.0","0.0","0","0.0","0","0.0","0.0","","0","","0","0.0","0.0","","0.00","","0","","","","0","0.0","0","0","0","0","0","0.0","0","","0","0.000","0","","0","","0","","0","0","0.0","0","0.0","","","100.0","","","","0.00","","0.0","0.0","0.0","0.00","0.0"
"276","LaJohntay Wester","BLT","WR","16","2025","1","100.0","0.0","0","0.0","0","0.0","0.0","","0","","0","0.0","0.0","","0.00","","0","","","","0","0.0","0","0","0","0","0","0.0","0","","0","0.000","0","","0","","0","","0","0","0.0","0","0.0","","","100.0","","","","0.00","","0.0","0.0","0.0","0.00","0.0"
"277","Jonathan Mingo","DAL","WR","6","2025","3","100.0","0.0","0","0.0","0","0.0","0.0","","0","","0","0.0","0.0","","0.00","","0","","","","0","0.0","0","0","0","0","0","0.0","0","","0","0.000","0","","0","","0","","0","0","0.0","0","0.0","","","100.0","","","","0.00","","0.0","0.0","0.0","0.00","0.0"
"278","Hunter Long","JAX","TE","9","2025","2","100.0","0.0","0","0.0","0","0.0","0.0","","0","","0","0.0","0.0","","0.00","","0","","","","0","0.0","0","0","0","0","0","0.0","0","","0","0.000","0","","0","","0","","0","0","0.0","0","0.0","","","100.0","","","","0.00","","0.0","0.0","0.0","0.00","0.0"
"279","Bryce Oliver","TEN","WR","3","2025","2","100.0","0.0","0","0.0","0","0.0","0.0","","0","","0","0.0","0.0","","0.00","","0","","","","0","0.0","0","0","0","0","0","0.0","0","","0","0.000","0","","0","","0","","0","0","0.0","0","0.0","","","100.0","","","","0.00","","0.0","0.0","0.0","0.00","0.0"
"280","Khalil Shakir","BUF","WR","16","2025","7","100.0","0.0","0","0.0","0","0.0","0.0","","0","","0","0.0","0.0","","0.00","","0","","","","0","0.0","0","0","0","0","0","0.0","0","","0","0.000","0","","0","","0","","0","0","0.0","0","0.0","","","100.0","","","","0.00","","0.0","0.0","0.0","0.00","0.0"
"281","Isaiah Williams","NYJ","WR","15","2025","5","100.0","0.0","0","0.0","0","0.0","0.0","","0","","0","0.0","0.0","","0.00","","0","","","","0","0.0","0","0","0","0","0","0.0","0","","0","0.000","0","","0","","0","","0","0","0.0","0","0.0","","","100.0","","","","0.00","","0.0","0.0","0.0","0.00","0.0"
"282","Tahj Washington","MIA","WR","6","2025","1","100.0","0.0","0","0.0","0","0.0","0.0","","0","","0","0.0","0.0","","0.00","","0","","","","0","0.0","0","0","0","0","0","0.0","0","","0","0.000","0","","0","","0","","0","0","0.0","0","0.0","","","100.0","","","","0.00","","0.0","0.0","0.0","0.00","0.0"
"283","Tory Horton","SEA","WR","8","2025","7","77.8","42.0","42","49.4","1","0.1","11.1","0.14","0","","0","0.0","0.0","","0.00","","0","","","","0","0.0","0","0","0","1","1","12.5","0","","0","0.000","0","","0","","0","","0","0","0.0","0","39.6","11.1","-15.0","100.0","","","","0.00","","0.0","2.1","0.3","0.29","2.1"
"284","Bucky Irving","TB","RB","10","2025","1","100.0","0.0","0","0.0","0","0.0","0.0","","0","","0","0.0","0.0","","0.00","","0","","","","0","0.0","0","0","0","0","0","0.0","0","","0","0.000","0","","0","","0","","0","0","0.0","0","0.0","","","100.0","","","","0.00","","0.0","0.0","0.0","0.00","0.0"
"285","Jonnu Smith","PIT","TE","17","2025","3","100.0","0.0","0","0.0","0","0.0","0.0","","0","","0","0.0","0.0","","0.00","","0","","","","0","0.0","0","0","0","0","0","0.0","0","","0","0.000","0","","0","","0","","0","0","0.0","0","0.0","","","100.0","","","","0.00","","0.0","0.0","0.0","0.00","0.0"
"286","Alvin Kamara","NO","RB","11","2025","1","100.0","0.0","0","0.0","0","0.0","0.0","","0","","0","0.0","0.0","","0.00","","0","","","","0","0.0","0","0","0","0","0","0.0","0","","0","0.000","0","","0","","0","","0","0","0.0","0","0.0","","","100.0","","","","0.00","","0.0","0.0","0.0","0.00","0.0"
"287","Savion Williams","GB","WR","12","2025","1","100.0","0.0","0","0.0","0","0.0","0.0","","0","","0","0.0","0.0","","0.00","","0","","","","0","0.0","0","0","0","0","0","0.0","0","","0","0.000","0","","0","","0","","0","0","0.0","0","0.0","","","100.0","","","","0.00","","0.0","0.0","0.0","0.00","0.0"
"288","Tim Jones","MIN, JAX","WR","4","2025","1","100.0","0.0","0","0.0","0","0.0","0.0","","0","","0","0.0","0.0","","0.00","","0","","","","0","0.0","0","0","0","0","0","0.0","0","","0","0.000","0","","0","","0","","0","0","0.0","0","0.0","","","100.0","","","","0.00","","0.0","0.0","0.0","0.00","0.0"
"289","Tucker Kraft","GB","TE","8","2025","1","100.0","0.0","0","0.0","0","0.0","0.0","","0","","0","0.0","0.0","","0.00","","0","","","","0","0.0","0","0","0","0","0","0.0","0","","0","0.000","0","","0","","0","","0","0","0.0","0","0.0","","","100.0","","","","0.00","","0.0","0.0","0.0","0.00","0.0"
"290","Jake Ferguson","DAL","TE","17","2025","3","100.0","0.0","0","0.0","0","0.0","0.0","","0","","0","0.0","0.0","","0.00","","0","","","","0","0.0","0","0","0","0","0","0.0","0","","0","0.000","0","","0","","0","","0","0","0.0","0","0.0","","","100.0","","","","0.00","","0.0","1.5","0.1","0.49","1.5"
"291","Charlie Woerner","ATL","TE","17","2025","1","100.0","0.0","0","0.0","0","0.0","0.0","","0","","0","0.0","0.0","","0.00","","0","","","","0","0.0","0","0","0","0","0","0.0","0","","0","0.000","0","","0","","0","","0","0","0.0","0","0.0","","","100.0","","","","0.00","","0.0","0.0","0.0","0.00","0.0"
"292","Dare Ogunbowale","HST","RB","17","2025","1","100.0","0.0","0","0.0","0","0.0","0.0","","0","","0","0.0","0.0","","0.00","","0","","","","0","0.0","0","0","0","0","0","0.0","0","","0","0.000","0","","0","","0","","0","0","0.0","0","0.0","","","100.0","","","","0.00","","0.0","0.0","0.0","0.00","0.0"
"293","Michael Mayer","LV","TE","13","2025","2","100.0","0.0","0","0.0","0","0.0","0.0","","0","","0","0.0","0.0","","0.00","","0","","","","0","0.0","0","0","0","0","0","0.0","0","","0","0.000","0","","0","","0","","0","0","0.0","0","0.0","","","100.0","","","","0.00","","0.0","0.0","0.0","0.00","0.0"
"294","Kalif Raymond","DET","WR","15","2025","10","100.0","0.0","0","0.0","0","0.0","0.0","","0","","0","0.0","0.0","","0.00","","0","","","","0","0.0","0","0","0","0","0","0.0","0","","0","0.000","0","","0","","0","","0","0","0.0","0","0.0","","","100.0","","","","0.00","","0.0","0.0","0.0","0.00","0.0"
"295","Ben Sinnott","WAS","TE","16","2025","1","100.0","0.0","0","0.0","0","0.0","0.0","","0","","0","0.0","0.0","","0.00","","0","","","","0","0.0","0","0","0","0","0","0.0","0","","0","0.000","0","","0","","0","","0","0","0.0","0","0.0","","","100.0","","","","0.00","","0.0","0.0","0.0","0.00","0.0"
"296","James Conner","ARZ","RB","3","2025","1","100.0","0.0","0","0.0","0","0.0","0.0","","0","","0","0.0","0.0","","0.00","","0","","","","0","0.0","0","0","0","0","0","0.0","0","","0","0.000","0","","0","","0","","0","0","0.0","0","0.0","","","100.0","","","","0.00","","0.0","0.0","0.0","0.00","0.0"
"297","Ja'Tavion Sanders","CAR","TE","13","2025","3","100.0","0.0","0","0.0","0","0.0","0.0","","0","","0","0.0","0.0","","0.00","","0","","","","0","0.0","0","0","0","0","0","0.0","0","","0","0.000","0","","0","","0","","0","0","0.0","0","0.0","","","100.0","","","","0.00","","0.0","0.0","0.0","0.00","0.0"
"298","Tyler Lockett","LV, TEN","WR","17","2025","7","100.0","6.0","6","11.5","1","0.1","20.0","0.14","0","","0","0.0","0.0","","0.00","","0","","","","0","0.0","0","0","0","0","1","33.3","0","","0","0.000","0","","0","","0","","0","0","0.0","0","39.6","25.0","-6.9","100.0","","","","0.00","","0.0","2.8","0.2","0.39","2.8"
"299","Bijan Robinson","ATL","RB","17","2025","5","100.0","0.0","0","0.0","0","0.0","0.0","","0","","0","0.0","0.0","","0.00","","0","","","","0","0.0","0","0","0","0","0","0.0","0","","0","0.000","0","","0","","0","","0","0","0.0","0","0.0","","","100.0","","","","0.00","","0.0","0.0","0.0","0.00","0.0"
"300","Tyler Warren","IND","TE","17","2025","7","87.5","0.0","0","0.0","0","0.0","0.0","","0","","0","0.0","0.0","","0.00","","0","","","","0","0.0","0","0","0","0","0","0.0","0","","0","0.000","0","","0","","0","","0","0","0.0","0","0.0","","","100.0","","","","0.00","","0.0","0.0","0.0","0.00","0.0"
"301","Josh Palmer","BUF","WR","12","2025","13","92.9","0.0","0","0.0","0","0.0","0.0","","0","","0","0.0","0.0","","0.00","","0","","","","0","0.0","0","0","0","0","0","0.0","0","","0","0.000","0","","0","","0","","0","0","0.0","0","0.0","","","100.0","","","","0.00","","0.0","1.8","0.1","0.14","1.8"
"302","D'Andre Swift","CHI","RB","16","2025","1","100.0","0.0","0","0.0","0","0.0","0.0","","0","","0","0.0","0.0","","0.00","","0","","","","0","0.0","0","0","0","0","0","0.0","0","","0","0.000","0","","0","","0","","0","0","0.0","0","0.0","","","100.0","","","","0.00","","0.0","0.0","0.0","0.00","0.0"
"303","Jalen Coker","CAR","WR","11","2025","10","100.0","0.0","0","0.0","1","0.1","14.3","0.10","0","","0","0.0","0.0","","0.00","","0","","","","0","0.0","0","0","0","0","0","0.0","0","","0","0.000","0","","0","","0","","0","0","0.0","0","0.0","20.0","","100.0","","","","0.00","","0.0","0.0","0.0","0.00","0.0"
"304","KhaDarel Hodge","ATL","WR","11","2025","3","100.0","0.0","0","0.0","0","0.0","0.0","","0","","0","0.0","0.0","","0.00","","0","","","","0","0.0","0","0","0","0","0","0.0","0","","0","0.000","0","","0","","0","","0","0","0.0","0","0.0","","","100.0","","","","0.00","","0.0","0.0","0.0","0.00","0.0"
"305","Isiah Pacheco","KC","RB","13","2025","1","100.0","0.0","0","0.0","0","0.0","0.0","","0","","0","0.0","0.0","","0.00","","0","","","","0","0.0","0","0","0","0","0","0.0","0","","0","0.000","0","","0","","0","","0","0","0.0","0","0.0","","","100.0","","","","0.00","","0.0","0.0","0.0","0.00","0.0"
"306","Beaux Collins","NYG","WR","9","2025","3","100.0","0.0","0","0.0","0","0.0","0.0","","0","","0","0.0","0.0","","0.00","","0","","","","0","0.0","0","0","0","0","0","0.0","0","","0","0.000","0","","0","","0","","0","0","0.0","0","0.0","","","100.0","","","","0.00","","0.0","0.0","0.0","0.00","0.0"
"307","Durham Smythe","CHI","TE","17","2025","1","100.0","0.0","0","0.0","0","0.0","0.0","","0","","0","0.0","0.0","","0.00","","0","","","","0","0.0","0","0","0","0","0","0.0","0","","0","0.000","0","","0","","0","","0","0","0.0","0","0.0","","","100.0","","","","0.00","","0.0","0.0","0.0","0.00","0.0"
"308","Kameron Johnson","TB","WR","17","2025","4","100.0","15.0","15","55.6","1","0.1","33.3","0.25","0","","0","0.0","0.0","","0.00","","0","","","","0","0.0","0","0","0","0","0","0.0","0","","0","0.000","0","","0","","0","","0","0","0.0","0","0.0","33.3","-10.4","100.0","","","","0.00","","0.0","1.8","0.1","0.46","1.8"
"309","David Moore","CAR","WR","4","2025","2","100.0","0.0","0","0.0","0","0.0","0.0","","0","","0","0.0","0.0","","0.00","","0","","","","0","0.0","0","0","0","0","0","0.0","0","","0","0.000","0","","0","","0","","0","0","0.0","0","0.0","","","100.0","","","","0.00","","0.0","0.0","0.0","0.00","0.0"