"Player Details","","","","","","Receiving","","","","","","","","","","","","","","","","","","","","","","","Advanced","","","","","","","","","","","","","","","","","","","","","","","","","","","FPTS","","","","","",""
"Rank","Name","Team","POS","G","Season","RTE","RTE %","aDOT","AY","AY Share","TGT","TGT/G","TGT %","TPRR","REC","CR %","YDS","RecYDS/G","TM YDS %","YPRR","YPT","YPR","YAC","YAC/REC","YACO","YACO/REC","TD","TM TD %","i20 TGT","EZTGT","EZTD","DP TGT","1READ","1READ %","MTF","MTF/REC","1D","1D/RR","DRP","DRP %","CTGT","CTGT %","DESIGN","DESIGN %","CT","CC","CC %","HERO","RATE","THREAT","YPTOE","WIDE RTE %","SLOT RTE %","INLINE RTE %","BACK RTE %","FP/RR","FP/G","FP","XFP","XFP/G","XFP/RR","RecXFP"
"1","Tetairoa McMillan","CAR","WR","17","2025","61","98.4","13.1","183","52.6","14","0.8","23.7","0.23","11","78.6","203","11.9","43.3","3.33","14.50","18.45","55","5.00","24","2.18","1","50.0","1","1","1","3","8","28.6","2","0.18","9","0.148","0","","12","85.7","0","","1","0","0.0","0","142.6","26.4","5.6","100.0","","","","0.61","2.2","37.3","22.6","1.3","0.37","22.6"
"2","Ja'Marr Chase","CIN","WR","16","2025","99","100.0","9.9","159","36.2","16","1.0","17.8","0.16","13","81.3","197","12.3","32.5","1.99","12.31","15.15","69","5.31","28","2.15","0","0.0","0","0","0","2","13","28.9","1","0.08","10","0.101","0","","15","93.8","0","","5","3","60.0","1","118.0","19.3","4.2","100.0","","","","0.33","2.0","32.7","25.9","1.6","0.26","25.9"
"3","Amon-Ra St. Brown","DET","WR","17","2025","44","95.7","10.6","138","44.5","13","0.8","31.0","0.30","11","84.6","195","11.5","45.1","4.43","15.00","17.73","89","8.09","15","1.36","0","0.0","0","0","0","0","10","38.5","3","0.27","8","0.182","0","","11","84.6","0","","1","1","100.0","0","79.2","31.7","6.4","100.0","","","","0.69","1.8","30.5","21.4","1.3","0.49","21.4"
"4","CeeDee Lamb","DAL","WR","14","2025","61","98.4","12.4","161","30.6","13","0.9","22.8","0.21","11","84.6","193","13.8","33.9","3.16","14.85","17.55","67","6.09","10","0.91","0","0.0","0","0","0","5","8","28.6","2","0.18","7","0.115","0","","12","92.3","1","7.7","1","0","0.0","0","118.8","26.5","6.4","100.0","","","","0.50","2.2","30.3","23.2","1.7","0.38","23.2"
"5","Zay Flowers","BLT","WR","17","2025","58","95.1","15.3","184","52.6","12","0.7","25.0","0.21","8","66.7","189","11.1","49.7","3.26","15.75","23.63","50","6.25","1","0.13","3","100.0","1","1","1","4","7","29.2","0","","6","0.103","3","25.0","11","91.7","1","8.3","1","1","100.0","0","149.3","26.7","6.1","100.0","","","","0.77","2.6","44.9","19.3","1.1","0.33","19.3"
"6","DK Metcalf","PIT","WR","15","2025","49","92.5","8.2","107","54.9","13","0.9","27.1","0.27","9","69.2","172","11.5","40.9","3.51","13.23","19.11","112","12.44","13","1.44","1","50.0","0","0","0","0","11","40.7","4","0.44","7","0.143","1","7.7","11","84.6","2","15.4","2","1","50.0","1","137.5","28.9","5.3","100.0","","","","0.66","2.1","32.2","19.9","1.3","0.41","19.9"
"7","DeVonta Smith","PHI","WR","17","2025","38","97.4","18.7","187","61.3","10","0.6","29.4","0.26","7","70.0","166","9.8","52.2","4.37","16.60","23.71","49","7.00","22","3.14","1","50.0","0","0","0","2","7","50.0","0","","4","0.105","1","10.0","8","80.0","0","","1","1","100.0","1","145.8","32.3","6.5","100.0","","","","0.78","1.7","29.6","19.6","1.2","0.52","19.6"
"8","Mack Hollins","NE","WR","15","2025","38","100.0","12.1","109","42.7","9","0.6","29.0","0.24","9","100.0","148","9.9","52.1","3.89","16.44","16.44","39","4.33","5","0.56","0","0.0","0","0","0","1","7","58.3","1","0.11","7","0.184","0","","9","100.0","0","","0","0","0.0","0","118.8","30.0","7.7","100.0","","","","0.63","1.6","23.8","13.4","0.9","0.35","13.4"
"9","Michael Pittman","IND","WR","17","2025","47","94.0","9.4","141","63.2","15","0.9","31.9","0.32","11","73.3","145","8.5","39.1","3.09","9.67","13.18","56","5.09","22","2.00","1","50.0","0","0","0","2","13","43.3","1","0.09","8","0.170","0","","12","80.0","2","13.3","1","0","0.0","0","86.1","33.3","2.0","100.0","","","","0.67","1.9","31.5","22.6","1.3","0.48","22.6"
"10","Jameson Williams","DET","WR","17","2025","70","94.6","15.9","127","25.7","8","0.5","11.8","0.11","7","87.5","132","7.8","23.7","1.89","16.50","18.86","30","4.29","8","1.14","0","0.0","0","0","0","3","6","13.6","1","0.14","6","0.086","0","","7","87.5","0","","0","0","0.0","0","118.8","12.5","6.4","100.0","","","","0.29","1.2","20.2","15.8","0.9","0.23","15.8"
"11","Davante Adams","LA","WR","14","2025","34","91.9","15.0","135","48.6","9","0.6","25.7","0.26","7","77.8","129","9.2","43.9","3.79","14.33","18.43","14","2.00","4","0.57","1","50.0","1","1","1","2","8","38.1","3","0.43","5","0.147","0","","7","77.8","1","11.1","1","1","100.0","0","155.8","27.3","5.0","100.0","","","","0.76","1.9","25.9","14.4","1.0","0.42","14.4"
"12","Kendrick Bourne","SF","WR","16","2025","34","97.1","17.8","71","32.1","4","0.3","12.9","0.12","4","100.0","127","7.9","33.9","3.74","31.75","31.75","56","14.00","14","3.50","0","0.0","0","0","0","1","3","18.8","1","0.25","3","0.088","0","","4","100.0","0","","0","0","0.0","0","118.8","14.3","21.3","100.0","","","","0.49","1.0","16.7","7.5","0.5","0.22","7.5"
"13","Tee Higgins","CIN","WR","15","2025","126","97.7","11.3","147","27.1","13","0.9","11.0","0.10","9","69.2","125","8.3","15.7","0.99","9.62","13.89","44","4.89","21","2.33","0","0.0","0","0","0","2","11","18.6","2","0.22","5","0.040","2","15.4","13","100.0","0","","4","2","50.0","0","99.8","11.8","1.4","100.0","","","","0.17","1.4","21.5","20.3","1.4","0.16","20.3"
"14","Justin Jefferson","MIN","WR","17","2025","66","100.0","8.4","84","23.3","10","0.6","18.5","0.15","6","60.0","114","6.7","30.1","1.73","11.40","19.00","65","10.83","23","3.83","0","0.0","0","0","0","1","7","26.9","2","0.33","5","0.076","1","10.0","7","70.0","0","","1","1","100.0","0","99.6","19.6","4.5","100.0","","","","0.26","1.0","17.4","15.3","0.9","0.23","15.3"
"15","Courtland Sutton","DEN","WR","17","2025","62","79.5","10.2","122","28.9","12","0.7","16.7","0.19","9","75.0","111","6.5","27.2","1.79","9.25","12.33","35","3.89","14","1.56","0","0.0","0","0","0","1","9","24.3","1","0.11","8","0.129","0","","10","83.3","0","","1","1","100.0","0","68.4","18.8","1.3","100.0","","","","0.32","1.2","20.1","19.3","1.1","0.31","19.3"
"16","Rashid Shaheed","SEA, NO","WR","18","2025","48","94.1","9.2","119","34.8","13","0.7","27.1","0.27","9","69.2","109","6.1","28.0","2.27","8.38","12.11","16","1.78","10","1.11","0","0.0","1","0","0","1","8","40.0","1","0.11","7","0.146","0","","11","84.6","0","","3","1","33.3","0","62.7","28.9","0.6","100.0","","","","0.41","1.1","19.9","20.4","1.1","0.42","20.4"
"17","George Pickens","DAL","WR","17","2025","93","97.9","11.5","127","18.4","11","0.6","13.1","0.12","7","63.6","105","6.2","13.3","1.13","9.55","15.00","23","3.29","11","1.57","0","0.0","1","0","0","1","9","23.1","0","","5","0.054","0","","8","72.7","1","9.1","1","0","0.0","1","57.0","14.9","0.7","100.0","","","","0.19","1.0","17.5","19.5","1.1","0.21","19.5"
"18","Brian Thomas","JAX","WR","14","2025","41","87.2","12.1","97","32.9","8","0.6","19.5","0.20","7","87.5","101","7.2","23.4","2.46","12.63","14.43","19","2.71","2","0.29","0","0.0","0","0","0","2","6","26.1","0","","6","0.146","0","","8","100.0","0","","3","2","66.7","1","118.8","21.6","3.6","100.0","","","","0.42","1.2","17.1","11.9","0.8","0.29","11.9"
"19","A.J. Brown","PHI","WR","15","2025","77","100.0","11.1","144","31.6","13","0.9","19.1","0.17","9","69.2","98","6.5","19.1","1.27","7.54","10.89","15","1.67","21","2.33","0","0.0","0","0","0","1","8","25.8","0","","5","0.065","0","","9","69.2","0","","3","3","100.0","0","91.2","21.7","-1.1","100.0","","","","0.24","1.3","18.8","22.2","1.5","0.29","22.2"
"20","Drake London","ATL","WR","12","2025","37","94.9","8.9","71","27.0","8","0.7","21.1","0.22","7","87.5","97","8.1","35.4","2.62","12.13","13.86","38","5.43","22","3.14","0","0.0","0","0","0","1","6","35.3","1","0.14","3","0.081","0","","7","87.5","0","","0","0","0.0","0","117.2","24.2","4.4","100.0","","","","0.45","1.4","16.7","12.8","1.1","0.35","12.8"
"21","Jakobi Meyers","LV, JAX","WR","16","2025","41","93.2","10.6","95","33.0","9","0.6","22.5","0.22","6","66.7","96","6.0","32.1","2.34","10.67","16.00","51","8.50","8","1.33","0","0.0","0","0","0","1","6","26.1","0","","4","0.098","0","","6","66.7","1","11.1","0","0","0.0","0","62.5","25.0","2.1","100.0","","","","0.38","1.0","15.6","13.8","0.9","0.34","13.8"
"22","Keenan Allen","LAC","WR","17","2025","35","100.0","11.5","127","53.1","11","0.6","36.7","0.31","8","72.7","95","5.6","42.4","2.71","8.64","11.88","19","2.38","10","1.25","0","0.0","1","0","0","3","6","40.0","1","0.13","6","0.171","1","9.1","10","90.9","0","","1","0","0.0","1","98.7","39.3","0.7","100.0","","","","0.50","1.0","17.5","19.7","1.2","0.56","19.7"
"23","Parker Washington","JAX","WR","16","2025","28","87.5","6.9","48","26.7","7","0.4","25.0","0.25","6","85.7","91","5.7","44.6","3.25","13.00","15.17","72","12.00","2","0.33","0","0.0","1","0","0","1","6","31.6","4","0.67","2","0.071","0","","7","100.0","2","28.6","1","1","100.0","0","118.8","28.0","6.1","100.0","","","","0.54","0.9","15.1","10.4","0.6","0.37","10.4"
"24","Jaylen Waddle","MIA","WR","16","2025","53","86.9","12.9","168","60.2","13","0.8","25.0","0.25","8","61.5","89","5.6","28.4","1.68","6.85","11.13","10","1.25","2","0.25","0","0.0","0","0","0","2","10","28.6","0","","5","0.094","0","","8","61.5","1","7.7","1","1","100.0","0","81.9","26.0","-1.8","100.0","","","","0.32","1.1","16.9","20.8","1.3","0.39","20.8"
"25","Jauan Jennings","SF","WR","15","2025","34","94.4","14.8","59","24.9","4","0.3","13.3","0.12","3","75.0","87","5.8","25.7","2.56","21.75","29.00","45","15.00","2","0.67","2","100.0","0","0","0","1","4","23.5","1","0.33","2","0.059","0","","3","75.0","0","","1","1","100.0","0","116.7","14.3","11.6","100.0","","","","0.70","1.6","23.7","6.5","0.4","0.19","6.5"
"26","Puka Nacua","LA","WR","16","2025","24","92.3","9.1","64","36.6","7","0.4","29.2","0.29","5","71.4","87","5.4","35.2","3.63","12.43","17.40","30","6.00","18","3.60","1","50.0","0","0","0","1","6","42.9","3","0.60","4","0.167","0","","7","100.0","1","14.3","3","1","33.3","1","153.0","31.8","4.7","100.0","","","","0.82","1.2","19.7","10.2","0.6","0.43","10.2"
"27","Emeka Egbuka","TB","WR","17","2025","45","97.8","12.4","112","38.2","9","0.5","20.9","0.20","6","66.7","84","4.9","25.7","1.87","9.33","14.00","35","5.83","16","2.67","1","100.0","1","1","0","2","5","18.5","1","0.17","4","0.089","0","","6","66.7","1","11.1","2","1","50.0","0","133.6","22.5","0.4","100.0","","","","0.45","1.2","20.4","15.3","0.9","0.34","15.3"
"28","Theo Wease","MIA","WR","3","2025","9","90.0","18.5","74","69.8","4","1.3","57.1","0.44","2","50.0","83","27.7","79.0","9.22","20.75","41.50","43","21.50","","","1","100.0","1","1","0","2","3","60.0","0","","2","0.222","0","","3","75.0","0","","1","0","0.0","0","95.8","57.1","9.8","100.0","","","","1.81","5.4","16.3","9.3","3.1","1.04","9.3"
"29","Stefon Diggs","NE","WR","17","2025","30","93.8","11.3","102","65.0","9","0.5","39.1","0.30","6","66.7","80","4.7","35.9","2.67","8.89","13.33","28","4.67","6","1.00","0","0.0","0","0","0","3","6","42.9","0","","3","0.100","2","22.2","8","88.9","0","","0","0","0.0","0","55.1","40.9","0.7","100.0","","","","0.47","0.8","14.0","14.0","0.8","0.47","14.0"
"30","Romeo Doubs","GB","WR","16","2025","29","87.9","16.4","82","46.6","5","0.3","17.9","0.17","4","80.0","78","4.9","26.0","2.69","15.60","19.50","18","4.50","8","2.00","0","0.0","1","0","0","2","2","13.3","1","0.25","3","0.103","0","","4","80.0","0","","0","0","0.0","0","118.8","18.5","5.5","100.0","","","","0.41","0.7","11.8","9.5","0.6","0.33","9.5"
"31","Tre Tucker","LV","WR","17","2025","60","96.8","11.6","139","37.0","12","0.7","21.1","0.20","8","66.7","76","4.5","23.6","1.27","6.33","9.50","42","5.25","11","1.38","0","0.0","0","2","0","2","10","25.6","1","0.13","6","0.100","1","8.3","9","75.0","2","16.7","2","0","0.0","0","84.0","22.2","-2.0","100.0","","","","0.26","0.9","15.6","22.3","1.3","0.37","22.3"
"32","Chris Olave","NO","WR","16","2025","40","95.2","18.3","128","54.7","7","0.4","18.9","0.18","4","57.1","74","4.6","30.1","1.85","10.57","18.50","5","1.25","1","0.25","0","0.0","0","0","0","3","4","21.1","0","","2","0.050","0","","4","57.1","0","","0","0","0.0","0","93.8","20.0","0.1","100.0","","","","0.29","0.7","11.4","12.6","0.8","0.31","12.6"
"33","Quentin Johnston","LAC","WR","14","2025","46","97.9","21.0","63","16.4","3","0.2","7.5","0.07","3","100.0","72","5.1","19.5","1.57","24.00","24.00","9","3.00","2","0.67","0","0.0","1","0","0","1","2","10.0","0","","3","0.065","0","","3","100.0","0","","1","1","100.0","1","118.8","8.1","14.7","100.0","","","","0.22","0.7","10.2","5.3","0.4","0.12","5.3"
"34","Garrett Wilson","NYJ","WR","7","2025","30","100.0","12.3","74","51.0","6","0.9","30.0","0.20","5","83.3","71","10.1","42.3","2.37","11.83","14.20","30","6.00","22","4.40","0","0.0","0","0","0","2","5","55.6","1","0.20","3","0.100","0","","5","83.3","0","","1","1","100.0","0","76.4","31.6","2.9","100.0","","","","0.40","1.7","12.1","11.0","1.6","0.37","11.0"
"35","Darius Slayton","NYG","WR","14","2025","62","92.5","9.9","79","23.4","8","0.6","13.1","0.13","5","62.5","70","5.0","15.2","1.13","8.75","14.00","31","6.20","7","1.40","1","50.0","0","0","0","1","7","20.6","1","0.20","4","0.065","1","12.5","6","75.0","0","","0","0","0.0","0","130.2","14.0","0.9","100.0","","","","0.29","1.3","18.0","13.2","0.9","0.21","13.2"
"36","Xavier Legette","CAR","WR","15","2025","39","92.9","10.8","97","45.5","9","0.6","25.0","0.23","5","55.6","69","4.6","21.4","1.77","7.67","13.80","30","6.00","5","1.00","0","0.0","0","0","0","2","7","41.2","2","0.40","4","0.103","0","","8","88.9","1","11.1","0","0","0.0","0","80.3","28.1","-0.6","100.0","","","","0.31","0.8","11.9","16.4","1.1","0.42","16.4"
"37","Wan'Dale Robinson","NYG","WR","16","2025","21","100.0","14.2","71","49.7","5","0.3","29.4","0.24","5","100.0","68","4.3","54.4","3.24","13.60","13.60","5","1.00","2","0.40","1","100.0","0","1","1","1","3","30.0","0","","3","0.143","0","","5","100.0","0","","1","1","100.0","0","158.3","33.3","4.6","100.0","","","","0.85","1.1","17.8","7.2","0.4","0.34","7.2"
"38","Dalton Kincaid","BUF","TE","12","2025","7","100.0","11.5","23","71.9","2","0.2","33.3","0.29","2","100.0","67","5.6","94.4","9.57","33.50","33.50","44","22.00","6","3.00","0","0.0","0","0","0","0","1","33.3","0","","2","0.286","0","","2","100.0","0","","0","0","0.0","0","118.8","33.3","24.8","100.0","","","","1.24","0.7","8.7","3.1","0.3","0.45","3.1"
"39","Zay Jones","ARZ","WR","8","2025","14","100.0","18.3","55","57.9","3","0.4","27.3","0.21","3","100.0","67","8.4","51.5","4.79","22.33","22.33","12","4.00","","","0","0.0","0","0","0","1","3","42.9","0","","2","0.143","0","","3","100.0","0","","0","0","0.0","1","118.8","30.0","12.5","100.0","","","","0.69","1.2","9.7","3.8","0.5","0.27","3.8"
"40","Dalton Schultz","HST","TE","17","2025","6","85.7","12.3","49","96.1","4","0.2","57.1","0.67","3","75.0","66","3.9","89.2","11.00","16.50","22.00","40","13.33","10","3.33","0","0.0","0","0","0","1","2","66.7","1","0.33","2","0.333","0","","3","75.0","0","","0","0","0.0","0","116.7","66.7","7.5","100.0","","","","1.60","0.6","9.6","6.4","0.4","1.07","6.4"
"41","Jaxon Smith-Njigba","SEA","WR","17","2025","30","96.8","11.0","55","41.4","5","0.3","18.5","0.17","4","80.0","62","3.6","31.2","2.07","12.40","15.50","32","8.00","18","4.50","0","0.0","0","0","0","1","4","36.4","1","0.25","2","0.067","0","","4","80.0","0","","0","0","0.0","0","118.3","21.7","3.9","100.0","","","","0.34","0.6","10.2","8.3","0.5","0.28","8.3"
"42","Tyreek Hill","MIA","WR","4","2025","17","85.0","15.4","77","130.5","5","1.3","26.3","0.29","4","80.0","58","14.5","43.9","3.41","11.60","14.50","3","0.75","3","0.75","0","0.0","0","0","0","3","3","27.3","0","","3","0.176","0","","4","80.0","0","","0","0","0.0","0","115.0","27.8","2.2","100.0","","","","0.58","2.5","9.8","8.9","2.2","0.52","8.9"
"43","Matthew Golden","GB","WR","14","2025","21","95.5","14.3","57","41.9","4","0.3","22.2","0.19","3","75.0","57","4.1","26.9","2.71","14.25","19.00","22","7.33","","","0","0.0","0","0","0","2","3","30.0","2","0.67","2","0.095","0","","3","75.0","0","","1","1","100.0","0","77.1","23.5","5.3","100.0","","","","0.41","0.6","8.7","5.4","0.4","0.26","5.4"
"44","Travis Kelce","KC","TE","17","2025","12","85.7","16.0","32","31.7","2","0.1","16.7","0.17","2","100.0","57","3.4","41.6","4.75","28.50","28.50","25","12.50","1","0.50","0","0.0","0","0","0","0","0","0.0","0","","2","0.167","0","","2","100.0","0","","0","0","0.0","0","118.8","18.2","18.2","100.0","","","","0.64","0.5","7.7","3.1","0.2","0.26","3.1"
"45","Van Jefferson","TEN","WR","16","2025","50","87.7","14.1","99","27.4","7","0.4","13.2","0.14","4","57.1","55","3.4","17.4","1.10","7.86","13.75","9","2.25","4","1.00","0","0.0","0","0","0","2","5","15.6","0","","2","0.040","0","","4","57.1","0","","0","0","0.0","0","82.4","13.7","-1.7","100.0","","","","0.19","0.6","9.5","11.3","0.7","0.23","11.3"
"46","Rome Odunze","CHI","WR","12","2025","33","91.7","17.0","119","54.1","7","0.6","20.6","0.21","2","28.6","54","4.5","26.5","1.64","7.71","27.00","11","5.50","1","0.50","1","100.0","0","0","0","3","6","33.3","0","","2","0.061","3","42.9","5","71.4","0","","1","0","0.0","0","98.8","22.6","-2.7","100.0","","","","0.41","1.1","13.4","11.7","1.0","0.35","11.7"
"47","Calvin Ridley","TEN","WR","7","2025","20","95.2","9.6","48","55.8","5","0.7","27.8","0.25","4","80.0","53","7.6","49.1","2.65","10.60","13.25","19","4.75","1","0.25","0","0.0","0","0","0","0","2","15.4","3","0.75","2","0.100","1","20.0","5","100.0","0","","0","0","0.0","0","110.8","27.8","2.7","100.0","","","","0.47","1.3","9.3","7.4","1.1","0.37","7.4"
"48","DJ Moore","CHI","WR","17","2025","36","94.7","10.3","62","40.5","6","0.4","19.4","0.17","4","66.7","50","2.9","32.7","1.39","8.33","12.50","18","4.50","4","1.00","0","0.0","0","0","0","0","5","35.7","0","","3","0.083","0","","4","66.7","1","16.7","0","0","0.0","0","92.4","25.0","-0.5","100.0","","","","0.25","0.5","9.0","10.9","0.6","0.30","10.9"
"49","Isaac TeSlaa","DET","WR","17","2025","29","100.0","9.3","28","14.6","3","0.2","10.7","0.10","3","100.0","49","2.9","17.0","1.69","16.33","16.33","21","7.00","5","1.67","0","0.0","0","0","0","0","3","16.7","0","","2","0.069","0","","3","100.0","0","","0","0","0.0","0","118.8","11.5","8.0","100.0","","","","0.27","0.5","7.9","5.3","0.3","0.18","5.3"
"50","Deebo Samuel","WAS","WR","16","2025","20","100.0","8.3","33","22.0","4","0.3","30.8","0.20","3","75.0","47","2.9","23.2","2.35","11.75","15.67","19","6.33","11","3.67","0","0.0","0","0","0","0","4","40.0","0","","2","0.100","0","","3","75.0","1","25.0","1","1","100.0","0","113.5","30.8","3.8","100.0","","","","0.39","0.5","7.7","7.2","0.4","0.36","7.2"
"51","Pat Bryant","DEN","WR","15","2025","18","85.7","12.0","48","84.2","4","0.3","22.2","0.22","3","75.0","47","3.1","35.1","2.61","11.75","15.67","14","4.67","6","2.00","1","100.0","0","1","1","1","3","25.0","1","0.33","3","0.167","0","","3","75.0","0","","0","0","0.0","0","113.5","23.5","4.5","100.0","","","","0.76","0.9","13.7","9.0","0.6","0.50","9.0"
"52","Colston Loveland","CHI","TE","16","2025","9","81.8","8.3","25","34.2","3","0.2","37.5","0.33","3","100.0","47","2.9","58.8","5.22","15.67","15.67","22","7.33","10","3.33","0","0.0","0","0","0","0","3","50.0","1","0.33","3","0.333","0","","3","100.0","0","","0","0","0.0","0","118.8","42.9","7.7","100.0","","","","0.86","0.5","7.7","5.9","0.4","0.65","5.9"
"53","Chris Moore","WAS","WR","14","2025","19","86.4","12.3","37","26.2","3","0.2","15.0","0.16","3","100.0","47","3.4","22.1","2.47","15.67","15.67","10","3.33","3","1.00","0","0.0","0","0","0","0","2","14.3","0","","3","0.158","0","","3","100.0","0","","0","0","0.0","0","118.8","16.7","7.0","100.0","","","","0.41","0.6","7.7","5.0","0.4","0.26","5.0"
"54","Kalif Raymond","DET","WR","15","2025","28","96.6","8.7","52","27.7","6","0.4","20.7","0.21","5","83.3","47","3.1","19.1","1.68","7.83","9.40","17","3.40","9","1.80","0","0.0","0","0","0","1","3","20.0","0","","2","0.071","0","","5","83.3","0","","1","1","100.0","0","99.3","20.7","0.2","100.0","","","","0.35","0.6","9.7","8.4","0.6","0.30","8.4"
"55","Cade Otton","TB","TE","16","2025","10","90.9","8.0","32","49.2","4","0.3","44.4","0.40","3","75.0","46","2.9","40.7","4.60","11.50","15.33","18","6.00","8","2.67","0","0.0","1","0","0","0","1","25.0","1","0.33","2","0.200","0","","4","100.0","0","","1","0","0.0","0","72.9","50.0","3.9","100.0","","","","0.76","0.5","7.6","5.7","0.4","0.57","5.7"
"56","Tre Harris","LAC","WR","17","2025","27","100.0","11.2","56","23.3","5","0.3","25.0","0.19","4","80.0","46","2.7","26.7","1.70","9.20","11.50","14","3.50","7","1.75","0","0.0","0","0","0","2","4","36.4","2","0.50","2","0.074","0","","4","80.0","0","","0","0","0.0","0","105.0","25.0","1.1","100.0","","","","0.32","0.5","8.6","8.2","0.5","0.30","8.2"
"57","Nico Collins","HST","WR","15","2025","51","94.4","13.1","157","51.5","12","0.8","24.0","0.24","5","41.7","46","3.1","15.3","0.90","3.83","9.20","19","3.80","10","2.00","0","0.0","0","0","0","2","7","25.9","0","","2","0.039","0","","8","66.7","1","8.3","3","2","66.7","0","18.1","25.0","-5.2","100.0","","","","0.19","0.6","9.6","21.9","1.5","0.43","21.9"
"58","Tyler Lockett","LV, TEN","WR","17","2025","17","94.4","10.5","42","41.2","4","0.2","23.5","0.24","3","75.0","46","2.7","25.0","2.71","11.50","15.33","9","3.00","4","1.33","0","0.0","0","0","0","1","3","27.3","0","","2","0.118","1","25.0","4","100.0","0","","0","0","0.0","0","112.5","25.0","3.3","100.0","","","","0.45","0.4","7.6","5.9","0.3","0.35","5.9"
"59","Tyler Johnson","NYJ","WR","12","2025","18","90.0","12.0","60","90.9","5","0.4","41.7","0.28","3","60.0","44","3.7","71.0","2.44","8.80","14.67","17","5.67","5","1.67","0","0.0","1","0","0","2","4","50.0","0","","1","0.056","1","20.0","4","80.0","0","","1","0","0.0","0","88.8","50.0","0.3","100.0","","","","0.41","0.6","7.4","8.9","0.7","0.50","8.9"
"60","David Sills","ATL","WR","17","2025","31","91.2","11.4","57","25.4","5","0.3","15.2","0.16","3","60.0","42","2.5","19.4","1.35","8.40","14.00","4","1.33","","","0","0.0","0","0","0","1","3","17.6","0","","2","0.065","1","20.0","4","80.0","1","20.0","3","2","66.7","0","47.5","17.2","-0.5","100.0","","","","0.23","0.4","7.2","8.4","0.5","0.27","8.4"
"61","Luther Burden","CHI","WR","15","2025","24","100.0","6.4","45","38.5","7","0.5","30.4","0.29","5","71.4","41","2.7","52.6","1.71","5.86","8.20","17","3.40","8","1.60","0","0.0","0","0","0","0","6","60.0","0","","3","0.125","1","14.3","6","85.7","1","14.3","0","0","0.0","0","86.0","36.8","-1.3","100.0","","","","0.38","0.6","9.1","10.7","0.7","0.45","10.7"
"62","Adonai Mitchell","IND, NYJ","WR","16","2025","44","91.7","11.7","82","33.9","7","0.4","17.5","0.16","3","42.9","40","2.5","14.9","0.91","5.71","13.33","4","1.33","","","0","0.0","2","1","0","1","6","23.1","0","","1","0.023","1","14.3","4","57.1","0","","2","1","50.0","1","61.6","18.9","-3.1","100.0","","","","0.16","0.4","7.0","11.0","0.7","0.25","11.0"
"63","Dee Eskridge","MIA","WR","13","2025","12","100.0","35.0","35","31.3","1","0.1","9.1","0.08","1","100.0","40","3.1","40.8","3.33","40.00","40.00","5","5.00","4","4.00","0","0.0","0","0","0","1","1","25.0","0","","1","0.083","0","","1","100.0","0","","1","1","100.0","1","118.8","10.0","26.3","100.0","","","","0.42","0.4","5.0","2.3","0.2","0.19","2.3"
"64","KaVontae Turpin","DAL","WR","15","2025","10","83.3","11.7","35","52.2","3","0.2","25.0","0.30","3","100.0","38","2.5","29.7","3.80","12.67","12.67","3","1.00","1","0.33","0","0.0","1","0","0","1","3","37.5","0","","2","0.200","0","","3","100.0","0","","2","2","100.0","1","118.8","25.0","4.3","100.0","","","","0.68","0.5","6.8","5.0","0.3","0.50","5.0"
"65","Ricky Pearsall","SF","WR","9","2025","25","96.2","15.3","61","39.9","4","0.4","18.2","0.16","3","75.0","38","4.2","16.4","1.52","9.50","12.67","0","","","","0","0.0","0","0","0","2","3","21.4","0","","2","0.080","0","","3","75.0","0","","0","0","0.0","1","64.6","18.2","0.2","100.0","","","","0.27","0.8","6.8","10.6","1.2","0.43","10.6"
"66","Malachi Corley","CLV","WR","13","2025","6","100.0","3.0","9","36.0","3","0.2","50.0","0.50","3","100.0","36","2.8","62.1","6.00","12.00","12.00","27","9.00","3","1.00","0","0.0","0","0","0","0","2","40.0","1","0.33","2","0.333","0","","3","100.0","2","66.7","0","0","0.0","0","116.7","50.0","5.9","100.0","","","","1.10","0.5","6.6","4.4","0.3","0.73","4.4"
"67","Mike Gesicki","CIN","TE","13","2025","16","100.0","9.0","27","22.7","3","0.2","21.4","0.19","3","100.0","35","2.7","43.2","2.19","11.67","11.67","8","2.67","2","0.67","0","0.0","0","0","0","0","3","30.0","0","","2","0.125","0","","3","100.0","0","","0","0","0.0","0","115.3","23.1","3.7","100.0","","","","0.41","0.5","6.5","4.8","0.4","0.30","4.8"
"68","Luke McCaffrey","WAS","WR","9","2025","7","100.0","15.5","31","70.5","2","0.2","33.3","0.29","2","100.0","35","3.9","67.3","5.00","17.50","17.50","4","2.00","","","0","0.0","0","0","0","0","0","0.0","0","","1","0.143","0","","2","100.0","0","","0","0","0.0","0","118.8","40.0","6.8","100.0","","","","0.79","0.6","5.5","3.9","0.4","0.56","3.9"
"69","Jerry Jeudy","CLV","WR","17","2025","69","97.2","10.8","97","33.8","9","0.5","14.5","0.13","5","55.6","35","2.1","11.6","0.51","3.89","7.00","2","0.40","1","0.20","0","0.0","0","0","0","1","8","25.0","0","","2","0.029","1","11.1","6","66.7","0","","0","0","0.0","0","25.0","16.4","-3.9","100.0","","","","0.12","0.5","8.5","13.6","0.8","0.20","13.6"
"70","Trey McBride","ARZ","TE","17","2025","9","100.0","6.0","18","54.5","3","0.2","33.3","0.33","3","100.0","35","2.1","77.8","3.89","11.67","11.67","17","5.67","7","2.33","0","0.0","0","0","0","0","3","60.0","1","0.33","3","0.333","0","","3","100.0","0","","0","0","0.0","0","115.3","33.3","4.8","100.0","","","","0.72","0.4","6.5","4.4","0.3","0.49","4.4"
"71","Marquez Valdes-Scantling","SF, PIT","WR","10","2025","30","90.9","8.3","33","32.7","4","0.4","13.8","0.13","3","75.0","35","3.5","15.0","1.17","8.75","11.67","6","2.00","19","6.33","0","0.0","0","0","0","0","4","21.1","0","","1","0.033","0","","4","100.0","0","","2","1","50.0","0","101.0","14.3","1.0","100.0","","","","0.22","0.7","6.5","7.3","0.7","0.24","7.3"
"72","Cooper Kupp","SEA","WR","16","2025","15","93.8","9.0","18","78.3","2","0.1","15.4","0.13","2","100.0","35","2.2","59.3","2.33","17.50","17.50","17","8.50","6","3.00","0","0.0","0","0","0","0","1","25.0","1","0.50","2","0.133","0","","2","100.0","0","","0","0","0.0","0","118.8","20.0","9.9","100.0","","","","0.37","0.3","5.5","3.3","0.2","0.22","3.3"
"73","Jayden Higgins","HST","WR","17","2025","37","90.2","11.2","56","23.7","5","0.3","12.8","0.14","3","60.0","35","2.1","18.4","0.95","7.00","11.67","7","2.33","1","0.33","0","0.0","0","0","0","1","4","21.1","0","","2","0.054","1","20.0","5","100.0","0","","2","0","0.0","0","41.7","13.5","-1.2","100.0","","","","0.18","0.4","6.5","8.3","0.5","0.23","8.3"
"74","Troy Franklin","DEN","WR","17","2025","38","95.0","20.2","121","44.2","6","0.4","15.8","0.16","4","66.7","34","2.0","17.2","0.89","5.67","8.50","-34","-8.50","8","2.00","0","0.0","0","0","0","2","3","15.8","0","","1","0.026","0","","4","66.7","3","50.0","1","1","100.0","0","81.3","17.6","-3.9","100.0","","","","0.19","0.4","7.4","10.5","0.6","0.28","10.5"
"75","Tez Johnson","TB","WR","16","2025","28","100.0","15.2","76","31.3","5","0.3","20.0","0.18","2","40.0","34","2.1","21.9","1.21","6.80","17.00","5","2.50","","","0","0.0","0","0","0","0","5","27.8","0","","2","0.071","0","","3","60.0","0","","2","1","50.0","0","63.8","20.8","-3.5","100.0","","","","0.19","0.3","5.4","8.8","0.6","0.32","8.8"
"76","Andrei Iosivas","CIN","WR","17","2025","46","85.2","11.7","70","29.3","6","0.4","12.5","0.13","4","66.7","34","2.0","13.2","0.74","5.67","8.50","5","1.25","12","3.00","0","0.0","0","0","0","1","1","3.8","0","","1","0.022","0","","5","83.3","0","","2","1","50.0","0","81.3","14.3","-3.0","100.0","","","","0.16","0.4","7.4","9.7","0.6","0.21","9.7"
"77","Demarcus Robinson","SF","WR","14","2025","18","100.0","15.5","31","25.8","2","0.1","13.3","0.11","2","100.0","33","2.4","30.8","1.83","16.50","16.50","2","1.00","1","0.50","0","0.0","0","0","0","1","2","28.6","0","","2","0.111","0","","2","100.0","0","","2","2","100.0","0","118.8","16.7","6.9","100.0","","","","0.29","0.4","5.3","3.4","0.2","0.19","3.4"
"78","Sam LaPorta","DET","TE","9","2025","13","92.9","10.0","20","32.8","2","0.2","18.2","0.15","2","100.0","33","3.7","37.1","2.54","16.50","16.50","13","6.50","4","2.00","0","0.0","0","0","0","0","1","14.3","0","","1","0.077","0","","2","100.0","0","","0","0","0.0","0","118.8","20.0","7.9","100.0","","","","0.41","0.6","5.3","3.1","0.3","0.24","3.1"
"79","Tyrell Shavers","BUF","WR","17","2025","11","100.0","8.8","35","39.8","4","0.2","36.4","0.36","3","75.0","33","1.9","39.8","3.00","8.25","11.00","15","5.00","2","0.67","0","0.0","0","0","0","0","1","33.3","0","","2","0.182","0","","3","75.0","0","","0","0","0.0","0","99.0","36.4","0.5","100.0","","","","0.57","0.4","6.3","6.6","0.4","0.60","6.6"
"80","Jalen McMillan","TB","WR","4","2025","10","90.9","28.0","28","48.3","1","0.3","11.1","0.10","1","100.0","33","8.3","32.0","3.30","33.00","33.00","5","5.00","1","1.00","0","0.0","0","0","0","1","0","0.0","0","","1","0.100","0","","1","100.0","0","","1","1","100.0","0","118.8","12.5","21.9","100.0","","","","0.43","1.1","4.3","1.9","0.5","0.19","1.9"
"81","Cedric Tillman","CLV","WR","13","2025","22","95.7","12.3","49","40.8","4","0.3","19.0","0.18","2","50.0","32","2.5","39.5","1.45","8.00","16.00","5","2.50","2","1.00","0","0.0","0","0","0","0","4","36.4","0","","1","0.045","0","","3","75.0","0","","2","1","50.0","0","77.1","20.0","-0.8","100.0","","","","0.24","0.4","5.2","5.6","0.4","0.26","5.6"
"82","Keon Coleman","BUF","WR","13","2025","21","91.3","9.2","46","37.4","5","0.4","25.0","0.24","4","80.0","31","2.4","18.9","1.48","6.20","7.75","14","3.50","6","1.50","0","0.0","0","0","0","1","4","28.6","0","","1","0.048","0","","4","80.0","0","","1","1","100.0","0","92.5","25.0","-0.9","100.0","","","","0.34","0.5","7.1","11.2","0.9","0.53","11.2"
"83","Elijah Moore","BUF","WR","9","2025","9","90.0","2.3","7","233.3","3","0.3","37.5","0.33","2","66.7","30","3.3","57.7","3.33","10.00","15.00","29","14.50","10","5.00","0","0.0","0","0","0","0","2","66.7","1","0.50","1","0.111","0","","2","66.7","0","","0","0","0.0","0","99.3","37.5","4.1","100.0","","","","0.56","0.6","5.0","4.1","0.5","0.46","4.1"
"84","Jordan Addison","MIN","WR","14","2025","52","92.9","9.8","39","14.7","4","0.3","8.3","0.08","3","75.0","30","2.1","9.8","0.58","7.50","10.00","6","2.00","13","4.33","0","0.0","0","0","0","0","4","14.3","0","","1","0.019","0","","3","75.0","0","","0","0","0.0","1","95.8","8.7","-0.8","100.0","","","","0.12","0.4","6.0","5.8","0.4","0.11","5.8"
"85","Ladd McConkey","LAC","WR","16","2025","26","100.0","10.8","43","32.3","4","0.3","18.2","0.15","3","75.0","30","1.9","16.5","1.15","7.50","10.00","13","4.33","4","1.33","0","0.0","0","0","0","1","4","30.8","0","","1","0.038","0","","3","75.0","0","","0","0","0.0","0","95.8","20.0","-1.3","100.0","","","","0.23","0.4","6.0","7.5","0.5","0.29","7.5"
"86","Harold Fannin","CLV","TE","16","2025","11","91.7","13.5","27","73.0","2","0.1","22.2","0.18","2","100.0","29","1.8","52.7","2.64","14.50","14.50","2","1.00","","","1","100.0","1","0","0","1","1","33.3","0","","1","0.091","0","","2","100.0","0","","0","0","0.0","1","158.3","33.3","6.5","100.0","","","","0.99","0.7","10.9","4.6","0.3","0.41","4.6"
"87","Isaiah Williams","NYJ","WR","15","2025","7","87.5","11.0","22","169.2","2","0.1","25.0","0.29","2","100.0","29","1.9","87.9","4.14","14.50","14.50","7","3.50","2","1.00","0","0.0","0","0","0","0","2","33.3","0","","1","0.143","0","","2","100.0","0","","0","0","0.0","0","118.8","28.6","6.0","100.0","","","","0.70","0.3","4.9","5.0","0.3","0.71","5.0"
"88","Bijan Robinson","ATL","RB","17","2025","16","100.0","1.4","7","7.5","5","0.3","31.3","0.31","4","80.0","29","1.7","21.3","1.81","5.80","7.25","25","6.25","3","0.75","0","0.0","0","0","0","0","4","33.3","0","","3","0.188","0","","4","80.0","2","40.0","0","0","0.0","0","90.8","31.3","-0.8","100.0","","","","0.43","0.4","6.9","7.5","0.4","0.47","7.5"
"89","Sterling Shepard","TB","WR","13","2025","18","100.0","7.3","22","15.9","3","0.2","18.8","0.17","3","100.0","28","2.2","25.7","1.56","9.33","9.33","6","2.00","","","0","0.0","0","0","0","0","1","10.0","0","","2","0.111","0","","3","100.0","0","","0","0","0.0","0","105.6","20.0","1.8","100.0","","","","0.32","0.4","5.8","6.5","0.5","0.36","6.5"
"90","Davis Allen","LA","TE","17","2025","2","66.7","12.0","12","120.0","1","0.1","33.3","0.50","1","100.0","27","1.6","67.5","13.50","27.00","27.00","15","15.00","2","2.00","0","0.0","0","0","0","0","0","0.0","0","","1","0.500","0","","1","100.0","0","","0","0","0.0","0","118.8","33.3","18.3","100.0","","","","1.85","0.2","3.7","1.5","0.1","0.73","1.5"
"91","Gabe Davis","BUF","WR","6","2025","9","100.0","14.3","43","49.4","3","0.5","33.3","0.33","2","66.7","26","4.3","38.8","2.89","8.67","13.00","-1","-0.50","-1","-0.50","0","0.0","0","0","0","0","2","40.0","0","","2","0.222","0","","2","66.7","0","","1","1","100.0","0","93.8","37.5","-1.1","100.0","","","","0.51","0.8","4.6","4.8","0.8","0.53","4.8"
"92","Mike Evans","TB","WR","8","2025","26","100.0","13.1","92","42.6","7","0.9","31.8","0.27","3","42.9","26","3.3","20.3","1.00","3.71","8.67","4","1.33","1","0.33","0","0.0","2","1","0","2","6","42.9","0","","1","0.038","2","28.6","5","71.4","0","","1","1","100.0","0","53.3","33.3","-5.3","100.0","","","","0.22","0.7","5.6","14.5","1.8","0.56","14.5"
"93","Alec Pierce","IND","WR","15","2025","34","89.5","8.5","17","9.4","2","0.1","5.4","0.06","1","50.0","26","1.7","9.6","0.76","13.00","26.00","13","13.00","5","5.00","0","0.0","0","0","0","0","2","10.0","0","","1","0.029","1","50.0","2","100.0","0","","0","0","0.0","0","95.8","5.6","5.5","100.0","","","","0.11","0.2","3.6","2.7","0.2","0.08","2.7"
"94","Rashod Bateman","BLT","WR","13","2025","47","88.7","13.3","53","25.4","4","0.3","9.1","0.09","3","75.0","26","2.0","8.7","0.55","6.50","8.67","5","1.67","1","0.33","0","0.0","0","0","0","1","2","8.0","0","","1","0.021","0","","3","75.0","0","","0","0","0.0","0","91.7","9.3","-1.3","100.0","","","","0.12","0.4","5.6","5.7","0.4","0.12","5.7"
"95","Malik Washington","MIA","WR","17","2025","31","100.0","2.3","14","6.2","6","0.4","21.4","0.19","5","83.3","26","1.5","9.6","0.84","4.33","5.20","27","5.40","9","1.80","0","0.0","0","0","0","0","6","35.3","0","","0","0.000","0","","5","83.3","3","50.0","0","0","0.0","0","84.7","22.2","-1.9","100.0","","","","0.25","0.4","7.6","8.9","0.5","0.29","8.9"
"96","Jalen Nailor","MIN","WR","17","2025","24","82.8","16.0","16","12.2","1","0.1","4.2","0.04","1","100.0","26","1.5","15.5","1.08","26.00","26.00","10","10.00","","","0","0.0","0","0","0","0","0","0.0","0","","1","0.042","0","","1","100.0","0","","0","0","0.0","0","118.8","4.5","15.9","100.0","","","","0.15","0.2","3.6","1.8","0.1","0.08","1.8"
"97","Devaughn Vele","NO","WR","13","2025","18","100.0","6.4","32","31.4","5","0.4","31.3","0.28","3","60.0","25","1.9","34.2","1.39","5.00","8.33","6","2.00","","","0","0.0","0","0","0","0","3","37.5","0","","2","0.111","0","","3","60.0","0","","0","0","0.0","0","72.9","35.7","-1.7","100.0","","","","0.31","0.4","5.5","8.4","0.6","0.47","8.4"
"98","Terry McLaurin","WAS","WR","10","2025","35","94.6","10.0","20","10.9","2","0.2","6.5","0.06","2","100.0","25","2.5","11.3","0.71","12.50","12.50","5","2.50","3","1.50","0","0.0","0","0","0","0","2","9.5","0","","2","0.057","0","","2","100.0","0","","1","1","100.0","0","118.8","7.1","4.1","100.0","","","","0.13","0.5","4.5","3.3","0.3","0.10","3.3"
"99","Josh Palmer","BUF","WR","12","2025","13","92.9","8.3","25","31.6","3","0.3","23.1","0.23","3","100.0","25","2.1","29.8","1.92","8.33","8.33","0","","2","0.67","0","0.0","0","0","0","0","2","25.0","0","","2","0.154","0","","3","100.0","0","","1","1","100.0","0","101.4","27.3","1.0","100.0","","","","0.42","0.5","5.5","4.9","0.4","0.37","4.9"
"100","Anthony Firkser","DET","TE","7","2025","5","100.0","11.0","22","31.0","2","0.3","40.0","0.40","2","100.0","24","3.4","52.2","4.80","12.00","12.00","2","1.00","1","0.50","0","0.0","0","0","0","0","1","50.0","0","","1","0.200","0","","2","100.0","0","","1","1","100.0","0","116.7","50.0","2.9","100.0","","","","0.88","0.6","4.4","3.1","0.4","0.62","3.1"
"101","Kayshon Boutte","NE","WR","14","2025","49","100.0","21.0","21","7.5","1","0.1","2.7","0.02","1","100.0","24","1.7","7.5","0.49","24.00","24.00","3","3.00","2","2.00","0","0.0","0","0","0","1","1","4.5","1","1.00","1","0.020","0","","1","100.0","0","","0","0","0.0","0","118.8","3.0","12.8","100.0","","","","0.07","0.2","3.4","2.0","0.1","0.04","2.0"
"102","Tyquan Thornton","KC","WR","14","2025","9","90.0","18.0","36","48.6","2","0.1","20.0","0.22","1","50.0","24","1.7","20.0","2.67","12.00","24.00","5","5.00","1","1.00","0","0.0","0","0","0","0","1","14.3","0","","1","0.111","0","","1","50.0","0","","0","0","0.0","0","93.8","20.0","0.2","100.0","","","","0.38","0.2","3.4","4.1","0.3","0.46","4.1"
"103","Malik Nabers","NYG","WR","4","2025","30","93.8","20.5","123","50.8","6","1.5","20.7","0.20","2","33.3","24","6.0","10.3","0.80","4.00","12.00","10","5.00","1","0.50","0","0.0","1","2","0","3","5","35.7","0","","1","0.033","1","16.7","3","50.0","0","","0","0","0.0","0","46.5","22.2","-5.8","100.0","","","","0.15","1.1","4.4","10.9","2.7","0.36","10.9"
"104","Michael Wilson","ARZ","WR","17","2025","39","90.7","11.7","35","17.1","3","0.2","7.7","0.08","2","66.7","23","1.4","10.7","0.59","7.67","11.50","2","1.00","","","0","0.0","0","0","0","0","3","12.5","0","","2","0.051","0","","2","66.7","0","","1","1","100.0","0","50.0","7.9","-1.1","100.0","","","","0.11","0.3","4.3","5.7","0.3","0.15","5.7"
"105","John Metchie","PHI, NYJ","WR","16","2025","26","96.3","0.3","1","1.0","3","0.2","13.6","0.12","3","100.0","23","1.4","14.7","0.88","7.67","7.67","22","7.33","2","0.67","0","0.0","0","0","0","0","2","15.4","0","","1","0.038","0","","3","100.0","1","33.3","0","0","0.0","0","98.6","15.0","2.5","100.0","","","","0.20","0.3","5.3","4.2","0.3","0.16","4.2"
"106","Hunter Henry","NE","TE","17","2025","12","100.0","21.0","21","32.8","1","0.1","9.1","0.08","1","100.0","22","1.3","21.0","1.83","22.00","22.00","1","1.00","","","0","0.0","0","0","0","1","0","0.0","0","","1","0.083","0","","1","100.0","0","","0","0","0.0","0","118.8","9.1","9.0","100.0","","","","0.27","0.2","3.2","2.1","0.1","0.17","2.1"
"107","Marvin Mims","DEN","WR","15","2025","26","96.3","10.6","53","25.5","5","0.3","19.2","0.19","4","80.0","22","1.5","13.2","0.85","4.40","5.50","14","3.50","4","1.00","0","0.0","0","0","0","1","3","23.1","0","","2","0.077","0","","4","80.0","1","20.0","0","0","0.0","0","85.0","20.8","-3.1","100.0","","","","0.24","0.4","6.2","8.6","0.6","0.33","8.6"
"108","Jamari Thrash","CLV","WR","9","2025","9","100.0","3.5","7","17.5","2","0.2","22.2","0.22","1","50.0","21","2.3","36.8","2.33","10.50","21.00","14","14.00","1","1.00","0","0.0","0","0","0","0","0","0.0","0","","1","0.111","0","","1","50.0","0","","0","0","0.0","0","87.5","25.0","7.0","100.0","","","","0.34","0.3","3.1","1.5","0.2","0.16","1.5"
"109","Elic Ayomanor","TEN","WR","16","2025","60","89.6","8.7","78","20.7","9","0.6","15.3","0.15","4","44.4","21","1.3","6.1","0.35","2.33","5.25","3","0.75","3","0.75","0","0.0","0","0","0","1","6","16.7","0","","2","0.033","1","11.1","6","66.7","0","","2","0","0.0","0","12.0","15.5","-5.3","100.0","","","","0.10","0.4","6.1","16.5","1.0","0.27","16.5"
"110","Marquise Brown","KC","WR","16","2025","17","89.5","-0.4","-2","-2.1","5","0.3","29.4","0.29","4","80.0","21","1.3","12.8","1.24","4.20","5.25","27","6.75","2","0.50","0","0.0","0","0","0","0","3","37.5","0","","0","0.000","1","20.0","5","100.0","2","40.0","0","0","0.0","0","84.2","29.4","-1.2","100.0","","","","0.36","0.4","6.1","7.5","0.5","0.44","7.5"
"111","Isaiah Hodgins","NYG","WR","7","2025","25","96.2","12.0","12","8.7","1","0.1","4.3","0.04","1","100.0","20","2.9","18.7","0.80","20.00","20.00","8","8.00","","","0","0.0","0","0","0","0","0","0.0","0","","1","0.040","0","","1","100.0","0","","0","0","0.0","0","118.8","4.8","11.0","100.0","","","","0.12","0.4","3.0","3.2","0.5","0.13","3.2"
"112","Scott Miller","PIT","WR","13","2025","12","80.0","4.0","8","16.3","2","0.2","14.3","0.17","2","100.0","20","1.5","11.6","1.67","10.00","10.00","12","6.00","","","0","0.0","0","0","0","0","2","22.2","0","","1","0.083","0","","2","100.0","1","50.0","0","0","0.0","0","108.3","14.3","3.5","100.0","","","","0.33","0.3","4.0","2.9","0.2","0.25","2.9"
"113","Brenton Strange","JAX","TE","12","2025","6","85.7","5.0","10","30.3","2","0.2","50.0","0.33","2","100.0","20","1.7","71.4","3.33","10.00","10.00","10","5.00","5","2.50","0","0.0","0","0","0","0","1","33.3","0","","1","0.167","0","","2","100.0","0","","0","0","0.0","0","108.3","50.0","3.4","100.0","","","","0.67","0.3","4.0","2.8","0.2","0.47","2.8"
"114","Noah Brown","WAS","WR","4","2025","8","100.0","19.0","19","82.6","1","0.3","20.0","0.13","1","100.0","19","4.8","44.2","2.38","19.00","19.00","0","","","","0","0.0","0","0","0","0","1","33.3","0","","1","0.125","0","","1","100.0","0","","0","0","0.0","0","118.8","25.0","7.1","100.0","","","","0.36","0.7","2.9","2.1","0.5","0.26","2.1"
"115","Jahdae Walker","CHI","WR","7","2025","6","85.7","17.5","35","55.6","2","0.3","28.6","0.33","1","50.0","19","2.7","40.4","3.17","9.50","19.00","0","","","","0","0.0","0","0","0","0","1","33.3","0","","1","0.167","0","","2","100.0","0","","1","1","100.0","0","83.3","40.0","-1.5","100.0","","","","0.48","0.4","2.9","3.2","0.5","0.53","3.2"
"116","Chris Godwin","TB","WR","9","2025","13","86.7","5.0","15","22.7","3","0.3","23.1","0.23","2","66.7","19","2.1","27.1","1.46","6.33","9.50","18","9.00","4","2.00","0","0.0","0","0","0","0","2","33.3","1","0.50","2","0.154","0","","2","66.7","1","33.3","0","0","0.0","0","84.0","23.1","-0.6","100.0","","","","0.30","0.4","3.9","4.8","0.5","0.37","4.8"
"117","Konata Mumpfield","LA","WR","17","2025","8","88.9","20.5","41","66.1","2","0.1","25.0","0.25","1","50.0","19","1.1","42.2","2.38","9.50","19.00","12","12.00","1","1.00","0","0.0","0","0","0","1","1","33.3","0","","1","0.125","0","","2","100.0","0","","1","0","0.0","0","83.3","28.6","-1.0","100.0","","","","0.36","0.2","2.9","3.6","0.2","0.45","3.6"
"118","Nick Westbrook-Ikhine","MIA","WR","15","2025","21","84.0","4.5","9","6.7","2","0.1","10.0","0.10","2","100.0","19","1.3","11.8","0.90","9.50","9.50","10","5.00","6","3.00","0","0.0","0","0","0","0","2","15.4","0","","1","0.048","0","","2","100.0","1","50.0","0","0","0.0","0","106.3","10.5","2.5","100.0","","","","0.19","0.3","3.9","3.7","0.2","0.18","3.7"
"119","Taysom Hill","NO","TE","13","2025","3","100.0","-4.0","-4","-400.0","1","0.1","50.0","0.33","1","100.0","17","1.3","100.0","5.67","17.00","17.00","21","21.00","7","7.00","0","0.0","0","0","0","0","1","50.0","0","","1","0.333","0","","1","100.0","1","100.0","0","0","0.0","0","118.8","50.0","10.7","100.0","","","","0.90","0.2","2.7","1.4","0.1","0.46","1.4"
"120","Robbie Chosen","WAS","WR","3","2025","5","100.0","17.0","17","39.5","1","0.3","20.0","0.20","1","100.0","17","5.7","29.8","3.40","17.00","17.00","0","","","","0","0.0","0","0","0","0","1","33.3","0","","1","0.200","0","","1","100.0","0","","0","0","0.0","0","118.8","20.0","5.3","100.0","","","","0.54","0.9","2.7","1.7","0.6","0.33","1.7"
"121","Brandin Cooks","NO, BUF","WR","15","2025","37","94.9","7.5","30","13.0","4","0.3","11.4","0.11","3","75.0","17","1.1","6.2","0.46","4.25","5.67","9","3.00","2","0.67","0","0.0","0","0","0","1","4","18.2","0","","1","0.027","0","","3","75.0","0","","1","1","100.0","0","82.3","11.8","-3.2","100.0","","","","0.13","0.3","4.7","5.7","0.4","0.15","5.7"
"122","Chimere Dike","TEN","WR","17","2025","18","94.7","11.0","33","33.0","3","0.2","18.8","0.17","2","66.7","17","1.0","30.4","0.94","5.67","8.50","2","1.00","1","0.50","0","0.0","0","0","0","0","2","50.0","0","","1","0.056","0","","2","66.7","1","33.3","1","1","100.0","0","81.3","21.4","-3.2","100.0","","","","0.21","0.2","3.7","5.9","0.3","0.33","5.9"
"123","Jonathan Taylor","IND","RB","17","2025","5","100.0","-1.0","-1","-4.2","1","0.1","20.0","0.20","1","100.0","16","0.9","35.6","3.20","16.00","16.00","17","17.00","2","2.00","0","0.0","0","0","0","0","0","0.0","1","1.00","1","0.200","0","","1","100.0","0","","0","0","0.0","0","118.8","25.0","10.2","100.0","","","","0.52","0.2","2.6","1.4","0.1","0.27","1.4"
"124","Savion Williams","GB","WR","12","2025","1","100.0","4.0","4","100.0","1","0.1","100.0","1.00","1","100.0","16","1.3","100.0","16.00","16.00","16.00","12","12.00","2","2.00","0","0.0","0","0","0","0","1","100.0","0","","0","0.000","0","","1","100.0","1","100.0","0","0","0.0","0","118.8","100.0","10.0","100.0","","","","2.60","0.2","2.6","1.5","0.1","1.46","1.5"
"125","Nate Adkins","DEN","TE","9","2025","1","50.0","4.0","4","-200.0","1","0.1","50.0","1.00","1","100.0","15","1.7","78.9","15.00","15.00","15.00","11","11.00","4","4.00","0","0.0","0","0","0","0","0","0.0","0","","1","1.000","0","","1","100.0","0","","0","0","0.0","0","118.8","50.0","8.9","100.0","","","","2.50","0.3","2.5","1.4","0.2","1.38","1.4"
"126","Oronde Gadsden","LAC","TE","15","2025","5","100.0","14.0","14","82.4","1","0.1","25.0","0.20","1","100.0","15","1.0","37.5","3.00","15.00","15.00","1","1.00","","","1","100.0","1","0","0","0","0","0.0","0","","1","0.200","0","","1","100.0","0","","0","0","0.0","0","158.3","33.3","4.7","100.0","","","","1.70","0.6","8.5","2.9","0.2","0.59","2.9"
"127","Theo Johnson","NYG","TE","15","2025","10","90.9","8.5","17","12.9","2","0.1","20.0","0.20","1","50.0","14","0.9","19.2","1.40","7.00","14.00","2","2.00","1","1.00","0","0.0","0","0","0","0","1","16.7","0","","1","0.100","1","50.0","2","100.0","0","","1","0","0.0","0","33.3","22.2","-0.6","100.0","","","","0.24","0.2","2.4","3.2","0.2","0.32","3.2"
"128","Kyle Pitts","ATL","TE","17","2025","16","100.0","5.0","5","11.6","1","0.1","7.7","0.06","1","100.0","14","0.8","15.9","0.88","14.00","14.00","9","9.00","","","0","0.0","0","0","0","0","1","11.1","0","","1","0.063","0","","1","100.0","0","","0","0","0.0","0","118.8","9.1","7.5","100.0","","","","0.15","0.1","2.4","1.5","0.1","0.10","1.5"
"129","Marvin Harrison","ARZ","WR","12","2025","37","86.0","9.5","38","18.4","4","0.3","11.1","0.11","2","50.0","14","1.2","4.4","0.38","3.50","7.00","8","4.00","","","0","0.0","0","0","0","0","2","11.1","0","","0","0.000","0","","2","50.0","0","","0","0","0.0","0","58.3","11.8","-4.5","100.0","","","","0.09","0.3","3.4","6.0","0.5","0.16","6.0"
"130","Jalen Tolbert","DAL","WR","13","2025","18","100.0","12.0","12","9.8","1","0.1","5.9","0.06","1","100.0","14","1.1","9.6","0.78","14.00","14.00","2","2.00","","","0","0.0","0","0","0","0","0","0.0","0","","1","0.056","0","","1","100.0","0","","0","0","0.0","0","118.8","7.1","5.0","100.0","","","","0.13","0.2","2.4","1.6","0.1","0.09","1.6"
"131","Rachaad White","TB","RB","17","2025","3","75.0","5.0","5","26.3","1","0.1","25.0","0.33","1","100.0","13","0.8","48.1","4.33","13.00","13.00","8","8.00","2","2.00","0","0.0","0","0","0","0","0","0.0","1","1.00","1","0.333","0","","1","100.0","0","","0","0","0.0","0","118.8","25.0","5.8","100.0","","","","0.77","0.1","2.3","1.5","0.1","0.49","1.5"
"132","Xavier Weaver","ARZ","WR","9","2025","20","90.9","7.0","7","11.9","1","0.1","4.8","0.05","1","100.0","13","1.4","8.6","0.65","13.00","13.00","6","6.00","1","1.00","0","0.0","0","0","0","0","0","0.0","0","","1","0.050","0","","1","100.0","0","","0","0","0.0","0","118.8","5.0","5.9","100.0","","","","0.12","0.3","2.3","1.5","0.2","0.07","1.5"
"133","Dylan Sampson","CLV","RB","15","2025","3","100.0","-1.5","-3","0.0","2","0.1","66.7","0.67","2","100.0","13","0.9","54.2","4.33","6.50","6.50","16","8.00","2","1.00","0","0.0","0","0","0","0","2","66.7","0","","0","0.000","0","","2","100.0","1","50.0","0","0","0.0","0","93.8","66.7","0.9","100.0","","","","1.10","0.2","3.3","3.0","0.2","0.99","3.0"
"134","Jaylin Lane","WAS","WR","15","2025","21","91.3","3.0","6","4.5","2","0.1","9.5","0.10","2","100.0","13","0.9","11.0","0.62","6.50","6.50","7","3.50","3","1.50","0","0.0","0","0","0","0","2","20.0","0","","1","0.048","0","","2","100.0","1","50.0","1","1","100.0","0","93.8","11.1","0.8","100.0","","","","0.16","0.2","3.3","2.6","0.2","0.13","2.6"
"135","Olamide Zaccheaus","CHI","WR","16","2025","24","96.0","6.8","27","21.4","4","0.3","18.2","0.17","2","50.0","12","0.8","11.0","0.50","3.00","6.00","3","1.50","2","1.00","0","0.0","0","0","0","0","2","20.0","0","","0","0.000","0","","2","50.0","0","","1","0","0.0","0","56.3","25.0","-4.1","100.0","","","","0.13","0.2","3.2","5.4","0.3","0.23","5.4"
"136","JuJu Smith-Schuster","KC","WR","17","2025","10","62.5","7.0","7","31.8","1","0.1","7.1","0.10","1","100.0","12","0.7","14.0","1.20","12.00","12.00","5","5.00","3","3.00","0","0.0","0","0","0","0","0","0.0","0","","1","0.100","0","","1","100.0","0","","0","0","0.0","0","116.7","7.1","4.9","100.0","","","","0.22","0.1","2.2","3.4","0.2","0.34","3.4"
"137","Lil'Jordan Humphrey","NYG, DEN","WR","10","2025","8","80.0","1.5","3","18.8","2","0.2","22.2","0.25","2","100.0","12","1.2","29.3","1.50","6.00","6.00","9","4.50","2","1.00","0","0.0","0","0","0","0","2","28.6","0","","1","0.125","0","","2","100.0","0","","0","0","0.0","0","91.7","25.0","0.3","100.0","","","","0.40","0.3","3.2","2.9","0.3","0.36","2.9"
"138","Khalil Shakir","BUF","WR","16","2025","18","100.0","4.0","4","5.8","1","0.1","5.9","0.06","1","100.0","12","0.8","10.3","0.67","12.00","12.00","8","8.00","4","4.00","0","0.0","0","0","0","0","1","33.3","0","","1","0.056","0","","1","100.0","0","","0","0","0.0","0","116.7","6.3","6.0","100.0","","","","0.12","0.1","2.2","1.5","0.1","0.08","1.5"
"139","Greg Dortch","ARZ","WR","12","2025","7","100.0","8.5","17","30.4","2","0.2","28.6","0.29","1","50.0","11","0.9","28.2","1.57","5.50","11.00","-1","-1.00","-1","-1.00","0","0.0","0","0","0","0","2","50.0","0","","0","0.000","1","50.0","2","100.0","0","","1","0","0.0","0","66.7","33.3","-2.2","100.0","","","","0.30","0.2","2.1","2.8","0.2","0.40","2.8"
"140","Tahj Washington","MIA","WR","6","2025","7","100.0","5.0","5","9.8","1","0.2","20.0","0.14","1","100.0","11","1.8","21.6","1.57","11.00","11.00","6","6.00","1","1.00","0","0.0","0","0","0","0","1","33.3","0","","0","0.000","0","","1","100.0","0","","0","0","0.0","0","112.5","25.0","4.6","100.0","","","","0.16","0.2","1.1","1.4","0.2","0.20","1.4"
"141","Mason Taylor","NYJ","TE","13","2025","18","94.7","11.3","34","37.4","3","0.2","20.0","0.17","1","33.3","11","0.8","13.6","0.61","3.67","11.00","1","1.00","","","0","0.0","0","0","0","0","1","14.3","0","","0","0.000","1","33.3","2","66.7","0","","0","0","0.0","0","45.1","21.4","-4.6","100.0","","","","0.12","0.2","2.1","4.8","0.4","0.26","4.8"
"142","Jalen Coker","CAR","WR","11","2025","13","100.0","2.0","4","9.8","2","0.2","20.0","0.15","2","100.0","11","1.0","19.3","0.85","5.50","5.50","7","3.50","3","1.50","0","0.0","0","0","0","0","1","16.7","0","","1","0.077","0","","2","100.0","0","","0","0","0.0","0","89.6","20.0","-0.5","100.0","","","","0.24","0.3","3.1","2.8","0.3","0.21","2.8"
"143","Rashee Rice","KC","WR","8","2025","8","80.0","5.7","17","89.5","3","0.4","50.0","0.38","2","66.7","10","1.3","21.3","1.25","3.33","5.00","14","7.00","2","1.00","0","0.0","0","0","0","1","2","50.0","0","","1","0.125","1","33.3","3","100.0","2","66.7","0","0","0.0","0","71.5","50.0","-4.1","100.0","","","","0.38","0.4","3.0","4.1","0.5","0.52","4.1"
"144","DeAndre Hopkins","BLT","WR","17","2025","24","92.3","19.7","59","36.6","3","0.2","14.3","0.13","1","33.3","10","0.6","8.8","0.42","3.33","10.00","3","3.00","","","0","0.0","0","0","0","1","3","20.0","0","","0","0.000","0","","1","33.3","0","","0","0","0.0","0","43.8","15.0","-6.2","100.0","","","","0.08","0.1","2.0","6.8","0.4","0.28","6.8"
"145","DeMario Douglas","NE","WR","17","2025","4","100.0","7.0","21","91.3","3","0.2","75.0","0.75","1","33.3","10","0.6","52.6","2.50","3.33","10.00","0","","","","0","0.0","0","0","0","0","3","100.0","0","","0","0.000","0","","2","66.7","0","","0","0","0.0","1","43.8","75.0","-3.6","100.0","","","","0.50","0.1","2.0","4.7","0.3","1.19","4.7"
"146","Dontayvion Wicks","GB","WR","14","2025","12","92.3","1.5","3","4.2","2","0.1","16.7","0.17","2","100.0","10","0.7","7.6","0.83","5.00","5.00","7","3.50","2","1.00","0","0.0","0","0","0","0","2","28.6","0","","1","0.083","0","","2","100.0","1","50.0","0","0","0.0","0","87.5","18.2","-1.1","100.0","","","","0.25","0.2","3.0","2.8","0.2","0.23","2.8"
"147","Jonnu Smith","PIT","TE","17","2025","3","75.0","6.0","12","133.3","2","0.1","66.7","0.67","1","50.0","10","0.6","83.3","3.33","5.00","10.00","12","12.00","6","6.00","0","0.0","0","0","0","0","1","50.0","1","1.00","1","0.333","0","","1","50.0","1","50.0","0","0","0.0","0","64.6","66.7","-2.6","100.0","","","","0.67","0.1","2.0","3.4","0.2","1.14","3.4"
"148","Ben Sims","GB, MIN","TE","9","2025","1","100.0","4.0","4","100.0","1","0.1","100.0","1.00","1","100.0","9","1.0","100.0","9.00","9.00","9.00","5","5.00","2","2.00","0","0.0","0","0","0","0","1","100.0","0","","1","1.000","0","","1","100.0","0","","0","0","0.0","0","104.2","100.0","2.9","100.0","","","","1.90","0.2","1.9","1.3","0.1","1.34","1.3"
"149","Cam Skattebo","NYG","RB","8","2025","1","100.0","-1.0","-1","100.0","1","0.1","100.0","1.00","1","100.0","9","1.1","100.0","9.00","9.00","9.00","10","10.00","9","9.00","0","0.0","0","0","0","0","1","100.0","0","","1","1.000","0","","1","100.0","1","100.0","0","0","0.0","0","104.2","100.0","3.2","100.0","","","","1.90","0.2","1.9","1.5","0.2","1.47","1.5"
"150","Allen Lazard","NYJ","WR","10","2025","17","94.4","3.0","3","3.3","1","0.1","7.1","0.06","1","100.0","9","0.9","18.4","0.53","9.00","9.00","6","6.00","3","3.00","0","0.0","0","0","0","0","0","0.0","0","","1","0.059","0","","1","100.0","0","","0","0","0.0","0","104.2","7.1","3.6","100.0","","","","0.11","0.2","1.9","1.4","0.1","0.08","1.4"
"151","Dont'e Thornton","LV","WR","15","2025","31","86.1","8.5","17","9.1","2","0.1","6.7","0.06","1","50.0","9","0.6","4.5","0.29","4.50","9.00","7","7.00","2","2.00","0","0.0","0","0","0","0","2","8.3","0","","0","0.000","0","","1","50.0","0","","0","0","0.0","0","62.5","6.9","-3.4","100.0","","","","0.06","0.1","1.9","2.7","0.2","0.09","2.7"
"152","Juwan Johnson","NO","TE","17","2025","14","87.5","2.5","5","3.2","2","0.1","14.3","0.14","2","100.0","9","0.5","15.3","0.64","4.50","4.50","4","2.00","2","1.00","0","0.0","0","0","0","0","2","20.0","0","","0","0.000","0","","2","100.0","0","","0","0","0.0","0","85.4","15.4","-1.8","100.0","","","","0.21","0.2","2.9","2.8","0.2","0.20","2.8"
"153","Jakobie Keeney-James","GB","WR","1","2025","2","100.0","8.0","8","100.0","1","1.0","100.0","0.50","1","100.0","8","8.0","100.0","4.00","8.00","8.00","0","","","","0","0.0","0","0","0","0","1","100.0","0","","0","0.000","0","","1","100.0","0","","1","1","100.0","0","100.0","100.0","0.5","100.0","","","","0.90","1.8","1.8","1.4","1.4","0.69","1.4"
"154","Rhamondre Stevenson","NE","RB","14","2025","4","100.0","2.0","2","25.0","1","0.1","33.3","0.25","1","100.0","8","0.6","53.3","2.00","8.00","8.00","6","6.00","1","1.00","0","0.0","1","0","0","0","0","0.0","0","","0","0.000","0","","1","100.0","0","","0","0","0.0","0","100.0","33.3","1.6","100.0","","","","0.45","0.1","1.8","1.4","0.1","0.34","1.4"
"155","Tommy Tremble","CAR","TE","17","2025","9","100.0","7.0","7","15.2","1","0.1","12.5","0.11","1","100.0","8","0.5","24.2","0.89","8.00","8.00","1","1.00","","","0","0.0","0","0","0","0","1","25.0","0","","0","0.000","0","","1","100.0","0","","0","0","0.0","0","100.0","16.7","0.7","100.0","","","","0.20","0.1","1.8","1.7","0.1","0.18","1.7"
"156","Jahmyr Gibbs","DET","RB","17","2025","3","100.0","2.0","2","16.7","1","0.1","33.3","0.33","1","100.0","8","0.5","22.2","2.67","8.00","8.00","6","6.00","","","0","0.0","0","0","0","0","1","33.3","0","","0","0.000","0","","1","100.0","0","","0","0","0.0","0","100.0","33.3","1.6","100.0","","","","0.60","0.1","1.8","1.2","0.1","0.41","1.2"
"157","Travis Hunter","JAX","WR","7","2025","7","100.0","2.3","7","14.3","3","0.4","42.9","0.43","2","66.7","8","1.1","24.2","1.14","2.67","4.00","7","3.50","2","1.00","0","0.0","0","0","0","0","3","50.0","1","0.50","0","0.000","1","33.3","3","100.0","1","33.3","0","0","0.0","0","70.1","42.9","-3.3","100.0","","","","0.40","0.4","2.8","4.5","0.6","0.64","4.5"
"158","Roman Wilson","PIT","WR","13","2025","22","95.7","-1.0","-1","-1.3","1","0.1","4.5","0.05","1","100.0","8","0.6","4.8","0.36","8.00","8.00","9","9.00","","","0","0.0","0","0","0","0","1","10.0","0","","0","0.000","0","","1","100.0","1","100.0","0","0","0.0","0","100.0","5.0","1.8","100.0","","","","0.08","0.1","1.8","1.2","0.1","0.06","1.2"
"159","Jack Bech","LV","WR","16","2025","15","93.8","5.0","10","30.3","2","0.1","13.3","0.13","1","50.0","7","0.4","8.2","0.47","3.50","7.00","2","2.00","2","2.00","0","0.0","0","0","0","0","1","11.1","1","1.00","0","0.000","0","","1","50.0","0","","0","0","0.0","0","18.8","15.4","-2.9","100.0","","","","0.11","0.1","1.7","2.7","0.2","0.18","2.7"
"160","Brycen Tremayne","CAR","WR","16","2025","8","100.0","6.0","6","18.2","1","0.1","14.3","0.13","1","100.0","7","0.4","46.7","0.88","7.00","7.00","1","1.00","","","0","0.0","0","0","0","0","0","0.0","0","","0","0.000","0","","1","100.0","0","","0","0","0.0","0","95.8","16.7","0.1","100.0","","","","0.21","0.1","1.7","1.5","0.1","0.19","1.5"
"161","Jaylin Noel","HST","WR","17","2025","6","100.0","-4.0","-4","-19.0","1","0.1","20.0","0.17","1","100.0","7","0.4","18.9","1.17","7.00","7.00","11","11.00","3","3.00","0","0.0","0","0","0","0","1","25.0","0","","0","0.000","0","","1","100.0","1","100.0","0","0","0.0","0","95.8","20.0","2.5","100.0","","","","0.28","0.1","1.7","1.6","0.1","0.27","1.6"
"162","Isaiah Bond","CLV","WR","16","2025","35","94.6","6.7","20","19.4","3","0.2","9.4","0.09","1","33.3","6","0.4","4.1","0.17","2.00","6.00","1","1.00","","","0","0.0","0","0","0","0","2","12.5","0","","0","0.000","1","33.3","2","66.7","0","","0","0","0.0","0","42.4","12.5","-5.4","100.0","","","","0.05","0.1","1.6","4.1","0.3","0.12","4.1"
"163","Christian Kirk","HST","WR","13","2025","14","100.0","6.0","6","7.4","1","0.1","7.1","0.07","1","100.0","6","0.5","4.9","0.43","6.00","6.00","0","","","","0","0.0","0","0","0","0","1","11.1","0","","0","0.000","0","","1","100.0","0","","1","1","100.0","0","91.7","8.3","-0.9","100.0","","","","0.11","0.1","1.6","1.4","0.1","0.10","1.4"
"164","Josh Reynolds","NYJ","WR","5","2025","25","92.6","11.0","22","28.2","2","0.4","10.0","0.08","1","50.0","6","1.2","5.9","0.24","3.00","6.00","2","2.00","-1","-1.00","0","0.0","0","0","0","0","1","11.1","0","","0","0.000","0","","1","50.0","0","","0","0","0.0","0","56.3","10.0","-5.5","100.0","","","","0.06","0.3","1.6","4.8","1.0","0.19","4.8"
"165","Jayden Reed","GB","WR","7","2025","3","100.0","4.0","4","28.6","1","0.1","33.3","0.33","1","100.0","6","0.9","30.0","2.00","6.00","6.00","2","2.00","","","0","0.0","0","0","0","0","1","50.0","0","","0","0.000","0","","1","100.0","0","","0","0","0.0","0","91.7","33.3","0.0","100.0","","","","0.53","0.2","1.6","1.3","0.2","0.44","1.3"
"166","Elijah Arroyo","SEA","TE","13","2025","3","100.0","4.0","4","40.0","1","0.1","33.3","0.33","1","100.0","6","0.5","37.5","2.00","6.00","6.00","2","2.00","","","0","0.0","0","0","0","0","1","100.0","0","","0","0.000","0","","1","100.0","0","","0","0","0.0","0","91.7","33.3","-0.1","100.0","","","","0.53","0.1","1.6","1.4","0.1","0.46","1.4"
"167","Dylan Drummond","ATL","WR","9","2025","11","91.7","3.0","3","6.3","1","0.1","9.1","0.09","1","100.0","5","0.6","4.2","0.45","5.00","5.00","2","2.00","1","1.00","0","0.0","0","0","0","0","0","0.0","0","","0","0.000","0","","1","100.0","0","","0","0","0.0","0","87.5","9.1","-0.4","100.0","","","","0.14","0.2","1.5","1.4","0.2","0.12","1.4"
"168","Isaiah Likely","BLT","TE","14","2025","7","100.0","4.0","4","25.0","1","0.1","16.7","0.14","1","100.0","5","0.4","31.3","0.71","5.00","5.00","1","1.00","","","0","0.0","0","0","0","0","0","0.0","0","","0","0.000","0","","1","100.0","0","","0","0","0.0","0","87.5","16.7","-1.1","100.0","","","","0.21","0.1","1.5","1.3","0.1","0.19","1.3"
"169","Zach Ertz","WAS","TE","13","2025","4","100.0","5.0","10","142.9","2","0.2","66.7","0.50","1","50.0","5","0.4","41.7","1.25","2.50","5.00","0","","","","0","0.0","0","0","0","0","1","50.0","0","","0","0.000","1","50.0","2","100.0","0","","1","1","100.0","0","56.3","66.7","-4.0","100.0","","","","0.38","0.1","1.5","2.9","0.2","0.74","2.9"
"170","Jake Ferguson","DAL","TE","17","2025","5","100.0","5.0","5","26.3","1","0.1","25.0","0.20","1","100.0","5","0.3","62.5","1.00","5.00","5.00","0","","","","0","0.0","0","0","0","0","1","100.0","0","","1","0.200","0","","1","100.0","0","","0","0","0.0","0","87.5","25.0","-1.5","100.0","","","","0.30","0.1","1.5","1.5","0.1","0.31","1.5"
"171","T.J. Hockenson","MIN","TE","15","2025","8","80.0","4.5","9","27.3","2","0.1","28.6","0.25","1","50.0","4","0.3","6.1","0.50","2.00","4.00","0","","","","0","0.0","0","0","0","0","0","0.0","0","","0","0.000","0","","1","50.0","0","","0","0","0.0","0","56.3","28.6","-4.3","100.0","","","","0.18","0.1","1.4","2.7","0.2","0.34","2.7"
"172","Jahan Dotson","PHI","WR","17","2025","31","93.9","4.0","4","3.3","1","0.1","3.2","0.03","1","100.0","4","0.2","2.5","0.13","4.00","4.00","0","","","","0","0.0","0","0","0","0","1","7.7","0","","0","0.000","0","","1","100.0","0","","0","0","0.0","0","83.3","4.0","-2.0","100.0","","","","0.05","0.1","1.4","1.2","0.1","0.04","1.2"
"173","Xavier Worthy","KC","WR","14","2025","15","75.0","-1.0","-1","-1.4","1","0.1","5.6","0.07","1","100.0","4","0.3","1.8","0.27","4.00","4.00","5","5.00","1","1.00","0","0.0","0","0","0","0","1","9.1","0","","0","0.000","0","","1","100.0","0","","0","0","0.0","0","83.3","5.6","-2.2","100.0","","","","0.09","0.1","1.4","1.5","0.1","0.10","1.5"
"174","Tyrone Tracy","NYG","RB","15","2025","5","83.3","-1.0","-1","-4.0","1","0.1","16.7","0.20","1","100.0","3","0.2","9.4","0.60","3.00","3.00","4","4.00","1","1.00","0","0.0","0","0","0","0","0","0.0","0","","0","0.000","0","","1","100.0","0","","0","0","0.0","0","79.2","16.7","-2.8","100.0","","","","0.26","0.1","1.3","1.3","0.1","0.27","1.3"
"175","Zavier Scott","MIN","RB","11","2025","1","100.0","-1.0","-1","100.0","1","0.1","100.0","1.00","1","100.0","3","0.3","100.0","3.00","3.00","3.00","4","4.00","","","0","0.0","0","0","0","0","1","100.0","0","","0","0.000","0","","1","100.0","1","100.0","0","0","0.0","0","79.2","100.0","-2.8","100.0","","","","1.30","0.1","1.3","1.4","0.1","1.37","1.4"
"176","Josh Downs","IND","WR","16","2025","7","87.5","3.0","3","7.7","1","0.1","14.3","0.14","1","100.0","3","0.2","5.2","0.43","3.00","3.00","0","","","","0","0.0","0","0","0","0","1","20.0","0","","0","0.000","0","","1","100.0","0","","0","0","0.0","0","79.2","16.7","-2.4","100.0","","","","0.19","0.1","1.3","1.3","0.1","0.18","1.3"
"177","Saquon Barkley","PHI","RB","16","2025","2","100.0","0.0","0","0.0","1","0.1","50.0","0.50","1","100.0","2","0.1","11.1","1.00","2.00","2.00","2","2.00","2","2.00","0","0.0","0","0","0","0","1","50.0","0","","0","0.000","0","","1","100.0","1","100.0","0","0","0.0","0","79.2","50.0","-3.8","100.0","","","","0.60","0.1","1.2","1.4","0.1","0.71","1.4"
"178","Jordan Whittington","LA","WR","17","2025","8","88.9","-1.0","-1","-1.6","1","0.1","12.5","0.13","1","100.0","2","0.1","3.8","0.25","2.00","2.00","3","3.00","1","1.00","0","0.0","1","0","0","0","1","20.0","0","","0","0.000","0","","1","100.0","0","","0","0","0.0","0","79.2","14.3","-4.2","100.0","","","","0.15","0.1","1.2","1.2","0.1","0.15","1.2"
"179","Jalen Royals","KC","WR","7","2025","6","100.0","2.0","2","-200.0","1","0.1","33.3","0.17","1","100.0","2","0.3","18.2","0.33","2.00","2.00","0","","","","0","0.0","0","0","0","0","0","0.0","0","","0","0.000","0","","1","100.0","0","","0","0","0.0","0","79.2","33.3","-3.3","100.0","","","","0.20","0.2","1.2","1.4","0.2","0.24","1.4"
"180","Tim Patrick","JAX","WR","16","2025","9","81.8","2.0","2","3.0","1","0.1","11.1","0.11","1","100.0","1","0.1","2.0","0.11","1.00","1.00","-1","-1.00","1","1.00","0","0.0","1","0","0","0","0","0.0","0","","0","0.000","0","","1","100.0","0","","0","0","0.0","0","79.2","12.5","-4.3","100.0","","","","0.12","0.1","1.1","1.6","0.1","0.18","1.6"
"181","Noah Gray","KC","TE","16","2025","1","50.0","0.0","0","0.0","0","0.0","0.0","","0","","0","0.0","0.0","","0.00","","0","","","","0","0.0","0","0","0","0","0","0.0","0","","0","0.000","0","","0","","0","","0","0","0.0","0","0.0","","","100.0","","","","0.00","","0.0","0.0","0.0","0.00","0.0"
"182","Audric Estime","NO","RB","6","2025","1","100.0","0.0","0","0.0","0","0.0","0.0","","0","","0","0.0","0.0","","0.00","","0","","","","0","0.0","0","0","0","0","0","0.0","0","","0","0.000","0","","0","","0","","0","0","0.0","0","0.0","","","100.0","","","","0.00","","0.0","0.0","0.0","0.00","0.0"
"183","Gage Larvadain","CLV","WR","13","2025","10","90.9","5.0","5","10.2","1","0.1","10.0","0.10","0","","0","0.0","0.0","","0.00","","0","","","","0","0.0","0","0","0","0","1","12.5","0","","0","0.000","1","100.0","1","100.0","0","","0","0","0.0","0","39.6","10.0","-6.4","100.0","","","","0.00","","0.0","1.4","0.1","0.14","1.4"
"184","George Kittle","SF","TE","11","2025","2","100.0","0.0","0","0.0","0","0.0","0.0","","0","","0","0.0","0.0","","0.00","","0","","","","0","0.0","0","0","0","0","0","0.0","0","","0","0.000","0","","0","","0","","0","0","0.0","0","0.0","","","100.0","","","","0.00","","0.0","0.0","0.0","0.00","0.0"
"185","Casey Washington","ATL","WR","7","2025","3","100.0","0.0","0","0.0","0","0.0","0.0","","0","","0","0.0","0.0","","0.00","","0","","","","0","0.0","0","0","0","0","0","0.0","0","","0","0.000","0","","0","","0","","0","0","0.0","0","0.0","","","100.0","","","","0.00","","0.0","0.0","0.0","0.00","0.0"
"186","Arian Smith","NYJ","WR","16","2025","27","93.1","18.0","18","17.1","1","0.1","5.6","0.04","0","","0","0.0","0.0","","0.00","","0","","","","0","0.0","0","0","0","0","1","10.0","0","","0","0.000","0","","0","","0","","0","0","0.0","0","0.0","6.3","-10.9","100.0","","","","0.00","","0.0","3.0","0.2","0.11","3.0"
"187","Will Dissly","LAC","TE","9","2025","3","100.0","0.0","0","0.0","0","0.0","0.0","","0","","0","0.0","0.0","","0.00","","0","","","","0","0.0","0","0","0","0","0","0.0","0","","0","0.000","0","","0","","0","","0","0","0.0","0","0.0","","","100.0","","","","0.00","","0.0","0.0","0.0","0.00","0.0"
"188","Tyler Allgeier","ATL","RB","17","2025","3","100.0","0.0","0","0.0","0","0.0","0.0","","0","","0","0.0","0.0","","0.00","","0","","","","0","0.0","0","0","0","0","0","0.0","0","","0","0.000","0","","0","","0","","0","0","0.0","0","0.0","","","100.0","","","","0.00","","0.0","0.0","0.0","0.00","0.0"
"189","Jelani Woods","NYJ","TE","4","2025","1","100.0","0.0","0","0.0","0","0.0","0.0","","0","","0","0.0","0.0","","0.00","","0","","","","0","0.0","0","0","0","0","0","0.0","0","","0","0.000","0","","0","","0","","0","0","0.0","0","0.0","","","100.0","","","","0.00","","0.0","0.0","0.0","0.00","0.0"
"190","Derius Davis","LAC","WR","11","2025","7","100.0","0.0","0","0.0","0","0.0","0.0","","0","","0","0.0","0.0","","0.00","","0","","","","0","0.0","0","0","0","0","0","0.0","0","","0","0.000","0","","0","","0","","0","0","0.0","0","0.0","","","100.0","","","","0.00","","0.0","0.0","0.0","0.00","0.0"
"191","Chuba Hubbard","CAR","RB","15","2025","4","100.0","19.0","19","42.2","1","0.1","25.0","0.25","0","","0","0.0","0.0","","0.00","","0","","","","0","0.0","0","0","0","0","0","0.0","0","","0","0.000","1","100.0","1","100.0","0","","0","0","0.0","0","39.6","25.0","-8.3","100.0","","","","0.00","","0.0","2.5","0.2","0.63","2.5"
"192","Tai Felton","MIN","WR","14","2025","4","100.0","0.0","0","0.0","0","0.0","0.0","","0","","0","0.0","0.0","","0.00","","0","","","","0","0.0","0","0","0","0","0","0.0","0","","0","0.000","0","","0","","0","","0","0","0.0","0","0.0","","","100.0","","","","0.00","","0.0","0.0","0.0","0.00","0.0"
"193","Chig Okonkwo","TEN","TE","17","2025","9","69.2","0.0","0","0.0","0","0.0","0.0","","0","","0","0.0","0.0","","0.00","","0","","","","0","0.0","0","0","0","0","0","0.0","0","","0","0.000","0","","0","","0","","0","0","0.0","0","0.0","","","100.0","","","","0.00","","0.0","0.0","0.0","0.00","0.0"
"194","Efton Chism","NE","WR","8","2025","7","100.0","0.0","0","0.0","0","0.0","0.0","","0","","0","0.0","0.0","","0.00","","0","","","","0","0.0","0","0","0","0","0","0.0","0","","0","0.000","0","","0","","0","","0","0","0.0","0","0.0","","","100.0","","","","0.00","","0.0","0.0","0.0","0.00","0.0"
"195","Jalin Hyatt","NYG","WR","8","2025","9","90.0","28.5","57","50.9","2","0.3","22.2","0.22","0","","0","0.0","0.0","","0.00","","0","","","","0","0.0","1","1","0","1","2","33.3","0","","0","0.000","0","","0","","0","","0","0","0.0","0","0.0","22.2","-12.9","100.0","","","","0.00","","0.0","3.6","0.4","0.40","3.6"
"196","Ryan Miller","TB","WR","13","2025","1","50.0","0.0","0","0.0","0","0.0","0.0","","0","","0","0.0","0.0","","0.00","","0","","","","0","0.0","0","0","0","0","0","0.0","0","","0","0.000","0","","0","","0","","0","0","0.0","0","0.0","","","100.0","","","","0.00","","0.0","0.0","0.0","0.00","0.0"
"197","Kevin Austin","NO","WR","8","2025","6","100.0","0.0","0","0.0","0","0.0","0.0","","0","","0","0.0","0.0","","0.00","","0","","","","0","0.0","0","0","0","0","0","0.0","0","","0","0.000","0","","0","","0","","0","0","0.0","0","0.0","","","100.0","","","","0.00","","0.0","0.0","0.0","0.00","0.0"
"198","Britain Covey","PHI","WR","6","2025","1","100.0","0.0","0","0.0","0","0.0","0.0","","0","","0","0.0","0.0","","0.00","","0","","","","0","0.0","0","0","0","0","0","0.0","0","","0","0.000","0","","0","","0","","0","0","0.0","0","0.0","","","100.0","","","","0.00","","0.0","0.0","0.0","0.00","0.0"
"199","Jerome Ford","CLV","RB","13","2025","2","100.0","4.0","4","20.0","1","0.1","50.0","0.50","0","","0","0.0","0.0","","0.00","","0","","","","0","0.0","0","0","0","0","1","50.0","0","","0","0.000","0","","1","100.0","0","","1","0","0.0","0","39.6","50.0","-6.7","100.0","","","","0.00","","0.0","1.4","0.1","0.71","1.4"
"200","Kenneth Walker","SEA","RB","17","2025","1","100.0","0.0","0","0.0","0","0.0","0.0","","0","","0","0.0","0.0","","0.00","","0","","","","0","0.0","0","0","0","0","0","0.0","0","","0","0.000","0","","0","","0","","0","0","0.0","0","0.0","","","100.0","","","","0.00","","0.0","0.0","0.0","0.00","0.0"
"201","Darren Waller","MIA","TE","9","2025","6","85.7","14.0","14","127.3","1","0.1","20.0","0.17","0","","0","0.0","0.0","","0.00","","0","","","","0","0.0","0","0","0","0","1","33.3","0","","0","0.000","0","","0","","0","","0","0","0.0","0","39.6","20.0","-10.3","100.0","","","","0.00","","0.0","2.1","0.2","0.35","2.1"
"202","Jimmy Horn","CAR","WR","13","2025","3","100.0","0.0","0","0.0","0","0.0","0.0","","0","","0","0.0","0.0","","0.00","","0","","","","0","0.0","0","0","0","0","0","0.0","0","","0","0.000","0","","0","","0","","0","0","0.0","0","0.0","","","100.0","","","","0.00","","0.0","0.0","0.0","0.00","0.0"
"203","Cody White","SEA","WR","9","2025","4","100.0","0.0","0","0.0","0","0.0","0.0","","0","","0","0.0","0.0","","0.00","","0","","","","0","0.0","0","0","0","0","0","0.0","0","","0","0.000","0","","0","","0","","0","0","0.0","0","0.0","","","100.0","","","","0.00","","0.0","0.0","0.0","0.00","0.0"
"204","AJ Barner","SEA","TE","17","2025","1","100.0","0.0","0","0.0","0","0.0","0.0","","0","","0","0.0","0.0","","0.00","","0","","","","0","0.0","0","0","0","0","0","0.0","0","","0","0.000","0","","0","","0","","0","0","0.0","0","0.0","","","100.0","","","","0.00","","0.0","2.0","0.1","1.97","2.0"
"205","Devontez Walker","BLT","WR","11","2025","10","90.9","0.0","0","0.0","0","0.0","0.0","","0","","0","0.0","0.0","","0.00","","0","","","","0","0.0","0","0","0","0","0","0.0","0","","0","0.000","0","","0","","0","","0","0","0.0","0","0.0","","","100.0","","","","0.00","","0.0","0.0","0.0","0.00","0.0"
"206","Adam Trautman","DEN","TE","17","2025","1","100.0","0.0","0","0.0","0","0.0","0.0","","0","","0","0.0","0.0","","0.00","","0","","","","0","0.0","0","0","0","0","0","0.0","0","","0","0.000","0","","0","","0","","0","0","0.0","0","0.0","","","100.0","","","","0.00","","0.0","0.0","0.0","0.00","0.0"
"207","Xavier Restrepo","TEN","WR","2","2025","1","100.0","0.0","0","0.0","0","0.0","0.0","","0","","0","0.0","0.0","","0.00","","0","","","","0","0.0","0","0","0","0","0","0.0","0","","0","0.000","0","","0","","0","","0","0","0.0","0","0.0","","","100.0","","","","0.00","","0.0","0.0","0.0","0.00","0.0"
"208","Drew Sample","CIN","TE","17","2025","1","100.0","0.0","0","0.0","0","0.0","0.0","","0","","0","0.0","0.0","","0.00","","0","","","","0","0.0","0","0","0","0","0","0.0","0","","0","0.000","0","","0","","0","","0","0","0.0","0","0.0","","","100.0","","","","0.00","","0.0","0.0","0.0","0.00","0.0"
"209","Jaleel McLaughlin","DEN","RB","8","2025","1","100.0","0.0","0","0.0","0","0.0","0.0","","0","","0","0.0","0.0","","0.00","","0","","","","0","0.0","0","0","0","0","0","0.0","0","","0","0.000","0","","0","","0","","0","0","0.0","0","0.0","","","100.0","","","","0.00","","0.0","0.0","0.0","0.00","0.0"
"210","Jackson Hawes","BUF","TE","17","2025","2","66.7","0.0","0","0.0","0","0.0","0.0","","0","","0","0.0","0.0","","0.00","","0","","","","0","0.0","0","0","0","0","0","0.0","0","","0","0.000","0","","0","","0","","0","0","0.0","0","0.0","","","100.0","","","","0.00","","0.0","0.0","0.0","0.00","0.0"
"211","Austin Hooper","NE","TE","16","2025","2","100.0","0.0","0","0.0","0","0.0","0.0","","0","","0","0.0","0.0","","0.00","","0","","","","0","0.0","0","0","0","0","0","0.0","0","","0","0.000","0","","0","","0","","0","0","0.0","0","0.0","","","100.0","","","","0.00","","0.0","0.0","0.0","0.00","0.0"
"212","Kyle Williams","NE","WR","17","2025","27","96.4","14.0","14","6.3","1","0.1","4.3","0.04","0","","0","0.0","0.0","","0.00","","0","","","","0","0.0","0","0","0","0","1","10.0","0","","0","0.000","1","100.0","1","100.0","0","","0","0","0.0","0","39.6","4.5","-9.8","100.0","","","","0.00","","0.0","3.2","0.2","0.12","3.2"
"213","Cole Kmet","CHI","TE","16","2025","10","90.9","0.0","0","0.0","0","0.0","0.0","","0","","0","0.0","0.0","","0.00","","0","","","","0","0.0","0","0","0","0","0","0.0","0","","0","0.000","0","","0","","0","","0","0","0.0","0","0.0","","","100.0","","","","0.00","","0.0","0.0","0.0","0.00","0.0"
"214","Malik Heath","GB","WR","11","2025","2","100.0","0.0","0","0.0","0","0.0","0.0","","0","","0","0.0","0.0","","0.00","","0","","","","0","0.0","0","0","0","0","0","0.0","0","","0","0.000","0","","0","","0","","0","0","0.0","0","0.0","","","100.0","","","","0.00","","0.0","0.0","0.0","0.00","0.0"
"215","Jared Wayne","HST","WR","1","2025","1","100.0","0.0","0","0.0","0","0.0","0.0","","0","","0","0.0","0.0","","0.00","","0","","","","0","0.0","0","0","0","0","0","0.0","0","","0","0.000","0","","0","","0","","0","0","0.0","0","0.0","","","100.0","","","","0.00","","0.0","0.0","0.0","0.00","0.0"
"216","Mitchell Evans","CAR","TE","17","2025","1","100.0","0.0","0","0.0","0","0.0","0.0","","0","","0","0.0","0.0","","0.00","","0","","","","0","0.0","0","0","0","0","0","0.0","0","","0","0.000","0","","0","","0","","0","0","0.0","0","0.0","","","100.0","","","","0.00","","0.0","0.0","0.0","0.00","0.0"
"217","Josh Jacobs","GB","RB","15","2025","1","100.0","0.0","0","0.0","0","0.0","0.0","","0","","0","0.0","0.0","","0.00","","0","","","","0","0.0","0","0","0","0","0","0.0","0","","0","0.000","0","","0","","0","","0","0","0.0","0","0.0","","","100.0","","","","0.00","","0.0","0.0","0.0","0.00","0.0"
"218","James Proche","TEN","WR","9","2025","6","66.7","0.0","0","0.0","0","0.0","0.0","","0","","0","0.0","0.0","","0.00","","0","","","","0","0.0","0","0","0","0","0","0.0","0","","0","0.000","0","","0","","0","","0","0","0.0","0","0.0","","","100.0","","","","0.00","","0.0","1.3","0.1","0.22","1.3"
"219","Dallas Goedert","PHI","TE","15","2025","10","90.9","0.0","0","0.0","0","0.0","0.0","","0","","0","0.0","0.0","","0.00","","0","","","","0","0.0","0","0","0","0","0","0.0","0","","0","0.000","0","","0","","0","","0","0","0.0","0","0.0","","","100.0","","","","0.00","","0.0","0.0","0.0","0.00","0.0"
"220","Tanner Hudson","CIN","TE","13","2025","5","100.0","0.0","0","0.0","0","0.0","0.0","","0","","0","0.0","0.0","","0.00","","0","","","","0","0.0","0","0","0","0","0","0.0","0","","0","0.000","0","","0","","0","","0","0","0.0","0","0.0","","","100.0","","","","0.00","","0.0","0.0","0.0","0.00","0.0"
"221","LeQuint Allen","JAX","RB","17","2025","1","100.0","0.0","0","0.0","0","0.0","0.0","","0","","0","0.0","0.0","","0.00","","0","","","","0","0.0","0","0","0","0","0","0.0","0","","0","0.000","0","","0","","0","","0","0","0.0","0","0.0","","","100.0","","","","0.00","","0.0","0.0","0.0","0.00","0.0"
"222","TreVeyon Henderson","NE","RB","17","2025","7","87.5","0.0","0","0.0","0","0.0","0.0","","0","","0","0.0","0.0","","0.00","","0","","","","0","0.0","0","0","0","0","0","0.0","0","","0","0.000","0","","0","","0","","0","0","0.0","0","0.0","","","100.0","","","","0.00","","0.0","0.0","0.0","0.00","0.0"
"223","Jeremy McNichols","WAS","RB","17","2025","1","100.0","0.0","0","0.0","0","0.0","0.0","","0","","0","0.0","0.0","","0.00","","0","","","","0","0.0","0","0","0","0","0","0.0","0","","0","0.000","0","","0","","0","","0","0","0.0","0","0.0","","","100.0","","","","0.00","","0.0","0.0","0.0","0.00","0.0"
"224","Evan Engram","DEN","TE","16","2025","3","75.0","0.0","0","0.0","0","0.0","0.0","","0","","0","0.0","0.0","","0.00","","0","","","","0","0.0","0","0","0","0","0","0.0","0","","0","0.000","0","","0","","0","","0","0","0.0","0","0.0","","","100.0","","","","0.00","","0.0","0.0","0.0","0.00","0.0"
"225","KeAndre Lambert-Smith","LAC","WR","10","2025","7","100.0","22.0","44","67.7","2","0.2","33.3","0.29","0","","0","0.0","0.0","","0.00","","0","","","","0","0.0","0","0","0","1","2","50.0","0","","0","0.000","1","50.0","1","50.0","0","","0","0","0.0","0","0.0","33.3","-10.2","100.0","","","","0.00","","0.0","4.4","0.4","0.63","4.4"
"226","Zach Charbonnet","SEA","RB","16","2025","2","100.0","0.0","0","0.0","0","0.0","0.0","","0","","0","0.0","0.0","","0.00","","0","","","","0","0.0","0","0","0","0","0","0.0","0","","0","0.000","0","","0","","0","","0","0","0.0","0","0.0","","","100.0","","","","0.00","","0.0","0.0","0.0","0.00","0.0"
"227","Jason Brownlee","KC","WR","6","2025","1","100.0","0.0","0","0.0","0","0.0","0.0","","0","","0","0.0","0.0","","0.00","","0","","","","0","0.0","0","0","0","0","0","0.0","0","","0","0.000","0","","0","","0","","0","0","0.0","0","0.0","","","100.0","","","","0.00","","0.0","0.0","0.0","0.00","0.0"
"228","Christian McCaffrey","SF","RB","17","2025","3","100.0","0.0","0","0.0","0","0.0","0.0","","0","","0","0.0","0.0","","0.00","","0","","","","0","0.0","0","0","0","0","0","0.0","0","","0","0.000","0","","0","","0","","0","0","0.0","0","0.0","","","100.0","","","","0.00","","0.0","0.0","0.0","0.00","0.0"
"229","Elijah Higgins","ARZ","TE","17","2025","3","100.0","0.0","0","0.0","0","0.0","0.0","","0","","0","0.0","0.0","","0.00","","0","","","","0","0.0","0","0","0","0","0","0.0","0","","0","0.000","0","","0","","0","","0","0","0.0","0","0.0","","","100.0","","","","0.00","","0.0","0.0","0.0","0.00","0.0"
"230","Connor Heyward","PIT","TE","16","2025","1","100.0","0.0","0","0.0","0","0.0","0.0","","0","","0","0.0","0.0","","0.00","","0","","","","0","0.0","0","0","0","0","0","0.0","0","","0","0.000","0","","0","","0","","0","0","0.0","0","0.0","","","100.0","","","","0.00","","0.0","0.0","0.0","0.00","0.0"
"231","Dawson Knox","BUF","TE","17","2025","6","85.7","0.0","0","0.0","0","0.0","0.0","","0","","0","0.0","0.0","","0.00","","0","","","","0","0.0","0","0","0","0","0","0.0","0","","0","0.000","0","","0","","0","","0","0","0.0","0","0.0","","","100.0","","","","0.00","","0.0","0.0","0.0","0.00","0.0"
"232","Calvin Austin","PIT","WR","14","2025","24","96.0","0.0","0","0.0","0","0.0","0.0","","0","","0","0.0","0.0","","0.00","","0","","","","0","0.0","0","0","0","0","0","0.0","0","","0","0.000","0","","0","","0","","0","0","0.0","0","0.0","","","100.0","","","","0.00","","0.0","0.0","0.0","0.00","0.0"
"233","Devin Singletary","NYG","RB","17","2025","4","100.0","0.0","0","0.0","0","0.0","0.0","","0","","0","0.0","0.0","","0.00","","0","","","","0","0.0","0","0","0","0","0","0.0","0","","0","0.000","0","","0","","0","","0","0","0.0","0","0.0","","","100.0","","","","0.00","","0.0","0.0","0.0","0.00","0.0"
"234","Laquon Treadwell","IND","WR","9","2025","1","100.0","0.0","0","0.0","0","0.0","0.0","","0","","0","0.0","0.0","","0.00","","0","","","","0","0.0","0","0","0","0","0","0.0","0","","0","0.000","0","","0","","0","","0","0","0.0","0","0.0","","","100.0","","","","0.00","","0.0","0.0","0.0","0.00","0.0"
"235","Xavier Smith","LA","WR","16","2025","2","100.0","0.0","0","0.0","0","0.0","0.0","","0","","0","0.0","0.0","","0.00","","0","","","","0","0.0","0","0","0","0","0","0.0","0","","0","0.000","0","","0","","0","","0","0","0.0","0","0.0","","","100.0","","","","0.00","","0.0","0.0","0.0","0.00","0.0"
"236","Ty Johnson","BUF","RB","17","2025","1","100.0","0.0","0","0.0","0","0.0","0.0","","0","","0","0.0","0.0","","0.00","","0","","","","0","0.0","0","0","0","0","0","0.0","0","","0","0.000","0","","0","","0","","0","0","0.0","0","0.0","","","100.0","","","","0.00","","0.0","0.0","0.0","0.00","0.0"
"237","Isaiah Davis","NYJ","RB","16","2025","2","100.0","0.0","0","0.0","0","0.0","0.0","","0","","0","0.0","0.0","","0.00","","0","","","","0","0.0","0","0","0","0","0","0.0","0","","0","0.000","0","","0","","0","","0","0","0.0","0","0.0","","","100.0","","","","0.00","","0.0","0.0","0.0","0.00","0.0"
"238","Colby Parkinson","LA","TE","15","2025","4","100.0","0.0","0","0.0","0","0.0","0.0","","0","","0","0.0","0.0","","0.00","","0","","","","0","0.0","0","0","0","0","0","0.0","0","","0","0.000","0","","0","","0","","0","0","0.0","0","0.0","","","100.0","","","","0.00","","0.0","0.0","0.0","0.00","0.0"
"239","Luke Musgrave","GB","TE","17","2025","3","100.0","0.0","0","0.0","0","0.0","0.0","","0","","0","0.0","0.0","","0.00","","0","","","","0","0.0","0","0","0","0","0","0.0","0","","0","0.000","0","","0","","0","","0","0","0.0","0","0.0","","","100.0","","","","0.00","","0.0","1.5","0.1","0.51","1.5"
"240","Kimani Vidal","LAC","RB","13","2025","1","100.0","0.0","0","0.0","0","0.0","0.0","","0","","0","0.0","0.0","","0.00","","0","","","","0","0.0","0","0","0","0","0","0.0","0","","0","0.000","0","","0","","0","","0","0","0.0","0","0.0","","","100.0","","","","0.00","","0.0","0.0","0.0","0.00","0.0"
"241","Christian Watson","GB","WR","10","2025","15","100.0","31.5","63","36.8","2","0.2","13.3","0.13","0","","0","0.0","0.0","","0.00","","0","","","","0","0.0","0","0","0","1","2","40.0","0","","0","0.000","0","","0","","0","","0","0","0.0","0","39.6","14.3","-13.3","100.0","","","","0.00","","0.0","4.1","0.4","0.27","4.1"
"242","Ashton Dulin","IND","WR","12","2025","5","71.4","22.7","68","85.0","3","0.3","42.9","0.60","0","","0","0.0","0.0","","0.00","","0","","","","0","0.0","0","0","0","1","2","33.3","0","","0","0.000","0","","1","33.3","0","","1","0","0.0","0","39.6","42.9","-11.7","100.0","","","","0.00","","0.0","4.7","0.4","0.94","4.7"
"243","Tyler Conklin","LAC","TE","10","2025","1","100.0","0.0","0","0.0","0","0.0","0.0","","0","","0","0.0","0.0","","0.00","","0","","","","0","0.0","0","0","0","0","0","0.0","0","","0","0.000","0","","0","","0","","0","0","0.0","0","0.0","","","100.0","","","","0.00","","0.0","0.0","0.0","0.00","0.0"
"244","Malik Davis","DAL","RB","10","2025","1","100.0","0.0","0","0.0","0","0.0","0.0","","0","","0","0.0","0.0","","0.00","","0","","","","0","0.0","0","0","0","0","0","0.0","0","","0","0.000","0","","0","","0","","0","0","0.0","0","0.0","","","100.0","","","","0.00","","0.0","0.0","0.0","0.00","0.0"
"245","Mason Tipton","NO","WR","13","2025","16","100.0","15.0","15","16.9","1","0.1","6.3","0.06","0","","0","0.0","0.0","","0.00","","0","","","","0","0.0","0","0","0","0","1","16.7","0","","0","0.000","0","","0","","0","","0","0","0.0","0","0.0","7.1","-10.4","100.0","","","","0.00","","0.0","2.0","0.2","0.13","2.0"
"246","Jalen Brooks","ARZ, DAL","WR","6","2025","1","33.3","0.0","0","0.0","0","0.0","0.0","","0","","0","0.0","0.0","","0.00","","0","","","","0","0.0","0","0","0","0","0","0.0","0","","0","0.000","0","","0","","0","","0","0","0.0","0","0.0","","","100.0","","","","0.00","","0.0","0.0","0.0","0.00","0.0"
"247","Charlie Jones","CIN","WR","14","2025","1","50.0","0.0","0","0.0","0","0.0","0.0","","0","","0","0.0","0.0","","0.00","","0","","","","0","0.0","0","0","0","0","0","0.0","0","","0","0.000","0","","0","","0","","0","0","0.0","0","0.0","","","100.0","","","","0.00","","0.0","0.0","0.0","0.00","0.0"
"248","Bo Melton","GB","WR","9","2025","2","100.0","0.0","0","0.0","0","0.0","0.0","","0","","0","0.0","0.0","","0.00","","0","","","","0","0.0","0","0","0","0","0","0.0","0","","0","0.000","0","","0","","0","","0","0","0.0","0","0.0","","","100.0","","","","0.00","","0.0","0.0","0.0","0.00","0.0"
"249","Tanner Conner","MIA","TE","9","2025","2","66.7","0.0","0","0.0","0","0.0","0.0","","0","","0","0.0","0.0","","0.00","","0","","","","0","0.0","0","0","0","0","0","0.0","0","","0","0.000","0","","0","","0","","0","0","0.0","0","0.0","","","100.0","","","","0.00","","0.0","0.0","0.0","0.00","0.0"
"250","Deven Thompkins","ATL","WR","7","2025","1","100.0","0.0","0","0.0","0","0.0","0.0","","0","","0","0.0","0.0","","0.00","","0","","","","0","0.0","0","0","0","0","0","0.0","0","","0","0.000","0","","0","","0","","0","0","0.0","0","0.0","","","100.0","","","","0.00","","0.0","0.0","0.0","0.00","0.0"
"251","Samaje Perine","CIN","RB","15","2025","1","100.0","0.0","0","0.0","0","0.0","0.0","","0","","0","0.0","0.0","","0.00","","0","","","","0","0.0","0","0","0","0","0","0.0","0","","0","0.000","0","","0","","0","","0","0","0.0","0","0.0","","","100.0","","","","0.00","","0.0","0.0","0.0","0.00","0.0"
"252","Kyle Monangai","CHI","RB","17","2025","1","33.3","0.0","0","0.0","0","0.0","0.0","","0","","0","0.0","0.0","","0.00","","0","","","","0","0.0","0","0","0","0","0","0.0","0","","0","0.000","0","","0","","0","","0","0","0.0","0","0.0","","","100.0","","","","0.00","","0.0","0.0","0.0","0.00","0.0"
"253","Blake Whiteheart","CLV","TE","16","2025","1","50.0","0.0","0","0.0","0","0.0","0.0","","0","","0","0.0","0.0","","0.00","","0","","","","0","0.0","0","0","0","0","0","0.0","0","","0","0.000","0","","0","","0","","0","0","0.0","0","0.0","","","100.0","","","","0.00","","0.0","0.0","0.0","0.00","0.0"
"254","Tutu Atwell","LA","WR","10","2025","1","100.0","0.0","0","0.0","0","0.0","0.0","","0","","0","0.0","0.0","","0.00","","0","","","","0","0.0","0","0","0","0","0","0.0","0","","0","0.000","0","","0","","0","","0","0","0.0","0","0.0","","","100.0","","","","0.00","","0.0","1.9","0.2","1.91","1.9"
"255","Grant Calcaterra","PHI","TE","15","2025","3","100.0","0.0","0","0.0","0","0.0","0.0","","0","","0","0.0","0.0","","0.00","","0","","","","0","0.0","0","0","0","0","0","0.0","0","","0","0.000","0","","0","","0","","0","0","0.0","0","0.0","","","100.0","","","","0.00","","0.0","0.0","0.0","0.00","0.0"
"256","Devin Culp","TB","TE","11","2025","2","100.0","0.0","0","0.0","0","0.0","0.0","","0","","0","0.0","0.0","","0.00","","0","","","","0","0.0","0","0","0","0","0","0.0","0","","0","0.000","0","","0","","0","","0","0","0.0","0","0.0","","","100.0","","","","0.00","","0.0","0.0","0.0","0.00","0.0"
"257","Justin Watson","HST","WR","3","2025","1","100.0","0.0","0","0.0","0","0.0","0.0","","0","","0","0.0","0.0","","0.00","","0","","","","0","0.0","0","0","0","0","0","0.0","0","","0","0.000","0","","0","","0","","0","0","0.0","0","0.0","","","100.0","","","","0.00","","0.0","0.0","0.0","0.00","0.0"
"258","Keleki Latu","BUF","TE","5","2025","1","100.0","0.0","0","0.0","0","0.0","0.0","","0","","0","0.0","0.0","","0.00","","0","","","","0","0.0","0","0","0","0","0","0.0","0","","0","0.000","0","","0","","0","","0","0","0.0","0","0.0","","","100.0","","","","0.00","","0.0","0.0","0.0","0.00","0.0"
"259","Skyy Moore","SF","WR","17","2025","5","100.0","0.0","0","0.0","0","0.0","0.0","","0","","0","0.0","0.0","","0.00","","0","","","","0","0.0","0","0","0","0","0","0.0","0","","0","0.000","0","","0","","0","","0","0","0.0","0","0.0","","","100.0","","","","0.00","","0.0","0.0","0.0","0.00","0.0"
"260","Josh Oliver","MIN","TE","15","2025","4","100.0","0.0","0","0.0","0","0.0","0.0","","0","","0","0.0","0.0","","0.00","","0","","","","0","0.0","0","0","0","0","0","0.0","0","","0","0.000","0","","0","","0","","0","0","0.0","0","0.0","","","100.0","","","","0.00","","0.0","0.0","0.0","0.00","0.0"
"261","Shane Zylstra","DET","TE","5","2025","1","100.0","0.0","0","0.0","0","0.0","0.0","","0","","0","0.0","0.0","","0.00","","0","","","","0","0.0","0","0","0","0","0","0.0","0","","0","0.000","0","","0","","0","","0","0","0.0","0","0.0","","","100.0","","","","0.00","","0.0","0.0","0.0","0.00","0.0"
"262","Gunner Olszewski","NYG","WR","16","2025","7","100.0","0.0","0","0.0","0","0.0","0.0","","0","","0","0.0","0.0","","0.00","","0","","","","0","0.0","0","0","0","0","0","0.0","0","","0","0.000","0","","0","","0","","0","0","0.0","0","0.0","","","100.0","","","","0.00","","0.0","0.0","0.0","0.00","0.0"
"263","Kenneth Gainwell","PIT","RB","17","2025","2","100.0","0.0","0","0.0","0","0.0","0.0","","0","","0","0.0","0.0","","0.00","","0","","","","0","0.0","0","0","0","0","0","0.0","0","","0","0.000","0","","0","","0","","0","0","0.0","0","0.0","","","100.0","","","","0.00","","0.0","0.0","0.0","0.00","0.0"
"264","Carter Runyon","LV","TE","10","2025","1","100.0","0.0","0","0.0","0","0.0","0.0","","0","","0","0.0","0.0","","0.00","","0","","","","0","0.0","0","0","0","0","0","0.0","0","","0","0.000","0","","0","","0","","0","0","0.0","0","0.0","","","100.0","","","","0.00","","0.0","0.0","0.0","0.00","0.0"
"265","Alex Bachman","LV","WR","13","2025","1","100.0","0.0","0","0.0","0","0.0","0.0","","0","","0","0.0","0.0","","0.00","","0","","","","0","0.0","0","0","0","0","0","0.0","0","","0","0.000","0","","0","","0","","0","0","0.0","0","0.0","","","100.0","","","","0.00","","0.0","0.0","0.0","0.00","0.0"
"266","Javonte Williams","DAL","RB","16","2025","2","100.0","0.0","0","0.0","0","0.0","0.0","","0","","0","0.0","0.0","","0.00","","0","","","","0","0.0","0","0","0","0","0","0.0","0","","0","0.000","0","","0","","0","","0","0","0.0","0","0.0","","","100.0","","","","0.00","","0.0","0.0","0.0","0.00","0.0"
"267","Darnell Mooney","ATL","WR","15","2025","34","89.5","17.0","34","23.6","2","0.1","5.9","0.06","0","","0","0.0","0.0","","0.00","","0","","","","0","0.0","0","0","0","1","2","10.0","0","","0","0.000","0","","1","50.0","0","","1","0","0.0","0","39.6","6.1","-9.6","100.0","","","","0.00","","0.0","4.0","0.3","0.12","4.0"
"268","David Njoku","CLV","TE","12","2025","2","100.0","0.0","0","0.0","0","0.0","0.0","","0","","0","0.0","0.0","","0.00","","0","","","","0","0.0","0","0","0","0","0","0.0","0","","0","0.000","0","","0","","0","","0","0","0.0","0","0.0","","","100.0","","","","0.00","","0.0","0.0","0.0","0.00","0.0"
"269","Tylan Wallace","BLT","WR","14","2025","11","84.6","0.0","0","0.0","0","0.0","0.0","","0","","0","0.0","0.0","","0.00","","0","","","","0","0.0","0","0","0","0","0","0.0","0","","0","0.000","0","","0","","0","","0","0","0.0","0","0.0","","","100.0","","","","0.00","","0.0","0.0","0.0","0.00","0.0"
"270","Ryan Flournoy","DAL","WR","15","2025","19","90.5","36.0","36","33.3","1","0.1","5.9","0.05","0","","0","0.0","0.0","","0.00","","0","","","","0","0.0","0","0","0","1","0","0.0","0","","0","0.000","0","","0","","0","","0","0","0.0","0","39.6","6.7","-13.8","100.0","","","","0.00","","0.0","2.8","0.2","0.15","2.8"
"271","Tyler Higbee","LA","TE","10","2025","1","50.0","0.0","0","0.0","0","0.0","0.0","","0","","0","0.0","0.0","","0.00","","0","","","","0","0.0","0","0","0","0","0","0.0","0","","0","0.000","0","","0","","0","","0","0","0.0","0","0.0","","","100.0","","","","0.00","","0.0","0.0","0.0","0.00","0.0"
"272","Darius Cooper","PHI","WR","13","2025","4","100.0","0.0","0","0.0","0","0.0","0.0","","0","","0","0.0","0.0","","0.00","","0","","","","0","0.0","0","0","0","0","0","0.0","0","","0","0.000","0","","0","","0","","0","0","0.0","0","0.0","","","100.0","","","","0.00","","0.0","0.0","0.0","0.00","0.0"
"273","Xavier Hutchinson","HST","WR","17","2025","32","94.1","12.5","25","15.8","2","0.1","6.7","0.06","0","","0","0.0","0.0","","0.00","","0","","","","0","0.0","0","0","0","0","1","6.7","0","","0","0.000","1","50.0","1","50.0","0","","0","0","0.0","0","39.6","7.1","-9.4","100.0","","","","0.00","","0.0","4.2","0.2","0.13","4.2"
"274","Jake Bobo","SEA","WR","11","2025","3","100.0","0.0","0","0.0","0","0.0","0.0","","0","","0","0.0","0.0","","0.00","","0","","","","0","0.0","0","0","0","0","0","0.0","0","","0","0.000","0","","0","","0","","0","0","0.0","0","0.0","","","100.0","","","","0.00","","0.0","0.0","0.0","0.00","0.0"
"275","Mason Kinsey","TEN","WR","10","2025","2","100.0","0.0","0","0.0","0","0.0","0.0","","0","","0","0.0","0.0","","0.00","","0","","","","0","0.0","0","0","0","0","0","0.0","0","","0","0.000","0","","0","","0","","0","0","0.0","0","0.0","","","100.0","","","","0.00","","0.0","0.0","0.0","0.00","0.0"
"276","Terrance Ferguson","LA","TE","13","2025","7","100.0","0.0","0","0.0","0","0.0","0.0","","0","","0","0.0","0.0","","0.00","","0","","","","0","0.0","0","0","0","0","0","0.0","0","","0","0.000","0","","0","","0","","0","0","0.0","0","0.0","","","100.0","","","","0.00","","0.0","0.0","0.0","0.00","0.0"
"277","Drake Dabney","GB","TE","2","2025","1","50.0","0.0","0","0.0","0","0.0","0.0","","0","","0","0.0","0.0","","0.00","","0","","","","0","0.0","0","0","0","0","0","0.0","0","","0","0.000","0","","0","","0","","0","0","0.0","0","0.0","","","100.0","","","","0.00","","0.0","0.0","0.0","0.00","0.0"
"278","Bam Knight","ARZ","RB","12","2025","3","100.0","0.0","0","0.0","0","0.0","0.0","","0","","0","0.0","0.0","","0.00","","0","","","","0","0.0","0","0","0","0","0","0.0","0","","0","0.000","0","","0","","0","","0","0","0.0","0","0.0","","","100.0","","","","0.00","","0.0","0.0","0.0","0.00","0.0"
"279","Payne Durham","TB","TE","17","2025","1","33.3","0.0","0","0.0","0","0.0","0.0","","0","","0","0.0","0.0","","0.00","","0","","","","0","0.0","0","0","0","0","0","0.0","0","","0","0.000","0","","0","","0","","0","0","0.0","0","0.0","","","100.0","","","","0.00","","0.0","0.0","0.0","0.00","0.0"
"280","Jordan Mason","MIN","RB","16","2025","1","100.0","0.0","0","0.0","0","0.0","0.0","","0","","0","0.0","0.0","","0.00","","0","","","","0","0.0","0","0","0","0","0","0.0","0","","0","0.000","0","","0","","0","","0","0","0.0","0","0.0","","","100.0","","","","0.00","","0.0","0.0","0.0","0.00","0.0"
"281","Breece Hall","NYJ","RB","16","2025","1","100.0","0.0","0","0.0","0","0.0","0.0","","0","","0","0.0","0.0","","0.00","","0","","","","0","0.0","0","0","0","0","0","0.0","0","","0","0.000","0","","0","","0","","0","0","0.0","0","0.0","","","100.0","","","","0.00","","0.0","0.0","0.0","0.00","0.0"
"282","Justice Hill","BLT","RB","10","2025","2","100.0","0.0","0","0.0","0","0.0","0.0","","0","","0","0.0","0.0","","0.00","","0","","","","0","0.0","0","0","0","0","0","0.0","0","","0","0.000","0","","0","","0","","0","0","0.0","0","0.0","","","100.0","","","","0.00","","0.0","0.0","0.0","0.00","0.0"
"283","Hunter Renfrow","CAR","WR","6","2025","4","100.0","0.0","0","0.0","0","0.0","0.0","","0","","0","0.0","0.0","","0.00","","0","","","","0","0.0","0","0","0","0","0","0.0","0","","0","0.000","0","","0","","0","","0","0","0.0","0","0.0","","","100.0","","","","0.00","","0.0","0.0","0.0","0.00","0.0"
"284","Trayveon Williams","LAC, CLV","RB","6","2025","1","100.0","0.0","0","0.0","0","0.0","0.0","","0","","0","0.0","0.0","","0.00","","0","","","","0","0.0","0","0","0","0","0","0.0","0","","0","0.000","0","","0","","0","","0","0","0.0","0","0.0","","","100.0","","","","0.00","","0.0","0.0","0.0","0.00","0.0"
"285","Daniel Bellinger","NYG","TE","16","2025","1","100.0","0.0","0","0.0","0","0.0","0.0","","0","","0","0.0","0.0","","0.00","","0","","","","0","0.0","0","0","0","0","0","0.0","0","","0","0.000","0","","0","","0","","0","0","0.0","0","0.0","","","100.0","","","","0.00","","0.0","0.0","0.0","0.00","0.0"
"286","Jake Tonges","SF","TE","16","2025","1","100.0","0.0","0","0.0","0","0.0","0.0","","0","","0","0.0","0.0","","0.00","","0","","","","0","0.0","0","0","0","0","0","0.0","0","","0","0.000","0","","0","","0","","0","0","0.0","0","0.0","","","100.0","","","","0.00","","0.0","0.0","0.0","0.00","0.0"
"287","Josiah Deguara","ARZ","TE","12","2025","1","100.0","0.0","0","0.0","0","0.0","0.0","","0","","0","0.0","0.0","","0.00","","0","","","","0","0.0","0","0","0","0","0","0.0","0","","0","0.000","0","","0","","0","","0","0","0.0","0","0.0","","","100.0","","","","0.00","","0.0","0.0","0.0","0.00","0.0"
"288","Ray-Ray McCloud","ATL, NYG","WR","6","2025","9","90.0","9.0","18","25.4","2","0.3","20.0","0.22","0","","0","0.0","0.0","","0.00","","0","","","","0","0.0","0","0","0","0","1","20.0","0","","0","0.000","1","50.0","1","50.0","0","","0","0","0.0","0","39.6","22.2","-7.9","100.0","","","","0.00","","0.0","3.5","0.6","0.39","3.5"
"289","Jaylen Wright","MIA","RB","10","2025","1","100.0","0.0","0","0.0","0","0.0","0.0","","0","","0","0.0","0.0","","0.00","","0","","","","0","0.0","0","0","0","0","0","0.0","0","","0","0.000","0","","0","","0","","0","0","0.0","0","0.0","","","100.0","","","","0.00","","0.0","0.0","0.0","0.00","0.0"
"290","Johnny Mundt","JAX","TE","16","2025","1","100.0","0.0","0","0.0","0","0.0","0.0","","0","","0","0.0","0.0","","0.00","","0","","","","0","0.0","0","0","0","0","0","0.0","0","","0","0.000","0","","0","","0","","0","0","0.0","0","0.0","","","100.0","","","","0.00","","0.0","0.0","0.0","0.00","0.0"
"291","Sean Tucker","TB","RB","17","2025","1","100.0","0.0","0","0.0","0","0.0","0.0","","0","","0","0.0","0.0","","0.00","","0","","","","0","0.0","0","0","0","0","0","0.0","0","","0","0.000","0","","0","","0","","0","0","0.0","0","0.0","","","100.0","","","","0.00","","0.0","0.0","0.0","0.00","0.0"
"292","Mitchell Tinsley","CIN","WR","17","2025","21","100.0","15.0","30","27.3","2","0.1","10.0","0.10","0","","0","0.0","0.0","","0.00","","0","","","","0","0.0","0","0","0","1","2","20.0","0","","0","0.000","0","","0","","0","","0","0","0.0","0","39.6","11.1","-9.7","100.0","","","","0.00","","0.0","3.3","0.2","0.16","3.3"
"293","Chase Brown","CIN","RB","17","2025","3","75.0","4.0","4","16.7","1","0.1","25.0","0.33","0","","0","0.0","0.0","","0.00","","0","","","","0","0.0","0","0","0","0","0","0.0","0","","0","0.000","0","","0","","0","","0","0","0.0","0","0.0","33.3","-6.7","100.0","","","","0.00","","0.0","1.3","0.1","0.45","1.3"
"294","Noah Fant","CIN","TE","15","2025","3","100.0","0.0","0","0.0","0","0.0","0.0","","0","","0","0.0","0.0","","0.00","","0","","","","0","0.0","0","0","0","0","0","0.0","0","","0","0.000","0","","0","","0","","0","0","0.0","0","0.0","","","100.0","","","","0.00","","0.0","0.0","0.0","0.00","0.0"
"295","Charlie Kolar","BLT","TE","17","2025","3","100.0","0.0","0","0.0","0","0.0","0.0","","0","","0","0.0","0.0","","0.00","","0","","","","0","0.0","0","0","0","0","0","0.0","0","","0","0.000","0","","0","","0","","0","0","0.0","0","0.0","","","100.0","","","","0.00","","0.0","0.0","0.0","0.00","0.0"
"296","Curtis Samuel","BUF","WR","6","2025","8","100.0","0.0","0","0.0","0","0.0","0.0","","0","","0","0.0","0.0","","0.00","","0","","","","0","0.0","0","0","0","0","0","0.0","0","","0","0.000","0","","0","","0","","0","0","0.0","0","0.0","","","100.0","","","","0.00","","0.0","0.0","0.0","0.00","0.0"
"297","Jeremy Ruckert","NYJ","TE","17","2025","5","100.0","0.0","0","0.0","0","0.0","0.0","","0","","0","0.0","0.0","","0.00","","0","","","","0","0.0","0","0","0","0","0","0.0","0","","0","0.000","0","","0","","0","","0","0","0.0","0","0.0","","","100.0","","","","0.00","","0.0","0.0","0.0","0.00","0.0"
"298","Sal Cannella","CLV","TE","2","2025","1","100.0","0.0","0","0.0","0","0.0","0.0","","0","","0","0.0","0.0","","0.00","","0","","","","0","0.0","0","0","0","0","0","0.0","0","","0","0.000","0","","0","","0","","0","0","0.0","0","0.0","","","100.0","","","","0.00","","0.0","0.0","0.0","0.00","0.0"
"299","Cedrick Wilson","MIA","WR","10","2025","5","55.6","0.0","0","0.0","0","0.0","0.0","","0","","0","0.0","0.0","","0.00","","0","","","","0","0.0","0","0","0","0","0","0.0","0","","0","0.000","0","","0","","0","","0","0","0.0","0","0.0","","","100.0","","","","0.00","","0.0","0.0","0.0","0.00","0.0"
"300","Dyami Brown","JAX","WR","14","2025","15","93.8","21.0","42","34.1","2","0.1","13.3","0.13","0","","0","0.0","0.0","","0.00","","0","","","","0","0.0","1","0","0","1","1","9.1","0","","0","0.000","1","50.0","1","50.0","0","","0","0","0.0","0","39.6","14.3","-10.6","100.0","","","","0.00","","0.0","2.7","0.2","0.18","2.7"
"301","Quintin Morris","JAX","TE","13","2025","3","100.0","0.0","0","0.0","0","0.0","0.0","","0","","0","0.0","0.0","","0.00","","0","","","","0","0.0","0","0","0","0","0","0.0","0","","0","0.000","0","","0","","0","","0","0","0.0","0","0.0","","","100.0","","","","0.00","","0.0","0.0","0.0","0.00","0.0"
"302","Chris Brooks","GB","RB","17","2025","1","50.0","0.0","0","0.0","0","0.0","0.0","","0","","0","0.0","0.0","","0.00","","0","","","","0","0.0","0","0","0","0","0","0.0","0","","0","0.000","0","","0","","0","","0","0","0.0","0","0.0","","","100.0","","","","0.00","","0.0","0.0","0.0","0.00","0.0"
"303","Evan Hull","NO","RB","6","2025","3","100.0","0.0","0","0.0","0","0.0","0.0","","0","","0","0.0","0.0","","0.00","","0","","","","0","0.0","0","0","0","0","0","0.0","0","","0","0.000","0","","0","","0","","0","0","0.0","0","0.0","","","100.0","","","","0.00","","0.0","0.0","0.0","0.00","0.0"
"304","Brashard Smith","KC","RB","17","2025","2","100.0","0.0","0","0.0","0","0.0","0.0","","0","","0","0.0","0.0","","0.00","","0","","","","0","0.0","0","0","0","0","0","0.0","0","","0","0.000","0","","0","","0","","0","0","0.0","0","0.0","","","100.0","","","","0.00","","0.0","0.0","0.0","0.00","0.0"
"305","Malik Turner","SF","WR","3","2025","1","100.0","0.0","0","0.0","0","0.0","0.0","","0","","0","0.0","0.0","","0.00","","0","","","","0","0.0","0","0","0","0","0","0.0","0","","0","0.000","0","","0","","0","","0","0","0.0","0","0.0","","","100.0","","","","0.00","","0.0","0.0","0.0","0.00","0.0"
"306","De'Von Achane","MIA","RB","16","2025","4","100.0","0.0","0","0.0","0","0.0","0.0","","0","","0","0.0","0.0","","0.00","","0","","","","0","0.0","0","0","0","0","0","0.0","0","","0","0.000","0","","0","","0","","0","0","0.0","0","0.0","","","100.0","","","","0.00","","0.0","0.0","0.0","0.00","0.0"
"307","Brock Wright","DET","TE","11","2025","2","66.7","0.0","0","0.0","0","0.0","0.0","","0","","0","0.0","0.0","","0.00","","0","","","","0","0.0","0","0","0","0","0","0.0","0","","0","0.000","0","","0","","0","","0","0","0.0","0","0.0","","","100.0","","","","0.00","","0.0","0.0","0.0","0.00","0.0"
"308","Emanuel Wilson","GB","RB","17","2025","2","100.0","0.0","0","0.0","0","0.0","0.0","","0","","0","0.0","0.0","","0.00","","0","","","","0","0.0","0","0","0","0","0","0.0","0","","0","0.000","0","","0","","0","","0","0","0.0","0","0.0","","","100.0","","","","0.00","","0.0","0.0","0.0","0.00","0.0"
"309","David Montgomery","DET","RB","17","2025","1","100.0","0.0","0","0.0","0","0.0","0.0","","0","","0","0.0","0.0","","0.00","","0","","","","0","0.0","0","0","0","0","0","0.0","0","","0","0.000","0","","0","","0","","0","0","0.0","0","0.0","","","100.0","","","","0.00","","0.0","0.0","0.0","0.00","0.0"
"310","Pat Freiermuth","PIT","TE","17","2025","5","83.3","0.0","0","0.0","0","0.0","0.0","","0","","0","0.0","0.0","","0.00","","0","","","","0","0.0","0","0","0","0","0","0.0","0","","0","0.000","0","","0","","0","","0","0","0.0","0","0.0","","","100.0","","","","0.00","","0.0","0.0","0.0","0.00","0.0"
"311","Braxton Berrios","HST","WR","4","2025","2","100.0","0.0","0","0.0","0","0.0","0.0","","0","","0","0.0","0.0","","0.00","","0","","","","0","0.0","0","0","0","0","0","0.0","0","","0","0.000","0","","0","","0","","0","0","0.0","0","0.0","","","100.0","","","","0.00","","0.0","0.0","0.0","0.00","0.0"
"312","Josh Whyle","GB","TE","8","2025","1","100.0","0.0","0","0.0","0","0.0","0.0","","0","","0","0.0","0.0","","0.00","","0","","","","0","0.0","0","0","0","0","0","0.0","0","","0","0.000","0","","0","","0","","0","0","0.0","0","0.0","","","100.0","","","","0.00","","0.0","0.0","0.0","0.00","0.0"
"313","Ke'Shawn Williams","PIT, CIN","WR","11","2025","2","100.0","0.0","0","0.0","0","0.0","0.0","","0","","0","0.0","0.0","","0.00","","0","","","","0","0.0","0","0","0","0","0","0.0","0","","0","0.000","0","","0","","0","","0","0","0.0","0","0.0","","","100.0","","","","0.00","","0.0","0.0","0.0","0.00","0.0"
"314","Andre Baccellia","ARZ","WR","5","2025","6","100.0","3.0","3","9.7","1","0.2","20.0","0.17","0","","0","0.0","0.0","","0.00","","0","","","","0","0.0","0","0","0","0","1","25.0","0","","0","0.000","0","","0","","0","","0","0","0.0","0","39.6","20.0","-5.4","100.0","","","","0.00","","0.0","1.3","0.3","0.22","1.3"
"315","Stephen Carlson","CHI","TE","2","2025","1","50.0","0.0","0","0.0","0","0.0","0.0","","0","","0","0.0","0.0","","0.00","","0","","","","0","0.0","0","0","0","0","0","0.0","0","","0","0.000","0","","0","","0","","0","0","0.0","0","0.0","","","100.0","","","","0.00","","0.0","0.0","0.0","0.00","0.0"
"316","Foster Moreau","NO","TE","11","2025","2","100.0","0.0","0","0.0","0","0.0","0.0","","0","","0","0.0","0.0","","0.00","","0","","","","0","0.0","0","0","0","0","0","0.0","0","","0","0.000","0","","0","","0","","0","0","0.0","0","0.0","","","100.0","","","","0.00","","0.0","0.0","0.0","0.00","0.0"
"317","Austin Trammell","JAX","WR","6","2025","1","100.0","0.0","0","0.0","0","0.0","0.0","","0","","0","0.0","0.0","","0.00","","0","","","","0","0.0","0","0","0","0","0","0.0","0","","0","0.000","0","","0","","0","","0","0","0.0","0","0.0","","","100.0","","","","0.00","","0.0","0.0","0.0","0.00","0.0"
"318","LaJohntay Wester","BLT","WR","16","2025","3","100.0","0.0","0","0.0","0","0.0","0.0","","0","","0","0.0","0.0","","0.00","","0","","","","0","0.0","0","0","0","0","0","0.0","0","","0","0.000","0","","0","","0","","0","0","0.0","0","0.0","","","100.0","","","","0.00","","0.0","0.0","0.0","0.00","0.0"
"319","Aaron Jones","MIN","RB","12","2025","2","100.0","0.0","0","0.0","0","0.0","0.0","","0","","0","0.0","0.0","","0.00","","0","","","","0","0.0","0","0","0","0","0","0.0","0","","0","0.000","0","","0","","0","","0","0","0.0","0","0.0","","","100.0","","","","0.00","","0.0","0.0","0.0","0.00","0.0"
"320","Jared Wiley","KC","TE","4","2025","1","100.0","0.0","0","0.0","0","0.0","0.0","","0","","0","0.0","0.0","","0.00","","0","","","","0","0.0","0","0","0","0","0","0.0","0","","0","0.000","0","","0","","0","","0","0","0.0","0","0.0","","","100.0","","","","0.00","","0.0","0.0","0.0","0.00","0.0"
"321","Will Shipley","PHI","RB","15","2025","1","100.0","0.0","0","0.0","0","0.0","0.0","","0","","0","0.0","0.0","","0.00","","0","","","","0","0.0","0","0","0","0","0","0.0","0","","0","0.000","0","","0","","0","","0","0","0.0","0","0.0","","","100.0","","","","0.00","","0.0","0.0","0.0","0.00","0.0"
"322","Jonathan Mingo","DAL","WR","6","2025","3","60.0","0.0","0","0.0","0","0.0","0.0","","0","","0","0.0","0.0","","0.00","","0","","","","0","0.0","0","0","0","0","0","0.0","0","","0","0.000","0","","0","","0","","0","0","0.0","0","0.0","","","100.0","","","","0.00","","0.0","0.0","0.0","0.00","0.0"
"323","Mark Andrews","BLT","TE","17","2025","8","88.9","5.0","5","21.7","1","0.1","12.5","0.13","0","","0","0.0","0.0","","0.00","","0","","","","0","0.0","0","0","0","0","1","33.3","0","","0","0.000","0","","0","","0","","0","0","0.0","0","39.6","12.5","-6.5","100.0","","","","0.00","","0.0","1.5","0.1","0.18","1.5"
"324","Hunter Long","JAX","TE","9","2025","4","80.0","0.0","0","0.0","0","0.0","0.0","","0","","0","0.0","0.0","","0.00","","0","","","","0","0.0","0","0","0","0","0","0.0","0","","0","0.000","0","","0","","0","","0","0","0.0","0","0.0","","","100.0","","","","0.00","","0.0","0.0","0.0","0.00","0.0"
"325","Bryce Oliver","TEN","WR","3","2025","1","100.0","0.0","0","0.0","0","0.0","0.0","","0","","0","0.0","0.0","","0.00","","0","","","","0","0.0","0","0","0","0","0","0.0","0","","0","0.000","0","","0","","0","","0","0","0.0","0","0.0","","","100.0","","","","0.00","","0.0","0.0","0.0","0.00","0.0"
"326","Trent Sherfield","ARZ, DEN","WR","12","2025","7","77.8","0.0","0","0.0","0","0.0","0.0","","0","","0","0.0","0.0","","0.00","","0","","","","0","0.0","0","0","0","0","0","0.0","0","","0","0.000","0","","0","","0","","0","0","0.0","0","0.0","","","100.0","","","","0.00","","0.0","0.0","0.0","0.00","0.0"
"327","RJ Harvey","DEN","RB","17","2025","3","100.0","0.0","0","0.0","0","0.0","0.0","","0","","0","0.0","0.0","","0.00","","0","","","","0","0.0","0","0","0","0","0","0.0","0","","0","0.000","0","","0","","0","","0","0","0.0","0","0.0","","","100.0","","","","0.00","","0.0","0.0","0.0","0.00","0.0"
"328","Dante Pettis","NO","WR","8","2025","5","71.4","17.0","17","37.8","1","0.1","16.7","0.20","0","","0","0.0","0.0","","0.00","","0","","","","0","0.0","0","0","0","0","1","20.0","0","","0","0.000","0","","0","","0","","0","0","0.0","0","39.6","16.7","-11.7","100.0","","","","0.00","","0.0","1.6","0.2","0.32","1.6"
"329","Mecole Hardman","BUF","WR","2","2025","1","100.0","46.0","46","100.0","1","0.5","100.0","1.00","0","","0","0.0","0.0","","0.00","","0","","","","0","0.0","0","0","0","1","1","100.0","0","","0","0.000","0","","0","","0","","0","0","0.0","0","39.6","100.0","-15.0","100.0","","","","0.00","","0.0","2.6","1.3","2.58","2.6"
"330","Tory Horton","SEA","WR","8","2025","8","80.0","0.0","0","0.0","0","0.0","0.0","","0","","0","0.0","0.0","","0.00","","0","","","","0","0.0","0","0","0","0","0","0.0","0","","0","0.000","0","","0","","0","","0","0","0.0","0","0.0","","","100.0","","","","0.00","","0.0","0.0","0.0","0.00","0.0"
"331","Bucky Irving","TB","RB","10","2025","1","100.0","0.0","0","0.0","0","0.0","0.0","","0","","0","0.0","0.0","","0.00","","0","","","","0","0.0","0","0","0","0","0","0.0","0","","0","0.000","0","","0","","0","","0","0","0.0","0","0.0","","","100.0","","","","0.00","","0.0","0.0","0.0","0.00","0.0"
"332","Alvin Kamara","NO","RB","11","2025","3","100.0","0.0","0","0.0","0","0.0","0.0","","0","","0","0.0","0.0","","0.00","","0","","","","0","0.0","0","0","0","0","0","0.0","0","","0","0.000","0","","0","","0","","0","0","0.0","0","0.0","","","100.0","","","","0.00","","0.0","0.0","0.0","0.00","0.0"
"333","Treylon Burks","WAS","WR","8","2025","14","100.0","16.0","16","8.7","1","0.1","7.7","0.07","0","","0","0.0","0.0","","0.00","","0","","","","0","0.0","0","0","0","0","1","11.1","0","","0","0.000","0","","0","","0","","0","0","0.0","0","0.0","9.1","-10.1","100.0","","","","0.00","","0.0","1.8","0.2","0.13","1.8"
"334","Tay Martin","WAS","WR","3","2025","1","100.0","0.0","0","0.0","0","0.0","0.0","","0","","0","0.0","0.0","","0.00","","0","","","","0","0.0","0","0","0","0","0","0.0","0","","0","0.000","0","","0","","0","","0","0","0.0","0","0.0","","","100.0","","","","0.00","","0.0","0.0","0.0","0.00","0.0"
"335","Travis Vokolek","ARZ","TE","3","2025","1","100.0","0.0","0","0.0","0","0.0","0.0","","0","","0","0.0","0.0","","0.00","","0","","","","0","0.0","0","0","0","0","0","0.0","0","","0","0.000","0","","0","","0","","0","0","0.0","0","0.0","","","100.0","","","","0.00","","0.0","0.0","0.0","0.00","0.0"
"336","Tucker Kraft","GB","TE","8","2025","1","33.3","0.0","0","0.0","0","0.0","0.0","","0","","0","0.0","0.0","","0.00","","0","","","","0","0.0","0","0","0","0","0","0.0","0","","0","0.000","0","","0","","0","","0","0","0.0","0","0.0","","","100.0","","","","0.00","","0.0","0.0","0.0","0.00","0.0"
"337","Charlie Woerner","ATL","TE","17","2025","1","50.0","0.0","0","0.0","0","0.0","0.0","","0","","0","0.0","0.0","","0.00","","0","","","","0","0.0","0","0","0","0","0","0.0","0","","0","0.000","0","","0","","0","","0","0","0.0","0","0.0","","","100.0","","","","0.00","","0.0","0.0","0.0","0.00","0.0"
"338","Greg Dulcich","MIA","TE","10","2025","2","66.7","0.0","0","0.0","0","0.0","0.0","","0","","0","0.0","0.0","","0.00","","0","","","","0","0.0","0","0","0","0","0","0.0","0","","0","0.000","0","","0","","0","","0","0","0.0","0","0.0","","","100.0","","","","0.00","","0.0","0.0","0.0","0.00","0.0"
"339","Brevyn Spann-Ford","DAL","TE","17","2025","1","100.0","0.0","0","0.0","0","0.0","0.0","","0","","0","0.0","0.0","","0.00","","0","","","","0","0.0","0","0","0","0","0","0.0","0","","0","0.000","0","","0","","0","","0","0","0.0","0","0.0","","","100.0","","","","0.00","","0.0","0.0","0.0","0.00","0.0"
"340","Michael Mayer","LV","TE","13","2025","4","80.0","0.0","0","0.0","0","0.0","0.0","","0","","0","0.0","0.0","","0.00","","0","","","","0","0.0","0","0","0","0","0","0.0","0","","0","0.000","0","","0","","0","","0","0","0.0","0","0.0","","","100.0","","","","0.00","","0.0","0.0","0.0","0.00","0.0"
"341","Ben Sinnott","WAS","TE","16","2025","1","100.0","0.0","0","0.0","0","0.0","0.0","","0","","0","0.0","0.0","","0.00","","0","","","","0","0.0","0","0","0","0","0","0.0","0","","0","0.000","0","","0","","0","","0","0","0.0","0","0.0","","","100.0","","","","0.00","","0.0","0.0","0.0","0.00","0.0"
"342","Brock Bowers","LV","TE","12","2025","4","80.0","0.0","0","0.0","0","0.0","0.0","","0","","0","0.0","0.0","","0.00","","0","","","","0","0.0","0","0","0","0","0","0.0","0","","0","0.000","0","","0","","0","","0","0","0.0","0","0.0","","","100.0","","","","0.00","","0.0","0.0","0.0","0.00","0.0"
"343","Rico Dowdle","CAR","RB","17","2025","5","100.0","0.0","0","0.0","0","0.0","0.0","","0","","0","0.0","0.0","","0.00","","0","","","","0","0.0","0","0","0","0","0","0.0","0","","0","0.000","0","","0","","0","","0","0","0.0","0","0.0","","","100.0","","","","0.00","","0.0","0.0","0.0","0.00","0.0"
"344","Ja'Tavion Sanders","CAR","TE","13","2025","3","75.0","0.0","0","0.0","0","0.0","0.0","","0","","0","0.0","0.0","","0.00","","0","","","","0","0.0","0","0","0","0","0","0.0","0","","0","0.000","0","","0","","0","","0","0","0.0","0","0.0","","","100.0","","","","0.00","","0.0","0.0","0.0","0.00","0.0"
"345","Tyler Warren","IND","TE","17","2025","8","80.0","-3.0","-3","-6.7","1","0.1","11.1","0.13","0","","0","0.0","0.0","","0.00","","0","","","","0","0.0","0","0","0","0","1","14.3","0","","0","0.000","0","","0","","1","100.0","0","0","0.0","0","39.6","11.1","-5.9","100.0","","","","0.00","","0.0","1.4","0.1","0.17","1.4"
"346","Woody Marks","HST","RB","16","2025","1","100.0","0.0","0","0.0","0","0.0","0.0","","0","","0","0.0","0.0","","0.00","","0","","","","0","0.0","0","0","0","0","0","0.0","0","","0","0.000","0","","0","","0","","0","0","0.0","0","0.0","","","100.0","","","","0.00","","0.0","0.0","0.0","0.00","0.0"
"347","D'Andre Swift","CHI","RB","16","2025","2","66.7","0.0","0","0.0","0","0.0","0.0","","0","","0","0.0","0.0","","0.00","","0","","","","0","0.0","0","0","0","0","0","0.0","0","","0","0.000","0","","0","","0","","0","0","0.0","0","0.0","","","100.0","","","","0.00","","0.0","0.0","0.0","0.00","0.0"
"348","KhaDarel Hodge","ATL","WR","11","2025","9","100.0","18.5","37","47.4","2","0.2","22.2","0.22","0","","0","0.0","0.0","","0.00","","0","","","","0","0.0","0","0","0","1","2","40.0","0","","0","0.000","0","","1","50.0","0","","1","0","0.0","0","39.6","22.2","-11.3","100.0","","","","0.00","","0.0","4.4","0.4","0.49","4.4"
"349","Adam Thielen","PIT, MIN","WR","16","2025","12","70.6","4.0","4","7.5","1","0.1","7.7","0.08","0","","0","0.0","0.0","","0.00","","0","","","","0","0.0","0","0","0","0","1","9.1","0","","0","0.000","0","","1","100.0","0","","1","0","0.0","0","39.6","8.3","-6.0","100.0","","","","0.00","","0.0","1.4","0.1","0.12","1.4"
"350","Gunnar Helm","TEN","TE","16","2025","1","50.0","0.0","0","0.0","0","0.0","0.0","","0","","0","0.0","0.0","","0.00","","0","","","","0","0.0","0","0","0","0","0","0.0","0","","0","0.000","0","","0","","0","","0","0","0.0","0","0.0","","","100.0","","","","0.00","","0.0","0.0","0.0","0.00","0.0"
"351","Beaux Collins","NYG","WR","9","2025","2","100.0","0.0","0","0.0","0","0.0","0.0","","0","","0","0.0","0.0","","0.00","","0","","","","0","0.0","0","0","0","0","0","0.0","0","","0","0.000","0","","0","","0","","0","0","0.0","0","0.0","","","100.0","","","","0.00","","0.0","0.0","0.0","0.00","0.0"
"352","Kameron Johnson","TB","WR","17","2025","2","66.7","0.0","0","0.0","0","0.0","0.0","","0","","0","0.0","0.0","","0.00","","0","","","","0","0.0","0","0","0","0","0","0.0","0","","0","0.000","0","","0","","0","","0","0","0.0","0","0.0","","","100.0","","","","0.00","","0.0","0.0","0.0","0.00","0.0"
"353","Devin Duvernay","CHI","WR","17","2025","1","100.0","0.0","0","0.0","0","0.0","0.0","","0","","0","0.0","0.0","","0.00","","0","","","","0","0.0","0","0","0","0","0","0.0","0","","0","0.000","0","","0","","0","","0","0","0.0","0","0.0","","","100.0","","","","0.00","","0.0","0.0","0.0","0.00","0.0"
"354","Luke Schoonmaker","DAL","TE","17","2025","1","100.0","0.0","0","0.0","0","0.0","0.0","","0","","0","0.0","0.0","","0.00","","0","","","","0","0.0","0","0","0","0","0","0.0","0","","0","0.000","0","","0","","0","","0","0","0.0","0","0.0","","","100.0","","","","0.00","","0.0","0.0","0.0","0.00","0.0"