"Player Details","","","","","","Receiving","","","","","","","","","","","","","","","","","","","","","","","Advanced","","","","","","","","","","","","","","","","","","","","","","","","","","","FPTS","","","","","",""
"Rank","Name","Team","POS","G","Season","RTE","RTE %","aDOT","AY","AY Share","TGT","TGT/G","TGT %","TPRR","REC","CR %","YDS","RecYDS/G","TM YDS %","YPRR","YPT","YPR","YAC","YAC/REC","YACO","YACO/REC","TD","TM TD %","i20 TGT","EZTGT","EZTD","DP TGT","1READ","1READ %","MTF","MTF/REC","1D","1D/RR","DRP","DRP %","CTGT","CTGT %","DESIGN","DESIGN %","CT","CC","CC %","HERO","RATE","THREAT","YPTOE","WIDE RTE %","SLOT RTE %","INLINE RTE %","BACK RTE %","FP/RR","FP/G","FP","XFP","XFP/G","XFP/RR","RecXFP"
"1","Jaxon Smith-Njigba","SEA","WR","17","2025","73","100.0","14.4","532","78.6","37","2.2","55.2","0.51","26","70.3","486","28.6","71.8","6.66","13.14","18.69","118","4.54","58","2.23","2","100.0","1","2","0","9","34","70.8","4","0.15","18","0.247","2","5.4","29","78.4","4","10.8","4","2","50.0","2","119.5","55.2","4.3","100.0","","","","1.19","5.1","86.6","62.1","3.7","0.85","62.1"
"2","George Pickens","DAL","WR","17","2025","82","94.3","13.0","325","49.3","25","1.5","32.1","0.30","19","76.0","289","17.0","47.0","3.52","11.56","15.21","81","4.26","48","2.53","1","50.0","1","1","1","5","20","39.2","3","0.16","13","0.159","0","","21","84.0","0","","8","6","75.0","0","110.3","33.8","3.0","100.0","","","","0.66","3.2","53.9","46.4","2.7","0.57","46.4"
"3","Michael Wilson","ARZ","WR","17","2025","103","100.0","13.6","339","50.9","25","1.5","26.3","0.24","17","68.0","227","13.4","36.3","2.20","9.08","13.35","45","2.65","16","0.94","3","50.0","2","2","1","5","23","40.4","2","0.12","8","0.078","1","4.0","20","80.0","0","","9","6","66.7","1","119.5","28.7","0.4","100.0","","","","0.56","3.4","57.7","49.2","2.9","0.48","49.2"
"4","Alec Pierce","IND","WR","15","2025","73","93.6","17.9","250","46.3","14","0.9","20.3","0.19","10","71.4","221","14.7","36.6","3.03","15.79","22.10","38","3.80","5","0.50","3","100.0","1","2","2","5","13","24.1","0","","8","0.110","0","","11","78.6","0","","5","3","60.0","1","153.3","20.9","5.5","100.0","","","","0.69","3.3","50.1","26.4","1.8","0.36","26.4"
"5","Emeka Egbuka","TB","WR","17","2025","58","90.6","14.4","303","57.5","21","1.2","35.0","0.36","12","57.1","221","13.0","46.1","3.81","10.52","18.42","90","7.50","21","1.75","2","100.0","3","2","1","7","16","41.0","2","0.17","6","0.103","0","","15","71.4","4","19.0","5","2","40.0","1","125.3","37.5","1.5","100.0","","","","0.79","2.7","46.1","38.6","2.3","0.67","38.6"
"6","Chris Olave","NO","WR","16","2025","75","93.8","13.0","299","45.4","23","1.4","31.5","0.31","15","65.2","195","12.2","44.1","2.60","8.48","13.00","72","4.80","12","0.80","2","100.0","3","5","2","5","20","40.0","1","0.07","8","0.107","2","8.7","17","73.9","2","8.7","1","0","0.0","0","102.6","34.8","-0.3","100.0","","","","0.62","2.9","46.5","44.9","2.8","0.60","44.9"
"7","Puka Nacua","LA","WR","16","2025","52","96.3","10.7","193","51.2","18","1.1","36.0","0.35","14","77.8","161","10.1","58.8","3.10","8.94","11.50","63","4.50","17","1.21","0","0.0","1","1","0","4","15","51.7","1","0.07","9","0.173","0","","15","83.3","1","5.6","3","2","66.7","1","103.9","40.9","1.1","100.0","","","","0.58","1.9","30.1","32.7","2.0","0.63","32.7"
"8","Tre Tucker","LV","WR","17","2025","77","93.9","11.7","176","43.0","15","0.9","21.4","0.19","9","60.0","157","9.2","40.3","2.04","10.47","17.44","80","8.89","43","4.78","2","50.0","1","1","0","3","14","29.2","2","0.22","5","0.065","2","13.3","12","80.0","1","6.7","1","1","100.0","0","135.3","22.7","2.4","100.0","","","","0.48","2.2","36.7","25.7","1.5","0.33","25.7"
"9","Marvin Harrison","ARZ","WR","12","2025","54","90.0","16.7","250","67.0","15","1.3","28.3","0.28","8","53.3","151","12.6","34.6","2.80","10.07","18.88","38","4.75","12","1.50","0","0.0","0","2","0","6","13","33.3","0","","5","0.093","3","20.0","11","73.3","1","6.7","3","3","100.0","1","60.7","29.4","0.8","100.0","","","","0.43","1.9","23.1","28.6","2.4","0.53","28.6"
"10","Jameson Williams","DET","WR","17","2025","58","90.6","21.3","256","49.2","12","0.7","19.7","0.21","8","66.7","143","8.4","26.5","2.47","11.92","17.88","24","3.00","3","0.38","1","50.0","0","1","1","5","9","20.9","0","","6","0.103","1","8.3","10","83.3","1","8.3","1","1","100.0","0","135.1","21.1","1.1","100.0","","","","0.49","1.7","28.3","17.7","1.0","0.31","17.7"
"11","Ja'Marr Chase","CIN","WR","16","2025","42","93.3","10.2","112","33.9","11","0.7","26.8","0.26","8","72.7","140","8.8","39.8","3.33","12.73","17.50","71","8.88","20","2.50","1","25.0","1","1","0","2","11","37.9","2","0.25","5","0.119","0","","8","72.7","3","27.3","0","0","0.0","0","145.1","29.7","4.7","100.0","","","","0.67","1.8","28.0","20.4","1.3","0.49","20.4"
"12","Romeo Doubs","GB","WR","16","2025","45","93.8","13.5","148","40.9","11","0.7","26.2","0.24","10","90.9","132","8.3","35.8","2.93","12.00","13.20","27","2.70","9","0.90","0","0.0","0","0","0","2","10","38.5","1","0.10","7","0.156","0","","10","90.9","1","9.1","2","2","100.0","0","116.7","28.9","3.2","100.0","","","","0.52","1.5","23.2","19.1","1.2","0.43","19.1"
"13","Nico Collins","HST","WR","15","2025","44","97.8","16.6","232","80.3","14","0.9","35.0","0.32","7","50.0","130","8.7","68.4","2.95","9.29","18.57","13","1.86","4","0.57","0","0.0","1","1","0","5","13","44.8","0","","6","0.136","0","","7","50.0","0","","3","3","100.0","0","82.4","37.8","-0.2","100.0","","","","0.45","1.3","20.0","23.6","1.6","0.54","23.6"
"14","Drake London","ATL","WR","12","2025","34","91.9","9.0","126","68.1","14","1.2","38.9","0.41","12","85.7","128","10.7","52.7","3.76","9.14","10.67","27","2.25","11","0.92","0","0.0","1","0","0","0","13","56.5","0","","7","0.206","0","","12","85.7","0","","1","1","100.0","0","75.0","41.2","1.3","100.0","","","","0.73","2.1","24.8","20.8","1.7","0.61","20.8"
"15","Tee Higgins","CIN","WR","15","2025","51","89.5","21.3","213","58.4","10","0.7","18.9","0.20","6","60.0","127","8.5","31.8","2.49","12.70","21.17","17","2.83","4","0.67","3","75.0","2","2","2","6","10","29.4","0","","6","0.118","0","","7","70.0","0","","6","4","66.7","3","143.8","21.3","2.0","100.0","","","","0.72","2.4","36.7","21.7","1.4","0.42","21.7"
"16","Jaylen Waddle","MIA","WR","16","2025","36","100.0","16.6","166","58.9","10","0.6","30.3","0.28","7","70.0","123","7.7","39.8","3.42","12.30","17.57","27","3.86","20","2.86","2","100.0","1","2","1","4","9","42.9","2","0.29","6","0.167","0","","7","70.0","0","","1","1","100.0","0","111.7","31.3","2.9","100.0","","","","0.87","2.0","31.3","17.5","1.1","0.49","17.5"
"17","Rome Odunze","CHI","WR","12","2025","28","96.6","19.1","191","58.8","10","0.8","37.0","0.36","5","50.0","116","9.7","53.2","4.14","11.60","23.20","37","7.40","24","4.80","0","0.0","0","0","0","6","6","42.9","3","0.60","5","0.179","0","","6","60.0","0","","3","2","66.7","0","92.1","40.0","1.2","100.0","","","","0.59","1.4","16.6","18.0","1.5","0.64","18.0"
"18","Jayden Higgins","HST","WR","17","2025","36","97.3","17.4","122","36.7","7","0.4","20.0","0.19","5","71.4","115","6.8","35.1","3.19","16.43","23.00","44","8.80","5","1.00","1","100.0","1","1","0","3","7","25.0","0","","4","0.111","0","","5","71.4","0","","1","1","100.0","0","153.3","20.6","6.8","100.0","","","","0.63","1.3","22.5","17.4","1.0","0.48","17.4"
"19","Brian Thomas","JAX","WR","14","2025","48","92.3","12.3","123","29.4","10","0.7","22.7","0.21","6","60.0","114","8.1","39.0","2.38","11.40","19.00","30","5.00","8","1.33","0","0.0","0","0","0","1","10","32.3","2","0.33","4","0.083","0","","7","70.0","0","","1","0","0.0","0","99.6","23.8","3.0","100.0","","","","0.36","1.2","17.4","17.8","1.3","0.37","17.8"
"20","Jakobi Meyers","JAX, LV","WR","16","2025","55","94.8","9.5","114","25.2","12","0.8","22.6","0.22","10","83.3","114","7.1","22.9","2.07","9.50","11.40","29","2.90","13","1.30","0","0.0","2","1","0","1","10","27.0","2","0.20","6","0.109","0","","11","91.7","1","8.3","0","0","0.0","0","106.3","23.5","1.4","100.0","","","","0.37","1.3","20.4","19.3","1.2","0.35","19.3"
"21","DJ Moore","CHI","WR","17","2025","39","95.1","22.6","158","38.2","7","0.4","17.9","0.18","5","71.4","112","6.6","29.8","2.87","16.00","22.40","13","2.60","5","1.00","2","66.7","0","2","2","3","6","26.1","1","0.20","4","0.103","1","14.3","6","85.7","0","","3","3","100.0","0","153.3","19.4","5.6","100.0","","","","0.72","1.7","28.2","15.5","0.9","0.40","15.5"
"22","Jahan Dotson","PHI","WR","17","2025","53","94.6","18.6","149","46.4","8","0.5","18.6","0.15","6","75.0","112","6.6","29.9","2.11","14.00","18.67","16","2.67","10","1.67","0","0.0","1","0","0","3","6","24.0","0","","4","0.075","0","","6","75.0","0","","1","1","100.0","0","77.1","19.5","4.4","100.0","","","","0.32","1.0","17.2","14.7","0.9","0.28","14.7"
"23","Adonai Mitchell","IND, NYJ","WR","16","2025","32","91.4","10.9","120","53.3","11","0.7","36.7","0.34","8","72.7","109","6.8","55.3","3.41","9.91","13.63","2","0.25","2","0.25","1","100.0","0","0","0","2","9","37.5","0","","3","0.094","0","","8","72.7","1","9.1","0","0","0.0","0","96.4","37.9","2.1","100.0","","","","0.78","1.6","24.9","15.2","1.0","0.48","15.2"
"24","A.J. Brown","PHI","WR","15","2025","67","93.1","10.4","177","42.1","17","1.1","27.4","0.25","9","52.9","108","7.2","27.1","1.61","6.35","12.00","44","4.89","33","3.67","0","0.0","1","0","0","1","15","36.6","2","0.22","4","0.060","0","","13","76.5","0","","4","0","0.0","0","72.7","28.8","-1.8","100.0","","","","0.30","1.3","19.8","28.7","1.9","0.43","28.7"
"25","Malik Nabers","NYG","WR","4","2025","12","92.3","20.0","120","66.7","6","1.5","46.2","0.50","5","83.3","105","26.3","69.5","8.75","17.50","21.00","12","2.40","6","1.20","2","100.0","0","2","2","2","6","66.7","2","0.40","3","0.250","0","","5","83.3","0","","1","1","100.0","1","158.3","46.2","7.5","100.0","","","","2.29","6.9","27.5","14.1","3.5","1.18","14.1"
"26","Mike Evans","TB","WR","8","2025","22","81.5","18.0","162","64.0","9","1.1","37.5","0.41","5","55.6","104","13.0","51.5","4.73","11.56","20.80","10","2.00","5","1.00","0","0.0","1","0","0","3","8","50.0","0","","4","0.182","0","","6","66.7","0","","3","2","66.7","0","56.9","37.5","1.5","100.0","","","","0.70","1.9","15.4","23.2","2.9","1.05","23.2"
"27","Tetairoa McMillan","CAR","WR","17","2025","82","93.2","10.2","133","36.7","13","0.8","16.3","0.16","10","76.9","99","5.8","21.3","1.21","7.62","9.90","7","0.70","5","0.50","1","33.3","2","1","1","1","10","20.4","1","0.10","6","0.073","0","","10","76.9","1","7.7","1","1","100.0","0","91.5","18.6","-0.6","100.0","","","","0.32","1.5","25.9","20.4","1.2","0.25","20.4"
"28","Christian Watson","GB","WR","10","2025","27","96.4","25.3","152","45.8","6","0.6","25.0","0.22","4","66.7","98","9.8","36.0","3.63","16.33","24.50","17","4.25","1","0.25","1","50.0","1","0","0","4","4","30.8","0","","3","0.111","0","","4","66.7","0","","0","0","0.0","0","109.7","26.1","5.1","100.0","","","","0.73","2.0","19.8","12.3","1.2","0.46","12.3"
"29","DK Metcalf","PIT","WR","15","2025","49","89.1","8.0","80","32.4","10","0.7","19.2","0.20","8","80.0","97","6.5","24.8","1.98","9.70","12.13","55","6.88","24","3.00","0","0.0","1","0","0","1","8","21.6","1","0.13","4","0.082","0","","9","90.0","2","20.0","0","0","0.0","0","107.1","20.4","2.1","100.0","","","","0.36","1.2","17.7","17.0","1.1","0.35","17.0"
"30","Michael Pittman","IND","WR","17","2025","55","90.2","11.4","125","30.2","11","0.6","20.0","0.20","10","90.9","96","5.6","22.3","1.75","8.73","9.60","9","0.90","8","0.80","0","0.0","0","0","0","1","7","16.3","0","","8","0.145","0","","10","90.9","0","","1","1","100.0","0","103.0","20.4","0.7","100.0","","","","0.36","1.2","19.6","19.1","1.1","0.35","19.1"
"31","Ryan Flournoy","DAL","WR","15","2025","28","96.6","8.5","68","38.4","8","0.5","29.6","0.29","6","75.0","95","6.3","41.9","3.39","11.88","15.83","44","7.33","16","2.67","0","0.0","1","0","0","1","7","38.9","1","0.17","4","0.143","1","12.5","7","87.5","1","12.5","0","0","0.0","0","114.1","32.0","4.2","100.0","","","","0.55","1.0","15.5","12.3","0.8","0.44","12.3"
"32","Kayshon Boutte","NE","WR","14","2025","31","88.6","21.9","153","38.8","7","0.5","24.1","0.23","5","71.4","94","6.7","30.7","3.03","13.43","18.80","1","0.20","1","0.20","1","50.0","0","3","1","3","7","31.8","0","","3","0.097","0","","5","71.4","0","","3","3","100.0","0","153.3","24.1","2.3","100.0","","","","0.66","1.5","20.4","14.2","1.0","0.46","14.2"
"33","Xavier Worthy","KC","WR","14","2025","55","87.3","10.1","111","54.4","11","0.8","21.6","0.20","8","72.7","86","6.1","28.6","1.56","7.82","10.75","37","4.63","1","0.13","0","0.0","2","0","0","1","10","27.0","0","","4","0.073","0","","9","81.8","2","18.2","1","0","0.0","0","95.3","23.9","-0.9","100.0","","","","0.30","1.2","16.6","21.4","1.5","0.39","21.4"
"34","Darnell Mooney","ATL","WR","15","2025","37","94.9","14.5","87","36.9","6","0.4","16.2","0.16","4","66.7","80","5.3","25.6","2.16","13.33","20.00","16","4.00","4","1.00","1","100.0","0","0","0","1","6","25.0","0","","3","0.081","0","","5","83.3","1","16.7","1","0","0.0","0","149.3","16.7","4.2","100.0","","","","0.49","1.2","18.0","12.0","0.8","0.32","12.0"
"35","Jalen Coker","CAR","WR","11","2025","22","88.0","12.0","60","75.9","5","0.5","21.7","0.23","5","100.0","74","6.7","41.3","3.36","14.80","14.80","14","2.80","4","0.80","1","100.0","0","0","0","1","4","25.0","1","0.20","2","0.091","0","","5","100.0","0","","1","1","100.0","0","158.3","22.7","6.7","100.0","","","","0.84","1.7","18.4","8.1","0.7","0.37","8.1"
"36","CeeDee Lamb","DAL","WR","14","2025","53","100.0","15.9","271","58.5","17","1.2","36.2","0.32","8","47.1","74","5.3","21.8","1.40","4.35","9.25","26","3.25","12","1.50","1","50.0","2","3","1","6","13","44.8","1","0.13","3","0.057","0","","11","64.7","1","5.9","3","0","0.0","1","54.5","37.8","-5.0","100.0","","","","0.40","1.5","21.4","32.4","2.3","0.61","32.4"
"37","Jordan Addison","MIN","WR","14","2025","47","92.2","11.3","136","44.3","12","0.9","24.5","0.26","8","66.7","71","5.1","28.5","1.51","5.92","8.88","16","2.00","6","0.75","0","0.0","1","2","0","2","11","31.4","1","0.13","4","0.085","0","","8","66.7","0","","1","1","100.0","0","82.3","26.7","-2.3","100.0","","","","0.32","1.1","15.1","21.0","1.5","0.45","21.0"
"38","Oronde Gadsden","LAC","TE","15","2025","9","81.8","19.0","57","85.1","3","0.2","33.3","0.33","3","100.0","69","4.6","40.4","7.67","23.00","23.00","12","4.00","5","1.67","0","0.0","0","0","0","2","1","16.7","0","","3","0.333","0","","3","100.0","0","","0","0","0.0","1","118.8","33.3","11.4","100.0","","","","1.10","0.7","9.9","5.5","0.4","0.61","5.5"
"39","Parker Washington","JAX","WR","16","2025","31","91.2","19.1","134","41.5","7","0.4","21.2","0.23","4","57.1","67","4.2","26.5","2.16","9.57","16.75","7","1.75","2","0.50","0","0.0","1","0","0","3","7","28.0","0","","3","0.097","0","","4","57.1","0","","2","2","100.0","0","89.6","21.9","0.3","100.0","","","","0.35","0.7","10.7","11.4","0.7","0.37","11.4"
"40","Josh Palmer","BUF","WR","12","2025","16","94.1","22.3","89","40.8","4","0.3","25.0","0.25","3","75.0","66","5.5","47.1","4.13","16.50","22.00","4","1.33","4","1.33","0","0.0","1","1","0","2","4","36.4","0","","1","0.063","0","","3","75.0","0","","2","2","100.0","0","116.7","26.7","5.6","100.0","","","","0.60","0.8","9.6","6.6","0.5","0.41","6.6"
"41","Brandin Cooks","NO, BUF","WR","15","2025","35","85.4","14.5","87","42.0","6","0.4","17.1","0.17","5","83.3","64","4.3","26.8","1.83","10.67","12.80","16","3.20","9","1.80","0","0.0","0","0","0","3","4","18.2","0","","3","0.086","0","","5","83.3","1","16.7","1","1","100.0","0","111.1","19.4","1.5","100.0","","","","0.33","0.8","11.4","8.5","0.6","0.24","8.5"
"42","Amon-Ra St. Brown","DET","WR","17","2025","25","80.6","15.1","106","40.9","7","0.4","24.1","0.28","5","71.4","63","3.7","24.1","2.52","9.00","12.60","25","5.00","7","1.40","1","50.0","2","2","1","2","6","27.3","0","","3","0.120","1","14.3","6","85.7","0","","0","0","0.0","0","138.7","25.9","-0.3","100.0","","","","0.69","1.0","17.3","14.2","0.8","0.57","14.2"
"43","Rashid Shaheed","NO, SEA","WR","18","2025","60","100.0","13.3","160","36.9","12","0.7","22.6","0.20","6","50.0","62","3.4","15.9","1.03","5.17","10.33","19","3.17","6","1.00","0","0.0","0","0","0","3","10","25.6","1","0.17","2","0.033","0","","7","58.3","2","16.7","1","0","0.0","0","65.3","23.5","-4.0","100.0","","","","0.19","0.6","11.2","22.8","1.3","0.38","22.8"
"44","Deebo Samuel","WAS","WR","16","2025","16","94.1","7.9","55","38.5","7","0.4","46.7","0.44","6","85.7","62","3.9","67.4","3.88","8.86","10.33","17","2.83","7","1.17","0","0.0","1","0","0","0","3","33.3","0","","3","0.188","0","","6","85.7","2","28.6","1","1","100.0","0","103.6","50.0","0.9","100.0","","","","0.76","0.8","12.2","11.3","0.7","0.71","11.3"
"45","Quentin Johnston","LAC","WR","14","2025","58","89.2","19.7","177","44.3","9","0.6","16.4","0.16","5","55.6","61","4.4","14.4","1.05","6.78","12.20","11","2.20","5","1.00","1","100.0","1","1","1","5","7","19.4","3","0.60","3","0.052","0","","7","77.8","1","11.1","3","1","33.3","0","113.7","16.7","-3.0","100.0","","","","0.29","1.2","17.1","19.7","1.4","0.34","19.7"
"46","Mack Hollins","NE","WR","15","2025","30","93.8","16.8","202","49.3","12","0.8","44.4","0.40","7","58.3","60","4.0","35.5","2.00","5.00","8.57","0","","-1","-0.14","0","0.0","1","2","0","3","10","47.6","0","","3","0.100","1","8.3","10","83.3","0","","5","3","60.0","0","36.8","44.4","-4.3","100.0","","","","0.43","0.9","13.0","21.0","1.4","0.70","21.0"
"47","Stefon Diggs","NE","WR","17","2025","18","94.7","10.0","40","33.1","4","0.2","23.5","0.22","4","100.0","58","3.4","30.1","3.22","14.50","14.50","18","4.50","14","3.50","0","0.0","0","0","0","1","3","27.3","1","0.25","3","0.167","0","","4","100.0","0","","1","1","100.0","0","118.8","23.5","6.7","100.0","","","","0.54","0.6","9.8","7.2","0.4","0.40","7.2"
"48","Demarcus Robinson","SF","WR","14","2025","30","83.3","18.2","91","38.7","5","0.4","14.7","0.17","3","60.0","58","4.1","27.8","1.93","11.60","19.33","15","5.00","4","1.33","0","0.0","0","1","0","2","5","22.7","2","0.67","3","0.100","1","20.0","5","100.0","0","","1","1","100.0","0","100.4","15.2","1.2","100.0","","","","0.29","0.6","8.8","8.6","0.6","0.29","8.6"
"49","Justin Jefferson","MIN","WR","17","2025","39","92.9","8.6","103","47.5","12","0.7","29.3","0.31","7","58.3","57","3.4","32.8","1.46","4.75","8.14","31","4.43","7","1.00","0","0.0","1","1","0","1","10","33.3","1","0.14","3","0.077","0","","8","66.7","3","25.0","2","1","50.0","1","70.5","32.4","-3.0","100.0","","","","0.33","0.7","12.7","21.6","1.3","0.55","21.6"
"50","Luther Burden","CHI","WR","15","2025","19","100.0","9.4","47","21.8","5","0.3","26.3","0.26","4","80.0","56","3.7","41.8","2.95","11.20","14.00","27","6.75","14","3.50","0","0.0","1","0","0","0","4","44.4","2","0.50","2","0.105","0","","4","80.0","2","40.0","0","0","0.0","0","113.3","31.3","2.5","100.0","","","","0.51","0.6","9.6","8.8","0.6","0.47","8.8"
"51","Kyle Williams","NE","WR","17","2025","20","90.9","24.8","124","57.7","5","0.3","27.8","0.25","3","60.0","56","3.3","31.1","2.80","11.20","18.67","14","4.67","1","0.33","1","100.0","0","1","1","3","4","26.7","0","","2","0.100","0","","3","60.0","0","","0","0","0.0","0","138.3","27.8","-0.2","100.0","","","","0.73","0.9","14.6","9.2","0.5","0.46","9.2"
"52","Courtland Sutton","DEN","WR","17","2025","67","87.0","11.0","110","20.2","10","0.6","13.7","0.15","6","60.0","55","3.2","12.9","0.82","5.50","9.17","21","3.50","2","0.33","2","50.0","3","3","1","2","7","15.2","0","","4","0.060","0","","7","70.0","0","","5","4","80.0","0","114.6","14.7","-2.1","100.0","","","","0.35","1.4","23.5","21.8","1.3","0.32","21.8"
"53","Tre Harris","LAC","WR","17","2025","29","96.7","2.4","12","15.6","5","0.3","19.2","0.17","5","100.0","55","3.2","33.7","1.90","11.00","11.00","43","8.60","14","2.80","0","0.0","1","0","0","0","4","28.6","1","0.20","2","0.069","0","","5","100.0","3","60.0","0","0","0.0","0","112.5","20.0","4.5","100.0","","","","0.36","0.6","10.5","7.9","0.5","0.27","7.9"
"54","Troy Franklin","DEN","WR","17","2025","50","94.3","19.2","192","49.5","10","0.6","21.7","0.20","5","50.0","54","3.2","20.6","1.08","5.40","10.80","9","1.80","3","0.60","0","0.0","2","1","0","3","7","25.9","2","0.40","3","0.060","1","10.0","6","60.0","1","10.0","1","1","100.0","0","66.3","22.7","-5.0","100.0","","","","0.21","0.6","10.4","21.9","1.3","0.44","21.9"
"55","Pat Bryant","DEN","WR","15","2025","17","100.0","12.3","37","21.6","3","0.2","18.8","0.18","2","66.7","53","3.5","52.0","3.12","17.67","26.50","21","10.50","9","4.50","0","0.0","0","0","0","1","3","25.0","0","","1","0.059","0","","3","100.0","0","","2","1","50.0","0","109.7","21.4","9.8","100.0","","","","0.43","0.5","7.3","4.9","0.3","0.29","4.9"
"56","Kendrick Bourne","SF","WR","16","2025","50","94.3","9.4","66","18.6","7","0.4","14.3","0.14","4","57.1","52","3.3","17.3","1.04","7.43","13.00","16","4.00","8","2.00","0","0.0","0","0","0","0","6","18.8","0","","4","0.080","2","28.6","6","85.7","0","","0","0","0.0","0","80.7","14.6","-0.6","100.0","","","","0.18","0.6","9.2","10.4","0.7","0.21","10.4"
"57","Marquise Brown","KC","WR","16","2025","39","92.9","7.2","43","16.7","6","0.4","17.1","0.15","6","100.0","52","3.3","19.9","1.33","8.67","8.67","9","1.50","3","0.50","0","0.0","0","0","0","0","5","20.8","0","","3","0.077","0","","6","100.0","1","16.7","1","1","100.0","0","102.8","18.2","1.4","100.0","","","","0.29","0.7","11.2","9.8","0.6","0.25","9.8"
"58","Xavier Legette","CAR","WR","15","2025","40","95.2","11.5","126","51.4","11","0.7","31.4","0.28","4","36.4","51","3.4","22.8","1.28","4.64","12.75","2","0.50","-1","-0.25","1","50.0","1","1","1","2","8","44.4","0","","1","0.025","0","","8","72.7","1","9.1","3","1","33.3","0","82.0","34.4","-3.7","100.0","","","","0.38","1.0","15.1","18.0","1.2","0.45","18.0"
"59","Luke McCaffrey","WAS","WR","9","2025","7","87.5","41.0","82","87.2","2","0.2","33.3","0.29","1","50.0","50","5.6","69.4","7.14","25.00","50.00","2","2.00","","","0","0.0","0","0","0","2","2","40.0","0","","1","0.143","0","","1","50.0","0","","1","1","100.0","1","95.8","33.3","10.5","100.0","","","","0.86","0.7","6.0","4.5","0.5","0.64","4.5"
"60","Davante Adams","LA","WR","14","2025","46","92.0","16.1","193","48.3","12","0.9","25.5","0.26","4","33.3","49","3.5","17.4","1.07","4.08","12.25","8","2.00","2","0.50","0","0.0","1","0","0","3","11","28.9","0","","2","0.043","1","8.3","6","50.0","0","","1","0","0.0","0","12.2","26.7","-5.1","100.0","","","","0.19","0.6","8.9","25.2","1.8","0.55","25.2"
"61","Zay Jones","ARZ","WR","8","2025","25","96.2","19.5","39","27.9","2","0.3","8.0","0.08","2","100.0","48","6.0","25.4","1.92","24.00","24.00","9","4.50","5","2.50","0","0.0","0","0","0","1","1","7.7","0","","2","0.080","0","","2","100.0","0","","0","0","0.0","0","118.8","8.7","12.6","100.0","","","","0.27","0.9","6.8","4.5","0.6","0.18","4.5"
"62","Ricky Pearsall","SF","WR","9","2025","36","87.8","10.4","83","43.2","8","0.9","21.6","0.22","6","75.0","47","5.2","19.8","1.31","5.88","7.83","23","3.83","5","0.83","0","0.0","0","0","0","1","7","25.9","0","","2","0.056","0","","6","75.0","1","12.5","0","0","0.0","0","49.5","22.9","-2.6","100.0","","","","0.30","1.2","10.7","12.1","1.3","0.34","12.1"
"63","Keon Coleman","BUF","WR","13","2025","25","89.3","23.8","119","56.4","5","0.4","21.7","0.20","2","40.0","47","3.6","29.2","1.88","9.40","23.50","2","1.00","","","1","33.3","0","1","0","3","4","25.0","0","","2","0.080","1","20.0","4","80.0","1","20.0","1","1","100.0","0","114.2","25.0","-1.3","100.0","","","","0.51","1.0","12.7","6.8","0.5","0.27","6.8"
"64","Xavier Hutchinson","HST","WR","17","2025","46","97.9","9.0","45","13.2","5","0.3","12.5","0.11","4","80.0","47","2.8","17.7","1.02","9.40","11.75","19","4.75","17","4.25","0","0.0","0","0","0","0","5","17.2","1","0.25","2","0.043","0","","4","80.0","0","","0","0","0.0","0","105.8","13.2","1.6","100.0","","","","0.19","0.5","8.7","7.8","0.5","0.17","7.8"
"65","Zay Flowers","BLT","WR","17","2025","26","92.9","11.3","79","79.8","7","0.4","31.8","0.27","5","71.4","47","2.8","37.9","1.81","6.71","9.40","2","0.40","1","0.20","0","0.0","0","0","0","2","3","27.3","1","0.20","2","0.077","1","14.3","7","100.0","1","14.3","1","0","0.0","0","50.0","36.8","-2.1","100.0","","","","0.37","0.6","9.7","10.3","0.6","0.40","10.3"
"66","Rashee Rice","KC","WR","8","2025","18","85.7","10.7","32","61.5","3","0.4","17.6","0.17","3","100.0","47","5.9","39.5","2.61","15.67","15.67","15","5.00","4","1.33","0","0.0","0","0","0","0","3","33.3","0","","3","0.167","0","","3","100.0","0","","0","0","0.0","0","118.8","23.1","7.4","100.0","","","","0.43","1.0","7.7","8.2","1.0","0.45","8.2"
"67","Jauan Jennings","SF","WR","15","2025","55","83.3","17.4","122","35.0","7","0.5","12.3","0.13","4","57.1","45","3.0","10.6","0.82","6.43","11.25","7","1.75","3","0.75","0","0.0","0","0","0","3","6","16.7","0","","2","0.036","1","14.3","5","71.4","0","","1","1","100.0","0","36.9","13.0","-3.3","100.0","","","","0.15","0.6","8.5","11.6","0.8","0.21","11.6"
"68","Isaiah Williams","NYJ","WR","15","2025","13","86.7","0.8","5","16.1","6","0.4","46.2","0.46","6","100.0","44","2.9","55.7","3.38","7.33","7.33","39","6.50","9","1.50","0","0.0","0","0","0","0","5","45.5","0","","2","0.154","0","","6","100.0","4","66.7","1","1","100.0","0","97.2","46.2","1.4","100.0","","","","0.80","0.7","10.4","10.3","0.7","0.79","10.3"
"69","Khalil Shakir","BUF","WR","16","2025","11","78.6","-0.8","-4","-19.0","5","0.3","35.7","0.45","5","100.0","44","2.8","40.0","4.00","8.80","8.80","48","9.60","13","2.60","0","0.0","3","0","0","0","3","33.3","1","0.20","2","0.182","0","","5","100.0","2","40.0","0","0","0.0","0","103.3","38.5","3.7","100.0","","","","0.85","0.6","9.4","7.3","0.5","0.67","7.3"
"70","Travis Hunter","JAX","WR","7","2025","9","90.0","31.5","63","64.3","2","0.3","25.0","0.22","1","50.0","44","6.3","77.2","4.89","22.00","44.00","1","1.00","1","1.00","0","0.0","1","1","0","2","1","14.3","0","","1","0.111","0","","1","50.0","0","","1","1","100.0","1","95.8","25.0","9.1","100.0","","","","0.60","0.8","5.4","6.0","0.9","0.67","6.0"
"71","Brashard Smith","KC","RB","17","2025","7","87.5","-3.2","-19","65.5","6","0.4","75.0","0.86","6","100.0","44","2.6","118.9","6.29","7.33","7.33","63","10.50","11","1.83","0","0.0","1","0","0","0","6","85.7","1","0.17","2","0.286","0","","6","100.0","6","100.0","0","0","0.0","0","97.2","75.0","1.2","100.0","","","","1.49","0.6","10.4","9.8","0.6","1.41","9.8"
"72","Dontayvion Wicks","GB","WR","14","2025","16","88.9","7.5","30","29.1","4","0.3","25.0","0.25","3","75.0","44","3.1","25.4","2.75","11.00","14.67","18","6.00","10","3.33","0","0.0","1","0","0","0","3","27.3","0","","2","0.125","1","25.0","4","100.0","0","","2","1","50.0","0","110.4","28.6","3.5","100.0","","","","0.46","0.5","7.4","5.9","0.4","0.37","5.9"
"73","Jaylin Noel","HST","WR","17","2025","10","100.0","15.5","31","41.9","2","0.1","20.0","0.20","2","100.0","42","2.5","42.0","4.20","21.00","21.00","11","5.50","4","2.00","0","0.0","0","0","0","1","1","12.5","0","","1","0.100","0","","2","100.0","0","","0","0","0.0","0","118.8","22.2","12.2","100.0","","","","0.62","0.4","6.2","4.9","0.3","0.49","4.9"
"74","Jahmyr Gibbs","DET","RB","17","2025","4","100.0","-4.0","-8","-29.6","2","0.1","50.0","0.50","2","100.0","42","2.5","100.0","10.50","21.00","21.00","50","25.00","2","1.00","0","0.0","0","0","0","0","2","66.7","3","1.50","1","0.250","0","","2","100.0","2","100.0","0","0","0.0","0","118.8","50.0","15.4","100.0","","","","1.55","0.4","6.2","3.0","0.2","0.74","3.0"
"75","Devaughn Vele","NO","WR","13","2025","36","94.7","17.2","103","29.8","6","0.5","17.1","0.17","4","66.7","42","3.2","20.4","1.17","7.00","10.50","7","1.75","","","0","0.0","0","0","0","2","4","16.7","0","","3","0.083","0","","4","66.7","0","","1","1","100.0","0","86.8","17.6","-2.5","100.0","","","","0.23","0.6","8.2","12.4","1.0","0.35","12.4"
"76","Garrett Wilson","NYJ","WR","7","2025","14","100.0","11.1","78","83.0","7","1.0","58.3","0.50","3","42.9","40","5.7","70.2","2.86","5.71","13.33","5","1.67","","","0","0.0","0","0","0","0","7","87.5","0","","2","0.143","2","28.6","5","71.4","0","","0","0","0.0","0","22.0","63.6","-2.9","100.0","","","","0.50","1.0","7.0","12.1","1.7","0.87","12.1"
"77","Wan'Dale Robinson","NYG","WR","16","2025","20","90.9","9.5","57","35.8","6","0.4","33.3","0.30","5","83.3","39","2.4","41.9","1.95","6.50","7.80","7","1.40","1","0.20","0","0.0","0","0","0","1","6","40.0","0","","2","0.100","0","","5","83.3","1","16.7","0","0","0.0","0","93.8","37.5","-1.2","100.0","","","","0.45","0.6","8.9","13.1","0.8","0.66","13.1"
"78","Terry McLaurin","WAS","WR","10","2025","22","91.7","8.2","41","51.9","5","0.5","27.8","0.23","4","80.0","37","3.7","33.3","1.68","7.40","9.25","3","0.75","","","0","0.0","0","0","0","0","2","22.2","0","","4","0.182","0","","4","80.0","0","","1","1","100.0","0","97.5","33.3","-0.1","100.0","","","","0.35","0.8","7.7","7.1","0.7","0.32","7.1"
"79","Isaac TeSlaa","DET","WR","17","2025","31","96.9","15.8","63","24.1","4","0.2","12.5","0.13","3","75.0","36","2.1","13.7","1.16","9.00","12.00","4","1.33","1","0.33","1","50.0","1","1","0","1","4","19.0","0","","2","0.065","0","","3","75.0","0","","2","2","100.0","0","141.7","14.3","-0.6","100.0","","","","0.41","0.7","12.6","7.0","0.4","0.23","7.0"
"80","Calvin Austin","PIT","WR","14","2025","21","80.8","7.3","29","28.7","4","0.3","17.4","0.19","4","100.0","35","2.5","24.0","1.67","8.75","8.75","6","1.50","1","0.25","0","0.0","0","0","0","0","4","23.5","0","","2","0.095","0","","4","100.0","0","","2","2","100.0","0","103.1","19.0","1.5","100.0","","","","0.36","0.5","7.5","7.4","0.5","0.35","7.4"
"81","KeAndre Lambert-Smith","LAC","WR","10","2025","12","92.3","13.0","52","65.8","4","0.4","36.4","0.33","3","75.0","35","3.5","44.3","2.92","8.75","11.67","12","4.00","3","1.00","1","100.0","2","1","1","2","4","50.0","0","","2","0.167","0","","3","75.0","1","25.0","1","1","100.0","0","140.6","40.0","-0.1","100.0","","","","1.04","1.3","12.5","7.4","0.7","0.62","7.4"
"82","Dyami Brown","JAX","WR","14","2025","19","82.6","16.0","96","43.6","6","0.4","30.0","0.32","4","66.7","34","2.4","25.4","1.79","5.67","8.50","0","","-1","-0.25","0","0.0","0","0","0","1","6","37.5","0","","2","0.105","1","16.7","5","83.3","1","16.7","1","1","100.0","0","81.3","31.6","-4.0","100.0","","","","0.39","0.5","7.4","11.7","0.8","0.61","11.7"
"83","JuJu Smith-Schuster","KC","WR","17","2025","23","79.3","6.7","20","15.2","3","0.2","13.6","0.13","3","100.0","33","1.9","23.1","1.43","11.00","11.00","13","4.33","4","1.33","0","0.0","0","0","0","0","2","12.5","0","","1","0.043","0","","3","100.0","0","","1","1","100.0","0","112.5","15.0","4.1","100.0","","","","0.27","0.4","6.3","6.0","0.4","0.26","6.0"
"84","Brycen Tremayne","CAR","WR","16","2025","17","100.0","9.8","39","33.6","4","0.3","28.6","0.24","3","75.0","33","2.1","26.8","1.94","8.25","11.00","7","2.33","3","1.00","0","0.0","0","0","0","0","4","36.4","0","","2","0.118","0","","3","75.0","0","","1","1","100.0","1","99.0","30.8","0.4","100.0","","","","0.37","0.4","6.3","6.4","0.4","0.38","6.4"
"85","Marvin Mims","DEN","WR","15","2025","26","86.7","28.8","144","70.9","5","0.3","18.5","0.19","2","40.0","31","2.1","22.6","1.19","6.20","15.50","18","9.00","8","4.00","0","0.0","0","0","0","3","4","21.1","1","0.50","1","0.038","0","","2","40.0","1","20.0","1","0","0.0","0","61.3","20.0","-5.9","100.0","","","","0.20","0.3","5.1","10.3","0.7","0.40","10.3"
"86","Jalen Brooks","ARZ, DAL","WR","6","2025","14","100.0","11.3","34","31.8","3","0.5","21.4","0.21","2","66.7","31","5.2","36.9","2.21","10.33","15.50","2","1.00","","","0","0.0","0","0","0","0","2","28.6","0","","2","0.143","1","33.3","3","100.0","0","","0","0","0.0","0","100.7","27.3","1.8","100.0","","","","0.36","0.9","5.1","4.6","0.8","0.33","4.6"
"87","Konata Mumpfield","LA","WR","17","2025","28","96.6","10.1","71","33.3","7","0.4","25.0","0.25","4","57.1","31","1.8","16.7","1.11","4.43","7.75","1","0.25","1","0.25","0","0.0","3","0","0","1","4","30.8","0","","2","0.071","1","14.3","6","85.7","0","","5","3","60.0","0","68.2","28.0","-2.8","100.0","","","","0.25","0.4","7.1","11.8","0.7","0.42","11.8"
"88","DeVonta Smith","PHI","WR","17","2025","31","93.9","14.6","102","46.2","7","0.4","26.9","0.23","4","57.1","30","1.8","34.1","0.97","4.29","7.50","11","2.75","10","2.50","0","0.0","1","2","0","2","7","36.8","1","0.25","1","0.032","0","","4","57.1","0","","0","0","0.0","0","28.0","28.0","-4.2","100.0","","","","0.23","0.4","7.0","12.3","0.7","0.40","12.3"
"89","Ladd McConkey","LAC","WR","16","2025","24","96.0","8.3","33","15.8","4","0.3","20.0","0.17","2","50.0","29","1.8","17.3","1.21","7.25","14.50","12","6.00","4","2.00","0","0.0","1","0","0","0","3","23.1","1","0.50","1","0.042","1","25.0","3","75.0","1","25.0","0","0","0.0","0","34.4","21.1","-0.8","100.0","","","","0.20","0.3","4.9","8.6","0.5","0.36","8.6"
"90","Kenneth Walker","SEA","RB","17","2025","3","100.0","-2.0","-2","-25.0","1","0.1","33.3","0.33","1","100.0","29","1.7","59.2","9.67","29.00","29.00","31","31.00","20","20.00","0","0.0","0","0","0","0","1","33.3","1","1.00","1","0.333","0","","1","100.0","1","100.0","0","0","0.0","0","118.8","33.3","22.8","100.0","","","","1.30","0.2","3.9","1.6","0.1","0.52","1.6"
"91","Keenan Allen","LAC","WR","17","2025","37","90.2","7.3","58","28.3","8","0.5","23.5","0.22","4","50.0","28","1.6","12.6","0.76","3.50","7.00","13","3.25","7","1.75","0","0.0","1","1","0","1","7","26.9","2","0.50","1","0.027","0","","5","62.5","1","12.5","2","1","50.0","0","58.3","24.2","-3.7","100.0","","","","0.18","0.4","6.8","12.2","0.7","0.33","12.2"
"92","Roman Wilson","PIT","WR","13","2025","14","93.3","18.7","56","60.2","3","0.2","23.1","0.21","2","66.7","28","2.2","25.7","2.00","9.33","14.00","1","0.50","","","1","100.0","0","1","1","2","2","22.2","0","","1","0.071","0","","3","100.0","0","","2","1","50.0","0","136.1","25.0","-0.5","100.0","","","","0.77","0.8","10.8","4.8","0.4","0.34","4.8"
"93","Terrance Ferguson","LA","TE","13","2025","3","100.0","30.0","30","26.1","1","0.1","33.3","0.33","1","100.0","27","2.1","36.0","9.00","27.00","27.00","0","","","","1","100.0","0","1","1","1","1","33.3","0","","1","0.333","0","","1","100.0","0","","0","0","0.0","0","158.3","33.3","13.8","100.0","","","","3.23","0.7","9.7","1.9","0.1","0.63","1.9"
"94","Dante Pettis","NO","WR","8","2025","18","94.7","9.5","19","11.2","2","0.3","10.5","0.11","2","100.0","26","3.3","11.5","1.44","13.00","13.00","7","3.50","","","0","0.0","0","0","0","0","2","12.5","0","","1","0.056","0","","2","100.0","0","","0","0","0.0","0","118.8","10.5","4.8","100.0","","","","0.26","0.6","4.6","5.7","0.7","0.32","5.7"
"95","Calvin Ridley","TEN","WR","7","2025","14","93.3","16.0","48","43.2","3","0.4","27.3","0.21","1","33.3","25","3.6","54.3","1.79","8.33","25.00","3","3.00","","","0","0.0","0","0","0","1","3","50.0","0","","1","0.071","0","","2","66.7","0","","1","0","0.0","0","64.6","33.3","-2.0","100.0","","","","0.25","0.5","3.5","4.6","0.7","0.33","4.6"
"96","Darius Slayton","NYG","WR","14","2025","36","80.0","3.0","6","2.7","2","0.1","5.4","0.06","2","100.0","25","1.8","9.2","0.69","12.50","12.50","19","9.50","3","1.50","0","0.0","0","0","0","0","1","4.3","0","","1","0.028","0","","2","100.0","0","","0","0","0.0","0","118.8","5.9","6.8","100.0","","","","0.10","0.3","3.5","4.1","0.3","0.11","4.1"
"97","Tez Johnson","TB","WR","16","2025","20","95.2","12.8","64","31.5","5","0.3","25.0","0.25","3","60.0","24","1.5","15.6","1.20","4.80","8.00","16","5.33","1","0.33","0","0.0","2","1","0","1","4","36.4","2","0.67","0","0.000","0","","4","80.0","0","","1","0","0.0","0","72.1","25.0","-3.4","100.0","","","","0.27","0.3","5.4","9.0","0.6","0.45","9.0"
"98","Elic Ayomanor","TEN","WR","16","2025","54","90.0","16.9","135","43.1","8","0.5","15.4","0.15","2","25.0","24","1.5","9.0","0.44","3.00","12.00","8","4.00","2","1.00","0","0.0","1","0","0","2","8","26.7","0","","2","0.037","1","12.5","4","50.0","0","","3","0","0.0","0","0.0","17.0","-6.6","100.0","","","","0.08","0.3","4.4","13.6","0.9","0.25","13.6"
"99","Tyreek Hill","MIA","WR","4","2025","10","90.9","8.0","16","16.0","2","0.5","18.2","0.20","2","100.0","24","6.0","41.4","2.40","12.00","12.00","8","4.00","","","0","0.0","0","0","0","0","1","12.5","0","","1","0.100","0","","2","100.0","0","","0","0","0.0","0","116.7","18.2","4.8","100.0","","","","0.44","1.1","4.4","3.4","0.8","0.34","3.4"
"100","Sterling Shepard","TB","WR","13","2025","28","87.5","-2.0","-2","-0.9","1","0.1","3.8","0.04","1","100.0","24","1.8","8.3","0.86","24.00","24.00","26","26.00","15","15.00","0","0.0","0","0","0","0","1","6.3","1","1.00","1","0.036","0","","1","100.0","1","100.0","0","0","0.0","0","118.8","4.2","18.5","100.0","","","","0.12","0.3","3.4","1.5","0.1","0.05","1.5"
"101","Ronnie Bell","NO","WR","2","2025","6","85.7","15.5","31","88.6","2","1.0","28.6","0.33","2","100.0","23","11.5","30.7","3.83","11.50","11.50","1","0.50","1","0.50","1","100.0","1","1","1","1","2","33.3","0","","1","0.167","0","","2","100.0","0","","0","0","0.0","1","154.2","28.6","2.3","100.0","","","","1.72","5.2","10.3","4.1","2.1","0.69","4.1"
"102","Alvin Kamara","NO","RB","11","2025","3","75.0","8.0","8","72.7","1","0.1","25.0","0.33","1","100.0","22","2.0","57.9","7.33","22.00","22.00","14","14.00","2","2.00","0","0.0","0","0","0","0","0","0.0","0","","1","0.333","0","","1","100.0","0","","0","0","0.0","0","118.8","25.0","13.5","100.0","","","","1.07","0.3","3.2","1.6","0.1","0.52","1.6"
"103","Tyler Higbee","LA","TE","10","2025","6","100.0","20.0","20","50.0","1","0.1","16.7","0.17","1","100.0","22","2.2","50.0","3.67","22.00","22.00","2","2.00","","","1","100.0","0","0","0","1","1","20.0","0","","1","0.167","0","","1","100.0","0","","0","0","0.0","0","158.3","16.7","10.2","100.0","","","","1.53","0.9","9.2","2.9","0.3","0.48","2.9"
"104","Chimere Dike","TEN","WR","17","2025","15","88.2","-2.3","-9","-31.0","4","0.2","25.0","0.27","4","100.0","21","1.2","20.8","1.40","5.25","5.25","30","7.50","8","2.00","0","0.0","0","0","0","0","4","40.0","1","0.25","0","0.000","0","","4","100.0","4","100.0","0","0","0.0","0","88.5","30.8","0.0","100.0","","","","0.41","0.4","6.1","6.4","0.4","0.42","6.4"
"105","Cody White","SEA","WR","9","2025","5","100.0","8.0","8","16.0","1","0.1","20.0","0.20","1","100.0","21","2.3","75.0","4.20","21.00","21.00","13","13.00","13","13.00","0","0.0","0","0","0","0","1","25.0","1","1.00","1","0.200","0","","1","100.0","0","","0","0","0.0","0","118.8","20.0","13.5","100.0","","","","0.62","0.3","3.1","1.7","0.2","0.34","1.7"
"106","Andrei Iosivas","CIN","WR","17","2025","18","75.0","5.3","16","20.5","3","0.2","13.6","0.17","2","66.7","20","1.2","14.4","1.11","6.67","10.00","8","4.00","2","1.00","0","0.0","1","0","0","0","1","7.1","0","","1","0.056","1","33.3","3","100.0","0","","0","0","0.0","0","85.4","14.3","0.3","100.0","","","","0.22","0.2","4.0","4.8","0.3","0.26","4.8"
"107","Jake Ferguson","DAL","TE","17","2025","7","100.0","8.5","17","47.2","2","0.1","33.3","0.29","2","100.0","20","1.2","58.8","2.86","10.00","10.00","3","1.50","2","1.00","0","0.0","0","0","0","0","2","40.0","0","","1","0.143","0","","2","100.0","0","","0","0","0.0","0","108.3","33.3","2.0","100.0","","","","0.57","0.2","4.0","3.1","0.2","0.45","3.1"
"108","Dallas Goedert","PHI","TE","15","2025","10","100.0","2.5","10","13.5","4","0.3","40.0","0.40","4","100.0","20","1.3","42.6","2.00","5.00","5.00","10","2.50","5","1.25","0","0.0","1","0","0","0","4","57.1","0","","1","0.100","0","","4","100.0","1","25.0","0","0","0.0","0","87.5","44.4","-1.1","100.0","","","","0.60","0.4","6.0","6.8","0.5","0.68","6.8"
"109","Ryan Miller","TB","WR","13","2025","8","88.9","20.5","41","91.1","2","0.2","22.2","0.25","1","50.0","20","1.5","34.5","2.50","10.00","20.00","0","","","","1","100.0","1","1","1","2","1","20.0","0","","1","0.125","0","","1","50.0","0","","0","0","0.0","0","125.0","22.2","-1.1","100.0","","","","1.13","0.7","9.0","4.7","0.4","0.59","4.7"
"110","Cedrick Wilson","MIA","WR","10","2025","7","100.0","13.3","53","74.6","4","0.4","57.1","0.57","2","50.0","19","1.9","37.3","2.71","4.75","9.50","8","4.00","1","0.50","0","0.0","0","0","0","1","3","60.0","0","","1","0.143","0","","2","50.0","0","","1","1","100.0","0","63.5","57.1","-4.1","100.0","","","","0.56","0.4","3.9","7.9","0.8","1.13","7.9"
"111","Tutu Atwell","LA","WR","10","2025","5","83.3","11.0","33","51.6","3","0.3","50.0","0.60","1","33.3","19","1.9","61.3","3.80","6.33","19.00","6","6.00","1","1.00","0","0.0","0","0","0","0","2","40.0","0","","1","0.200","0","","3","100.0","0","","2","0","0.0","0","56.3","50.0","-2.3","100.0","","","","0.58","0.3","2.9","4.5","0.4","0.89","4.5"
"112","Kalif Raymond","DET","WR","15","2025","10","83.3","18.0","18","17.5","1","0.1","8.3","0.10","1","100.0","18","1.2","13.6","1.80","18.00","18.00","0","","","","0","0.0","0","0","0","0","1","11.1","0","","1","0.100","0","","1","100.0","0","","0","0","0.0","0","118.8","9.1","7.1","100.0","","","","0.28","0.2","2.8","1.5","0.1","0.15","1.5"
"113","Brenton Strange","JAX","TE","12","2025","9","100.0","2.3","7","15.9","3","0.3","33.3","0.33","3","100.0","18","1.5","31.6","2.00","6.00","6.00","11","3.67","5","1.67","0","0.0","1","0","0","0","0","0.0","0","","0","0.000","0","","3","100.0","0","","0","0","0.0","0","91.7","33.3","-0.4","100.0","","","","0.53","0.4","4.8","5.6","0.5","0.62","5.6"
"114","Tanner Hudson","CIN","TE","13","2025","1","50.0","4.0","4","-400.0","1","0.1","50.0","1.00","1","100.0","18","1.4","90.0","18.00","18.00","18.00","14","14.00","7","7.00","0","0.0","0","0","0","0","1","50.0","0","","1","1.000","0","","1","100.0","0","","0","0","0.0","0","118.8","50.0","11.9","100.0","","","","2.80","0.2","2.8","1.4","0.1","1.36","1.4"
"115","Jerry Jeudy","CLV","WR","17","2025","65","94.2","12.3","98","37.1","8","0.5","13.8","0.12","2","25.0","18","1.1","5.6","0.28","2.25","9.00","1","0.50","4","2.00","0","0.0","2","1","0","1","5","16.7","0","","1","0.015","0","","5","62.5","0","","3","0","0.0","0","0.0","14.8","-6.5","100.0","","","","0.06","0.2","3.8","15.3","0.9","0.24","15.3"
"116","David Njoku","CLV","TE","12","2025","1","100.0","14.0","14","100.0","1","0.1","100.0","1.00","1","100.0","17","1.4","100.0","17.00","17.00","17.00","3","3.00","1","1.00","0","0.0","0","0","0","0","1","100.0","0","","1","1.000","0","","1","100.0","0","","1","1","100.0","0","118.8","100.0","6.7","100.0","","","","2.70","0.2","2.7","1.5","0.1","1.51","1.5"
"117","Christian McCaffrey","SF","RB","17","2025","5","100.0","8.0","16","57.1","2","0.1","50.0","0.40","2","100.0","17","1.0","56.7","3.40","8.50","8.50","1","0.50","1","0.50","0","0.0","0","0","0","0","2","50.0","0","","1","0.200","0","","2","100.0","0","","2","2","100.0","0","102.1","50.0","0.3","100.0","","","","0.74","0.2","3.7","2.9","0.2","0.58","2.9"
"118","Kyle Pitts","ATL","TE","17","2025","12","85.7","6.0","12","17.1","2","0.1","15.4","0.17","2","100.0","15","0.9","18.3","1.25","7.50","7.50","3","1.50","1","0.50","0","0.0","0","0","0","0","1","14.3","0","","2","0.167","0","","2","100.0","0","","0","0","0.0","0","97.9","15.4","0.6","100.0","","","","0.29","0.2","3.5","2.8","0.2","0.23","2.8"
"119","Trey McBride","ARZ","TE","17","2025","6","100.0","1.0","2","11.8","2","0.1","50.0","0.33","2","100.0","15","0.9","100.0","2.50","7.50","7.50","13","6.50","5","2.50","0","0.0","0","0","0","0","2","66.7","0","","2","0.333","0","","2","100.0","1","50.0","0","0","0.0","0","97.9","66.7","1.3","100.0","","","","0.58","0.2","3.5","3.1","0.2","0.52","3.1"
"120","Colby Parkinson","LA","TE","15","2025","17","100.0","7.0","7","7.2","1","0.1","5.9","0.06","1","100.0","15","1.0","10.4","0.88","15.00","15.00","8","8.00","4","4.00","0","0.0","0","0","0","0","0","0.0","0","","1","0.059","0","","1","100.0","0","","0","0","0.0","0","118.8","6.3","7.7","100.0","","","","0.15","0.2","2.5","1.5","0.1","0.09","1.5"
"121","Harold Fannin","CLV","TE","16","2025","9","90.0","9.3","28","87.5","3","0.2","37.5","0.33","1","33.3","15","0.9","29.4","1.67","5.00","15.00","3","3.00","1","1.00","0","0.0","0","0","0","0","1","25.0","0","","0","0.000","1","33.3","2","66.7","0","","1","0","0.0","0","50.7","37.5","-3.3","100.0","","","","0.28","0.2","2.5","4.5","0.3","0.50","4.5"
"122","Treylon Burks","WAS","WR","8","2025","16","94.1","8.5","34","30.1","4","0.5","28.6","0.25","2","50.0","14","1.8","25.9","0.88","3.50","7.00","10","5.00","3","1.50","0","0.0","0","0","0","1","3","33.3","0","","0","0.000","0","","2","50.0","1","25.0","0","0","0.0","0","18.8","30.8","-4.3","100.0","","","","0.21","0.4","3.4","9.7","1.2","0.61","9.7"
"123","Tylan Wallace","BLT","WR","14","2025","9","100.0","20.0","40","40.8","2","0.1","25.0","0.22","1","50.0","14","1.0","21.5","1.56","7.00","14.00","3","3.00","2","2.00","0","0.0","0","0","0","1","2","50.0","0","","1","0.111","0","","1","50.0","0","","1","0","0.0","0","72.9","28.6","-2.9","100.0","","","","0.27","0.2","2.4","5.0","0.4","0.56","5.0"
"124","T.J. Hockenson","MIN","TE","15","2025","4","57.1","7.5","15","100.0","2","0.1","28.6","0.50","1","50.0","14","0.9","45.2","3.50","7.00","14.00","7","7.00","3","3.00","0","0.0","0","0","0","0","2","28.6","0","","1","0.250","0","","1","50.0","0","","0","0","0.0","0","72.9","28.6","-0.5","100.0","","","","0.60","0.2","2.4","2.7","0.2","0.69","2.7"
"125","Tim Patrick","JAX","WR","16","2025","13","100.0","5.3","16","13.6","3","0.2","23.1","0.23","2","66.7","14","0.9","11.6","1.08","4.67","7.00","8","4.00","2","1.00","0","0.0","2","0","0","0","2","20.0","0","","1","0.077","0","","3","100.0","0","","2","1","50.0","0","37.5","23.1","-2.2","100.0","","","","0.26","0.2","3.4","4.2","0.3","0.32","4.2"
"126","Jalin Hyatt","NYG","WR","8","2025","11","91.7","28.0","56","55.4","2","0.3","20.0","0.18","1","50.0","14","1.8","22.2","1.27","7.00","14.00","-1","-1.00","-1","-1.00","0","0.0","0","0","0","1","1","16.7","0","","1","0.091","0","","1","50.0","0","","0","0","0.0","0","72.9","20.0","-5.7","100.0","","","","0.22","0.3","2.4","4.0","0.5","0.36","4.0"
"127","Tyler Lockett","LV, TEN","WR","17","2025","12","92.3","6.0","18","60.0","3","0.2","33.3","0.25","1","33.3","13","0.8","23.2","1.08","4.33","13.00","10","10.00","","","0","0.0","0","0","0","0","2","50.0","0","","1","0.083","1","33.3","3","100.0","0","","1","0","0.0","0","47.9","37.5","-2.2","100.0","","","","0.19","0.1","2.3","5.9","0.3","0.49","5.9"
"128","Chris Godwin","TB","WR","9","2025","8","80.0","12.0","12","22.6","1","0.1","11.1","0.13","1","100.0","13","1.4","25.0","1.63","13.00","13.00","1","1.00","-1","-1.00","0","0.0","0","0","0","0","1","14.3","0","","1","0.125","0","","1","100.0","0","","0","0","0.0","0","118.8","12.5","4.0","100.0","","","","0.29","0.3","2.3","1.4","0.2","0.18","1.4"
"129","Cole Kmet","CHI","TE","16","2025","12","92.3","6.0","6","8.8","1","0.1","8.3","0.08","1","100.0","13","0.8","22.0","1.08","13.00","13.00","7","7.00","5","5.00","0","0.0","0","0","0","0","0","0.0","0","","1","0.083","0","","1","100.0","0","","0","0","0.0","0","118.8","9.1","5.9","100.0","","","","0.19","0.1","2.3","1.4","0.1","0.12","1.4"
"130","Olamide Zaccheaus","CHI","WR","16","2025","19","86.4","5.0","15","10.3","3","0.2","15.0","0.16","2","66.7","13","0.8","10.8","0.68","4.33","6.50","2","1.00","","","0","0.0","1","0","0","0","0","0.0","0","","1","0.053","0","","2","66.7","0","","0","0","0.0","0","75.7","17.6","-2.1","100.0","","","","0.17","0.2","3.3","4.6","0.3","0.24","4.6"
"131","Jalen Nailor","MIN","WR","17","2025","13","81.3","8.0","16","21.9","2","0.1","14.3","0.15","1","50.0","12","0.7","19.0","0.92","6.00","12.00","1","1.00","","","0","0.0","0","0","0","0","2","15.4","0","","1","0.077","1","50.0","2","100.0","0","","0","0","0.0","0","29.2","14.3","-1.3","100.0","","","","0.17","0.1","2.2","3.5","0.2","0.27","3.5"
"132","Juwan Johnson","NO","TE","17","2025","11","84.6","5.0","15","15.8","3","0.2","23.1","0.27","2","66.7","12","0.7","8.2","1.09","4.00","6.00","5","2.50","","","0","0.0","0","0","0","0","3","33.3","0","","0","0.000","1","33.3","3","100.0","0","","0","0","0.0","0","74.3","25.0","-2.7","100.0","","","","0.29","0.2","3.2","4.0","0.2","0.36","4.0"
"133","Tyler Warren","IND","TE","17","2025","18","100.0","5.0","20","16.7","4","0.2","25.0","0.22","2","50.0","12","0.7","11.5","0.67","3.00","6.00","3","1.50","2","1.00","0","0.0","1","0","0","0","4","36.4","0","","1","0.056","2","50.0","4","100.0","0","","1","0","0.0","0","56.3","30.8","-3.5","100.0","","","","0.18","0.2","3.2","6.0","0.4","0.33","6.0"
"134","Mason Taylor","NYJ","TE","13","2025","6","85.7","3.0","3","13.6","1","0.1","20.0","0.17","1","100.0","11","0.8","42.3","1.83","11.00","11.00","8","8.00","2","2.00","0","0.0","0","0","0","0","1","33.3","0","","1","0.167","0","","1","100.0","0","","0","0","0.0","0","112.5","20.0","4.7","100.0","","","","0.35","0.2","2.1","1.3","0.1","0.22","1.3"
"135","Bijan Robinson","ATL","RB","17","2025","7","100.0","4.0","8","17.8","2","0.1","28.6","0.29","2","100.0","11","0.6","17.2","1.57","5.50","5.50","3","1.50","","","0","0.0","1","0","0","0","1","20.0","0","","1","0.143","0","","2","100.0","0","","0","0","0.0","0","89.6","28.6","-1.2","100.0","","","","0.44","0.2","3.1","2.5","0.1","0.36","2.5"
"136","Cooper Kupp","SEA","WR","16","2025","38","88.4","5.8","23","7.1","4","0.3","10.0","0.11","2","50.0","11","0.7","3.1","0.29","2.75","5.50","3","1.50","2","1.00","0","0.0","0","0","0","0","3","12.0","0","","1","0.026","0","","2","50.0","0","","0","0","0.0","0","56.3","10.5","-3.8","100.0","","","","0.08","0.2","3.1","5.4","0.3","0.14","5.4"
"137","Ashton Dulin","IND","WR","12","2025","12","100.0","11.5","23","20.5","2","0.2","16.7","0.17","1","50.0","11","0.9","12.4","0.92","5.50","11.00","5","5.00","4","4.00","0","0.0","0","0","0","0","2","22.2","0","","1","0.083","0","","1","50.0","0","","0","0","0.0","0","66.7","20.0","-3.8","100.0","","","","0.18","0.2","2.1","3.2","0.3","0.26","3.2"
"138","Kevin Austin","NO","WR","8","2025","30","93.8","4.8","29","14.0","6","0.8","20.0","0.20","2","33.3","11","1.4","4.8","0.37","1.83","5.50","5","2.50","1","0.50","0","0.0","1","0","0","0","5","22.7","0","","1","0.033","2","33.3","6","100.0","0","","2","0","0.0","0","42.4","20.0","-4.6","100.0","","","","0.10","0.4","3.1","9.4","1.2","0.31","9.4"
"139","Jahdae Walker","CHI","WR","7","2025","4","100.0","6.0","6","28.6","1","0.1","25.0","0.25","1","100.0","11","1.6","40.7","2.75","11.00","11.00","5","5.00","1","1.00","0","0.0","0","0","0","0","1","25.0","0","","0","0.000","0","","1","100.0","0","","0","0","0.0","0","112.5","25.0","4.1","100.0","","","","0.53","0.3","2.1","1.4","0.2","0.34","1.4"
"140","Tyquan Thornton","KC","WR","14","2025","25","80.6","32.6","163","62.2","5","0.4","17.2","0.20","1","20.0","10","0.7","4.6","0.40","2.00","10.00","5","5.00","2","2.00","0","0.0","0","0","0","4","5","23.8","0","","0","0.000","0","","1","20.0","0","","1","0","0.0","0","39.6","18.5","-11.0","100.0","","","","0.08","0.1","2.0","11.0","0.8","0.44","11.0"
"141","Josh Downs","IND","WR","16","2025","9","81.8","6.0","6","13.3","1","0.1","10.0","0.11","1","100.0","10","0.6","11.6","1.11","10.00","10.00","4","4.00","1","1.00","0","0.0","0","0","0","0","1","14.3","0","","1","0.111","0","","1","100.0","0","","0","0","0.0","0","108.3","11.1","3.1","100.0","","","","0.22","0.1","2.0","3.0","0.2","0.33","3.0"
"142","Darius Cooper","PHI","WR","13","2025","11","91.7","10.0","20","17.1","2","0.2","20.0","0.18","1","50.0","10","0.8","20.0","0.91","5.00","10.00","0","","","","0","0.0","0","0","0","0","1","16.7","0","","1","0.091","0","","1","50.0","0","","0","0","0.0","0","64.6","22.2","-2.5","100.0","","","","0.18","0.2","2.0","3.4","0.3","0.31","3.4"
"143","Matthew Golden","GB","WR","14","2025","21","95.5","18.4","92","47.4","5","0.4","26.3","0.24","2","40.0","10","0.7","8.6","0.48","2.00","5.00","5","2.50","1","0.50","0","0.0","0","0","0","2","5","55.6","0","","1","0.048","1","20.0","3","60.0","1","20.0","0","0","0.0","0","47.9","29.4","-7.2","100.0","","","","0.14","0.2","3.0","8.8","0.6","0.42","8.8"
"144","Xavier Weaver","ARZ","WR","9","2025","25","96.2","2.5","5","2.4","2","0.2","8.3","0.08","2","100.0","10","1.1","4.2","0.40","5.00","5.00","5","2.50","1","0.50","0","0.0","2","0","0","0","0","0.0","0","","0","0.000","0","","2","100.0","0","","0","0","0.0","0","87.5","8.3","-0.6","100.0","","","","0.12","0.3","3.0","3.3","0.4","0.13","3.3"
"145","Tai Felton","MIN","WR","14","2025","4","100.0","-2.0","-2","-25.0","1","0.1","25.0","0.25","1","100.0","10","0.7","27.8","2.50","10.00","10.00","12","12.00","3","3.00","0","0.0","0","0","0","0","1","25.0","0","","1","0.250","0","","1","100.0","0","","0","0","0.0","0","108.3","25.0","4.5","100.0","","","","0.50","0.1","2.0","1.4","0.1","0.34","1.4"
"146","Josh Reynolds","NYJ","WR","5","2025","16","94.1","8.0","24","26.1","3","0.6","21.4","0.19","1","33.3","9","1.8","11.3","0.56","3.00","9.00","4","4.00","1","1.00","0","0.0","0","0","0","0","1","20.0","1","1.00","0","0.000","0","","2","66.7","0","","1","0","0.0","0","42.4","23.1","-4.6","100.0","","","","0.12","0.4","1.9","4.3","0.9","0.27","4.3"
"147","KaVontae Turpin","DAL","WR","15","2025","9","100.0","-2.0","-2","-2.4","1","0.1","14.3","0.11","1","100.0","9","0.6","25.0","1.00","9.00","9.00","11","11.00","2","2.00","0","0.0","0","0","0","0","0","0.0","0","","1","0.111","0","","1","100.0","0","","0","0","0.0","0","104.2","16.7","3.5","100.0","","","","0.21","0.1","1.9","1.5","0.1","0.17","1.5"
"148","Jawhar Jordan","HST","RB","4","2025","2","100.0","6.0","6","75.0","1","0.3","50.0","0.50","1","100.0","9","2.3","100.0","4.50","9.00","9.00","3","3.00","1","1.00","0","0.0","0","0","0","0","1","50.0","1","1.00","1","0.500","0","","1","100.0","0","","0","0","0.0","0","104.2","50.0","1.3","100.0","","","","0.95","0.5","1.9","1.3","0.3","0.64","1.3"
"149","Jonnu Smith","PIT","TE","17","2025","8","100.0","-2.5","-5","-6.8","2","0.1","25.0","0.25","2","100.0","8","0.5","12.7","1.00","4.00","4.00","13","6.50","5","2.50","0","0.0","0","0","0","0","2","28.6","0","","0","0.000","0","","2","100.0","2","100.0","0","0","0.0","0","83.3","25.0","-1.4","100.0","","","","0.35","0.2","2.8","3.1","0.2","0.39","3.1"
"150","John Metchie","PHI, NYJ","WR","16","2025","24","96.0","9.0","45","36.6","5","0.3","22.7","0.21","2","40.0","8","0.5","12.3","0.33","1.60","4.00","0","","","","0","0.0","1","1","0","0","4","25.0","0","","0","0.000","1","20.0","4","80.0","0","","2","1","50.0","0","8.3","22.7","-6.2","100.0","","","","0.12","0.2","2.8","7.7","0.5","0.32","7.7"
"151","Dalton Schultz","HST","TE","17","2025","6","85.7","4.0","4","13.8","1","0.1","14.3","0.17","1","100.0","8","0.5","15.7","1.33","8.00","8.00","4","4.00","3","3.00","0","0.0","0","0","0","0","1","20.0","0","","0","0.000","0","","1","100.0","0","","0","0","0.0","0","100.0","16.7","1.9","100.0","","","","0.30","0.1","1.8","3.1","0.2","0.51","3.1"
"152","Zach Ertz","WAS","TE","13","2025","4","66.7","4.0","8","28.6","2","0.2","40.0","0.50","2","100.0","8","0.6","42.1","2.00","4.00","4.00","0","","","","0","0.0","0","0","0","0","2","40.0","0","","0","0.000","0","","2","100.0","0","","1","1","100.0","0","83.3","40.0","-2.4","100.0","","","","0.70","0.2","2.8","3.0","0.2","0.74","3.0"
"153","Breece Hall","NYJ","RB","16","2025","2","100.0","7.0","7","100.0","1","0.1","50.0","0.50","1","100.0","8","0.5","100.0","4.00","8.00","8.00","1","1.00","","","0","0.0","0","0","0","0","0","0.0","0","","0","0.000","0","","1","100.0","0","","0","0","0.0","0","100.0","100.0","0.6","100.0","","","","0.90","0.1","1.8","1.4","0.1","0.72","1.4"
"154","Theo Wease","MIA","WR","3","2025","4","100.0","2.0","2","25.0","1","0.3","33.3","0.25","1","100.0","8","2.7","47.1","2.00","8.00","8.00","6","6.00","2","2.00","0","0.0","0","0","0","0","1","50.0","0","","1","0.250","0","","1","100.0","0","","0","0","0.0","0","100.0","33.3","2.7","100.0","","","","0.45","0.6","1.8","1.5","0.5","0.38","1.5"
"155","Evan Engram","DEN","TE","16","2025","3","100.0","1.0","1","7.7","1","0.1","50.0","0.33","1","100.0","8","0.5","40.0","2.67","8.00","8.00","7","7.00","","","0","0.0","0","0","0","0","0","0.0","0","","0","0.000","0","","1","100.0","0","","0","0","0.0","0","100.0","50.0","2.2","100.0","","","","0.60","0.1","1.8","1.4","0.1","0.47","1.4"
"156","Ashton Jeanty","LV","RB","17","2025","6","100.0","1.0","2","33.3","2","0.1","40.0","0.33","2","100.0","8","0.5","34.8","1.33","4.00","4.00","6","3.00","2","1.00","0","0.0","1","0","0","0","1","25.0","1","0.50","0","0.000","0","","2","100.0","0","","0","0","0.0","0","83.3","40.0","-2.4","100.0","","","","0.47","0.2","2.8","3.6","0.2","0.59","3.6"
"157","Saquon Barkley","PHI","RB","16","2025","6","100.0","3.0","3","3.7","1","0.1","20.0","0.17","1","100.0","8","0.5","30.8","1.33","8.00","8.00","5","5.00","2","2.00","0","0.0","0","0","0","0","0","0.0","0","","0","0.000","0","","1","100.0","0","","0","0","0.0","0","100.0","20.0","1.5","100.0","","","","0.30","0.1","1.8","1.4","0.1","0.24","1.4"
"158","Adam Trautman","DEN","TE","17","2025","4","50.0","4.0","4","66.7","1","0.1","14.3","0.25","1","100.0","8","0.5","15.4","2.00","8.00","8.00","4","4.00","1","1.00","0","0.0","0","0","0","0","0","0.0","0","","0","0.000","0","","1","100.0","0","","0","0","0.0","0","100.0","14.3","1.9","100.0","","","","0.45","0.1","1.8","1.3","0.1","0.34","1.3"
"159","Tory Horton","SEA","WR","8","2025","19","95.0","5.0","5","2.7","1","0.1","5.0","0.05","1","100.0","7","0.9","3.7","0.37","7.00","7.00","2","2.00","1","1.00","0","0.0","0","0","0","0","1","6.7","0","","0","0.000","0","","1","100.0","0","","0","0","0.0","0","95.8","5.3","0.6","100.0","","","","0.09","0.2","1.7","1.6","0.2","0.09","1.6"
"160","Nick Westbrook-Ikhine","MIA","WR","15","2025","13","81.3","6.0","6","14.0","1","0.1","7.1","0.08","1","100.0","7","0.5","7.7","0.54","7.00","7.00","1","1.00","1","1.00","0","0.0","0","0","0","0","1","10.0","0","","0","0.000","0","","1","100.0","0","","0","0","0.0","0","95.8","8.3","0.1","100.0","","","","0.13","0.1","1.7","1.5","0.1","0.12","1.5"
"161","Rashod Bateman","BLT","WR","13","2025","31","91.2","4.0","4","2.7","1","0.1","3.6","0.03","1","100.0","7","0.5","4.6","0.23","7.00","7.00","3","3.00","","","0","0.0","1","0","0","0","1","5.6","0","","0","0.000","0","","1","100.0","0","","0","0","0.0","0","95.8","4.0","1.0","100.0","","","","0.05","0.1","1.7","1.2","0.1","0.04","1.2"
"162","DeAndre Hopkins","BLT","WR","17","2025","12","80.0","6.0","6","8.1","1","0.1","8.3","0.08","1","100.0","7","0.4","7.7","0.58","7.00","7.00","1","1.00","","","0","0.0","0","0","0","0","1","16.7","0","","0","0.000","0","","1","100.0","0","","0","0","0.0","0","95.8","9.1","0.1","100.0","","","","0.14","0.1","1.7","3.7","0.2","0.31","3.7"
"163","Mason Tipton","NO","WR","13","2025","33","91.7","20.0","80","34.0","4","0.3","12.9","0.12","1","25.0","7","0.5","3.2","0.21","1.75","7.00","1","1.00","","","0","0.0","1","1","0","3","3","14.3","0","","0","0.000","0","","2","50.0","0","","1","0","0.0","0","39.6","13.8","-7.9","100.0","","","","0.05","0.1","1.7","7.9","0.6","0.24","7.9"
"164","Taysom Hill","NO","TE","13","2025","4","100.0","-4.0","-4","-400.0","1","0.1","25.0","0.25","1","100.0","7","0.5","17.1","1.75","7.00","7.00","11","11.00","3","3.00","0","0.0","0","0","0","0","1","50.0","0","","0","0.000","0","","1","100.0","1","100.0","0","0","0.0","0","95.8","33.3","0.7","100.0","","","","0.43","0.1","1.7","1.7","0.1","0.43","1.7"
"165","Derius Davis","LAC","WR","11","2025","8","100.0","6.0","6","25.0","1","0.1","20.0","0.13","1","100.0","7","0.6","23.3","0.88","7.00","7.00","1","1.00","","","0","0.0","0","0","0","0","1","20.0","0","","0","0.000","0","","1","100.0","0","","0","0","0.0","0","95.8","20.0","0.1","100.0","","","","0.21","0.2","1.7","1.5","0.1","0.19","1.5"
"166","Marquez Valdes-Scantling","PIT, SF","WR","10","2025","32","97.0","23.3","93","27.4","4","0.4","12.1","0.13","1","25.0","6","0.6","3.1","0.19","1.50","6.00","0","","","","0","0.0","0","0","0","2","4","14.3","0","","1","0.031","1","25.0","3","75.0","0","","0","0","0.0","0","39.6","12.5","-9.5","100.0","","","","0.05","0.2","1.6","7.9","0.8","0.25","7.9"
"167","Cam Skattebo","NYG","RB","8","2025","2","100.0","0.0","0","0.0","1","0.1","50.0","0.50","1","100.0","6","0.8","100.0","3.00","6.00","6.00","6","6.00","5","5.00","0","0.0","0","0","0","0","1","50.0","2","2.00","0","0.000","0","","1","100.0","1","100.0","0","0","0.0","0","91.7","50.0","0.2","100.0","","","","0.80","0.2","1.6","1.2","0.2","0.62","1.2"
"168","Josiah Deguara","ARZ","TE","12","2025","4","80.0","5.0","5","13.2","1","0.1","33.3","0.25","1","100.0","6","0.5","66.7","1.50","6.00","6.00","1","1.00","1","1.00","0","0.0","0","0","0","0","0","0.0","0","","0","0.000","0","","1","100.0","0","","0","0","0.0","0","91.7","33.3","-0.5","100.0","","","","0.40","0.1","1.6","1.4","0.1","0.35","1.4"
"169","Malik Washington","MIA","WR","17","2025","20","100.0","2.5","5","4.2","2","0.1","12.5","0.10","2","100.0","6","0.4","4.2","0.30","3.00","3.00","1","0.50","1","0.50","0","0.0","1","0","0","0","2","22.2","0","","0","0.000","0","","2","100.0","1","50.0","0","0","0.0","0","79.2","13.3","-3.6","100.0","","","","0.13","0.2","2.6","2.9","0.2","0.14","2.9"
"170","Elijah Arroyo","SEA","TE","13","2025","5","83.3","9.0","9","34.6","1","0.1","20.0","0.20","1","100.0","6","0.5","13.0","1.20","6.00","6.00","-3","-3.00","","","0","0.0","0","0","0","0","1","20.0","0","","0","0.000","0","","1","100.0","0","","1","1","100.0","0","91.7","20.0","-1.3","100.0","","","","0.12","0.0","0.6","1.6","0.1","0.31","1.6"
"171","Travis Kelce","KC","TE","17","2025","16","94.1","2.0","2","1.1","1","0.1","6.7","0.06","1","100.0","6","0.4","5.1","0.38","6.00","6.00","4","4.00","1","1.00","0","0.0","0","0","0","0","1","10.0","0","","1","0.063","0","","1","100.0","0","","0","0","0.0","0","91.7","7.1","-0.4","100.0","","","","0.10","0.1","1.6","1.4","0.1","0.09","1.4"
"172","Andre Baccellia","ARZ","WR","5","2025","13","92.9","6.0","6","5.6","1","0.2","7.7","0.08","1","100.0","5","1.0","7.8","0.38","5.00","5.00","-1","-1.00","","","0","0.0","1","0","0","0","1","12.5","0","","0","0.000","0","","1","100.0","0","","0","0","0.0","0","87.5","8.3","-1.9","100.0","","","","0.12","0.3","1.5","1.8","0.4","0.14","1.8"
"173","Christian Kirk","HST","WR","13","2025","16","100.0","6.0","18","16.4","3","0.2","20.0","0.19","1","33.3","5","0.4","4.2","0.31","1.67","5.00","2","2.00","2","2.00","0","0.0","0","0","0","0","2","20.0","0","","1","0.063","0","","1","33.3","0","","0","0","0.0","0","2.8","23.1","-4.9","100.0","","","","0.09","0.1","1.5","4.2","0.3","0.26","4.2"
"174","Kylen Granson","PHI","TE","17","2025","1","50.0","4.0","4","57.1","1","0.1","50.0","1.00","1","100.0","5","0.3","100.0","5.00","5.00","5.00","1","1.00","1","1.00","0","0.0","1","0","0","0","1","50.0","0","","0","0.000","0","","1","100.0","0","","0","0","0.0","0","87.5","50.0","-1.1","100.0","","","","1.50","0.1","1.5","1.8","0.1","1.81","1.8"
"175","James Proche","TEN","WR","9","2025","9","75.0","5.0","5","5.5","1","0.1","8.3","0.11","1","100.0","5","0.6","3.9","0.56","5.00","5.00","0","","","","0","0.0","0","0","0","0","1","10.0","0","","0","0.000","0","","1","100.0","0","","0","0","0.0","0","87.5","9.1","-1.4","100.0","","","","0.17","0.2","1.5","3.0","0.3","0.33","3.0"
"176","Emari Demercado","ARZ","RB","13","2025","3","100.0","-1.0","-1","-4.2","1","0.1","33.3","0.33","1","100.0","4","0.3","100.0","1.33","4.00","4.00","5","5.00","2","2.00","0","0.0","1","0","0","0","1","50.0","0","","0","0.000","0","","1","100.0","0","","0","0","0.0","0","83.3","33.3","-1.8","100.0","","","","0.47","0.1","1.4","2.1","0.2","0.69","2.1"
"177","Zavier Scott","MIN","RB","11","2025","2","100.0","-2.0","-2","-100.0","1","0.1","50.0","0.50","1","100.0","4","0.4","44.4","2.00","4.00","4.00","6","6.00","4","4.00","0","0.0","0","0","0","0","1","50.0","0","","0","0.000","0","","1","100.0","1","100.0","0","0","0.0","0","83.3","50.0","-2.2","100.0","","","","0.70","0.1","1.4","1.5","0.1","0.74","1.5"
"178","Cedric Tillman","CLV","WR","13","2025","30","88.2","7.5","30","25.2","4","0.3","13.8","0.13","1","25.0","4","0.3","2.4","0.13","1.00","4.00","-1","-1.00","","","0","0.0","0","0","0","0","3","18.8","0","","0","0.000","0","","1","25.0","0","","0","0","0.0","0","39.6","16.0","-6.3","100.0","","","","0.05","0.1","1.4","6.8","0.5","0.23","6.8"
"179","Darnell Washington","PIT","TE","16","2025","3","60.0","7.0","14","1400.0","2","0.1","40.0","0.67","1","50.0","4","0.3","22.2","1.33","2.00","4.00","7","7.00","4","4.00","0","0.0","0","0","0","0","2","40.0","0","","0","0.000","0","","1","50.0","1","50.0","0","0","0.0","0","16.7","40.0","-6.8","100.0","","","","0.47","0.1","1.4","3.5","0.2","1.17","3.5"
"180","Tyler Allgeier","ATL","RB","17","2025","1","100.0","4.0","4","100.0","1","0.1","100.0","1.00","1","100.0","4","0.2","100.0","4.00","4.00","4.00","0","","","","0","0.0","1","0","0","0","1","100.0","0","","0","0.000","0","","1","100.0","0","","0","0","0.0","0","83.3","100.0","-2.7","100.0","","","","1.40","0.1","1.4","1.2","0.1","1.17","1.2"
"181","Greg Dortch","ARZ","WR","12","2025","6","100.0","-2.3","-7","-43.8","3","0.3","50.0","0.50","3","100.0","3","0.3","23.1","0.50","1.00","1.00","10","3.33","4","1.33","0","0.0","2","0","0","0","2","50.0","2","0.67","0","0.000","0","","3","100.0","2","66.7","1","1","100.0","0","79.2","60.0","-3.7","100.0","","","","0.55","0.3","3.3","6.2","0.5","1.03","6.2"
"182","Rhamondre Stevenson","NE","RB","14","2025","3","100.0","3.0","3","42.9","1","0.1","50.0","0.33","1","100.0","3","0.2","18.8","1.00","3.00","3.00","0","","","","0","0.0","0","0","0","0","1","100.0","0","","0","0.000","0","","1","100.0","0","","0","0","0.0","0","79.2","50.0","-3.5","100.0","","","","0.43","0.1","1.3","1.3","0.1","0.43","1.3"
"183","Scott Miller","PIT","WR","13","2025","8","88.9","2.0","4","10.5","2","0.2","22.2","0.25","1","50.0","2","0.2","3.7","0.25","1.00","2.00","3","3.00","1","1.00","0","0.0","0","0","0","0","2","33.3","0","","0","0.000","0","","2","100.0","1","50.0","0","0","0.0","0","56.3","25.0","-5.3","100.0","","","","0.15","0.1","1.2","2.9","0.2","0.37","2.9"
"184","Colston Loveland","CHI","TE","16","2025","13","86.7","9.5","19","12.7","2","0.1","14.3","0.15","1","50.0","2","0.1","2.1","0.15","1.00","2.00","7","7.00","1","1.00","0","0.0","1","0","0","0","1","11.1","0","","0","0.000","0","","2","100.0","0","","1","0","0.0","0","56.3","18.2","-7.4","100.0","","","","0.09","0.1","1.2","3.6","0.2","0.28","3.6"
"185","Jimmy Horn","CAR","WR","13","2025","2","100.0","-4.0","-4","0.0","1","0.1","50.0","0.50","1","100.0","2","0.2","20.0","1.00","2.00","2.00","6","6.00","","","0","0.0","0","0","0","0","1","50.0","0","","0","0.000","0","","1","100.0","1","100.0","0","0","0.0","0","79.2","50.0","-2.5","100.0","","","","0.60","0.1","1.2","1.8","0.1","0.88","1.8"
"186","Jayden Reed","GB","WR","7","2025","2","100.0","-5.0","-5","500.0","1","0.1","50.0","0.50","1","100.0","1","0.1","12.5","0.50","1.00","1.00","6","6.00","","","0","0.0","0","0","0","0","1","50.0","0","","0","0.000","0","","1","100.0","1","100.0","0","0","0.0","0","79.2","50.0","-3.2","100.0","","","","0.55","0.2","1.1","1.7","0.2","0.84","1.7"
"187","Andrew Ogletree","IND","TE","15","2025","2","66.7","0.0","0","0.0","0","0.0","0.0","","0","","0","0.0","0.0","","0.00","","0","","","","0","0.0","0","0","0","0","0","0.0","0","","0","0.000","0","","0","","0","","0","0","0.0","0","0.0","","","100.0","","","","0.00","","0.0","0.0","0.0","0.00","0.0"
"188","Ke'Shawn Williams","CIN, PIT","WR","11","2025","2","100.0","0.0","0","0.0","0","0.0","0.0","","0","","0","0.0","0.0","","0.00","","0","","","","0","0.0","0","0","0","0","0","0.0","0","","0","0.000","0","","0","","0","","0","0","0.0","0","0.0","","","100.0","","","","0.00","","0.0","0.0","0.0","0.00","0.0"
"189","Jalen Royals","KC","WR","7","2025","1","50.0","0.0","0","0.0","0","0.0","0.0","","0","","0","0.0","0.0","","0.00","","0","","","","0","0.0","0","0","0","0","0","0.0","0","","0","0.000","0","","0","","0","","0","0","0.0","0","0.0","","","100.0","","","","0.00","","0.0","0.0","0.0","0.00","0.0"
"190","Davis Allen","LA","TE","17","2025","15","100.0","0.0","0","0.0","0","0.0","0.0","","0","","0","0.0","0.0","","0.00","","0","","","","0","0.0","0","0","0","0","0","0.0","0","","0","0.000","0","","0","","0","","0","0","0.0","0","0.0","","","100.0","","","","0.00","","0.0","0.0","0.0","0.00","0.0"
"191","Malachi Corley","CLV","WR","13","2025","4","100.0","0.0","0","0.0","0","0.0","0.0","","0","","0","0.0","0.0","","0.00","","0","","","","0","0.0","0","0","0","0","0","0.0","0","","0","0.000","0","","0","","0","","0","0","0.0","0","0.0","","","100.0","","","","0.00","","0.0","0.0","0.0","0.00","0.0"
"192","John FitzPatrick","GB","TE","15","2025","1","100.0","0.0","0","0.0","0","0.0","0.0","","0","","0","0.0","0.0","","0.00","","0","","","","0","0.0","0","0","0","0","0","0.0","0","","0","0.000","0","","0","","0","","0","0","0.0","0","0.0","","","100.0","","","","0.00","","0.0","0.0","0.0","0.00","0.0"
"193","Pat Freiermuth","PIT","TE","17","2025","9","100.0","11.0","11","12.2","1","0.1","12.5","0.11","0","","0","0.0","0.0","","0.00","","0","","","","0","0.0","0","0","0","0","1","25.0","0","","0","0.000","0","","0","","0","","0","0","0.0","0","39.6","14.3","-8.7","100.0","","","","0.00","","0.0","1.8","0.1","0.20","1.8"
"194","Jalen Cropper","DAL","WR","3","2025","1","100.0","0.0","0","0.0","0","0.0","0.0","","0","","0","0.0","0.0","","0.00","","0","","","","0","0.0","0","0","0","0","0","0.0","0","","0","0.000","0","","0","","0","","0","0","0.0","0","0.0","","","100.0","","","","0.00","","0.0","0.0","0.0","0.00","0.0"
"195","Josh Whyle","GB","TE","8","2025","1","100.0","0.0","0","0.0","0","0.0","0.0","","0","","0","0.0","0.0","","0.00","","0","","","","0","0.0","0","0","0","0","0","0.0","0","","0","0.000","0","","0","","0","","0","0","0.0","0","0.0","","","100.0","","","","0.00","","0.0","0.0","0.0","0.00","0.0"
"196","Robbie Chosen","WAS","WR","3","2025","2","100.0","26.0","26","100.0","1","0.3","100.0","0.50","0","","0","0.0","0.0","","0.00","","0","","","","0","0.0","0","0","0","1","1","100.0","0","","0","0.000","0","","1","100.0","0","","1","0","0.0","0","39.6","100.0","-13.0","100.0","","","","0.00","","0.0","2.7","0.9","1.33","2.7"
"197","Braxton Berrios","HST","WR","4","2025","1","100.0","0.0","0","0.0","0","0.0","0.0","","0","","0","0.0","0.0","","0.00","","0","","","","0","0.0","0","0","0","0","0","0.0","0","","0","0.000","0","","0","","0","","0","0","0.0","0","0.0","","","100.0","","","","0.00","","0.0","0.0","0.0","0.00","0.0"
"198","Travis Etienne","JAX","RB","17","2025","1","100.0","0.0","0","0.0","0","0.0","0.0","","0","","0","0.0","0.0","","0.00","","0","","","","0","0.0","0","0","0","0","0","0.0","0","","0","0.000","0","","0","","0","","0","0","0.0","0","0.0","","","100.0","","","","0.00","","0.0","0.0","0.0","0.00","0.0"
"199","Kene Nwangwu","NYJ","RB","10","2025","1","100.0","0.0","0","0.0","0","0.0","0.0","","0","","0","0.0","0.0","","0.00","","0","","","","0","0.0","0","0","0","0","0","0.0","0","","0","0.000","0","","0","","0","","0","0","0.0","0","0.0","","","100.0","","","","0.00","","0.0","0.0","0.0","0.00","0.0"
"200","RJ Harvey","DEN","RB","17","2025","6","85.7","0.0","0","0.0","0","0.0","0.0","","0","","0","0.0","0.0","","0.00","","0","","","","0","0.0","0","0","0","0","0","0.0","0","","0","0.000","0","","0","","0","","0","0","0.0","0","0.0","","","100.0","","","","0.00","","0.0","0.0","0.0","0.00","0.0"
"201","Jalen McMillan","TB","WR","4","2025","6","100.0","0.0","0","0.0","0","0.0","0.0","","0","","0","0.0","0.0","","0.00","","0","","","","0","0.0","0","0","0","0","0","0.0","0","","0","0.000","0","","0","","0","","0","0","0.0","0","0.0","","","100.0","","","","0.00","","0.0","0.0","0.0","0.00","0.0"
"202","Trent Sherfield","DEN, ARZ","WR","12","2025","7","70.0","6.0","6","37.5","1","0.1","10.0","0.14","0","","0","0.0","0.0","","0.00","","0","","","","0","0.0","1","0","0","0","0","0.0","0","","0","0.000","0","","0","","0","","0","0","0.0","0","39.6","12.5","-6.9","100.0","","","","0.00","","0.0","1.4","0.1","0.20","1.4"
"203","Bucky Irving","TB","RB","10","2025","4","100.0","0.0","0","0.0","0","0.0","0.0","","0","","0","0.0","0.0","","0.00","","0","","","","0","0.0","0","0","0","0","0","0.0","0","","0","0.000","0","","0","","0","","0","0","0.0","0","0.0","","","100.0","","","","0.00","","0.0","0.0","0.0","0.00","0.0"
"204","Tahj Washington","MIA","WR","6","2025","6","85.7","43.0","43","70.5","1","0.2","20.0","0.17","0","","0","0.0","0.0","","0.00","","0","","","","0","0.0","0","0","0","1","1","25.0","0","","0","0.000","0","","0","","0","","0","0","0.0","0","39.6","20.0","-15.0","100.0","","","","0.00","","0.0","2.8","0.5","0.46","2.8"
"205","Austin Trammell","JAX","WR","6","2025","1","100.0","0.0","0","0.0","0","0.0","0.0","","0","","0","0.0","0.0","","0.00","","0","","","","0","0.0","0","0","0","0","0","0.0","0","","0","0.000","0","","0","","0","","0","0","0.0","0","0.0","","","100.0","","","","0.00","","0.0","0.0","0.0","0.00","0.0"
"206","Foster Moreau","NO","TE","11","2025","1","100.0","0.0","0","0.0","0","0.0","0.0","","0","","0","0.0","0.0","","0.00","","0","","","","0","0.0","0","0","0","0","0","0.0","0","","0","0.000","0","","0","","0","","0","0","0.0","0","0.0","","","100.0","","","","0.00","","0.0","0.0","0.0","0.00","0.0"
"207","Hunter Long","JAX","TE","9","2025","5","100.0","0.0","0","0.0","0","0.0","0.0","","0","","0","0.0","0.0","","0.00","","0","","","","0","0.0","0","0","0","0","0","0.0","0","","0","0.000","0","","0","","0","","0","0","0.0","0","0.0","","","100.0","","","","0.00","","0.0","0.0","0.0","0.00","0.0"
"208","Jonathan Mingo","DAL","WR","6","2025","9","100.0","13.5","27","44.3","2","0.3","25.0","0.22","0","","0","0.0","0.0","","0.00","","0","","","","0","0.0","0","0","0","0","0","0.0","0","","0","0.000","1","50.0","1","50.0","0","","0","0","0.0","0","39.6","28.6","-9.2","100.0","","","","0.00","","0.0","6.4","1.1","0.71","6.4"
"209","Mark Andrews","BLT","TE","17","2025","3","50.0","19.0","19","48.7","1","0.1","20.0","0.33","0","","0","0.0","0.0","","0.00","","0","","","","0","0.0","0","0","0","0","0","0.0","0","","0","0.000","0","","0","","0","","0","0","0.0","0","39.6","20.0","-10.6","100.0","","","","0.00","","0.0","1.9","0.1","0.63","1.9"
"210","Bryce Oliver","TEN","WR","3","2025","3","100.0","0.0","0","0.0","0","0.0","0.0","","0","","0","0.0","0.0","","0.00","","0","","","","0","0.0","0","0","0","0","0","0.0","0","","0","0.000","0","","0","","0","","0","0","0.0","0","0.0","","","100.0","","","","0.00","","0.0","0.0","0.0","0.00","0.0"
"211","Will Shipley","PHI","RB","15","2025","2","100.0","0.0","0","0.0","0","0.0","0.0","","0","","0","0.0","0.0","","0.00","","0","","","","0","0.0","0","0","0","0","0","0.0","0","","0","0.000","0","","0","","0","","0","0","0.0","0","0.0","","","100.0","","","","0.00","","0.0","0.0","0.0","0.00","0.0"
"212","Michael Mayer","LV","TE","13","2025","4","80.0","18.0","18","225.0","1","0.1","33.3","0.25","0","","0","0.0","0.0","","0.00","","0","","","","0","0.0","0","0","0","0","1","50.0","0","","0","0.000","0","","0","","0","","0","0","0.0","0","39.6","33.3","-13.0","100.0","","","","0.00","","0.0","1.5","0.1","0.37","1.5"
"213","Dare Ogunbowale","HST","RB","17","2025","1","100.0","5.0","5","100.0","1","0.1","100.0","1.00","0","","0","0.0","0.0","","0.00","","0","","","","0","0.0","1","0","0","0","1","100.0","0","","0","0.000","0","","0","","0","","1","0","0.0","0","39.6","100.0","-7.2","100.0","","","","0.00","","0.0","1.5","0.1","1.46","1.5"
"214","Charlie Woerner","ATL","TE","17","2025","1","50.0","0.0","0","0.0","0","0.0","0.0","","0","","0","0.0","0.0","","0.00","","0","","","","0","0.0","0","0","0","0","0","0.0","0","","0","0.000","0","","0","","0","","0","0","0.0","0","0.0","","","100.0","","","","0.00","","0.0","0.0","0.0","0.00","0.0"
"215","Luke Farrell","SF","TE","17","2025","1","100.0","0.0","0","0.0","0","0.0","0.0","","0","","0","0.0","0.0","","0.00","","0","","","","0","0.0","0","0","0","0","0","0.0","0","","0","0.000","0","","0","","0","","0","0","0.0","0","0.0","","","100.0","","","","0.00","","0.0","0.0","0.0","0.00","0.0"
"216","Greg Dulcich","MIA","TE","10","2025","3","100.0","0.0","0","0.0","0","0.0","0.0","","0","","0","0.0","0.0","","0.00","","0","","","","0","0.0","0","0","0","0","0","0.0","0","","0","0.000","0","","0","","0","","0","0","0.0","0","0.0","","","100.0","","","","0.00","","0.0","0.0","0.0","0.00","0.0"
"217","Brock Bowers","LV","TE","12","2025","12","100.0","9.0","27","32.9","3","0.3","37.5","0.25","0","","0","0.0","0.0","","0.00","","0","","","","0","0.0","1","1","0","1","3","50.0","0","","0","0.000","1","33.3","1","33.3","1","33.3","0","0","0.0","0","39.6","37.5","-8.7","100.0","","","","0.00","","0.0","5.4","0.4","0.45","5.4"
"218","Rico Dowdle","CAR","RB","17","2025","15","100.0","0.0","0","0.0","0","0.0","0.0","","0","","0","0.0","0.0","","0.00","","0","","","","0","0.0","0","0","0","0","0","0.0","0","","0","0.000","0","","0","","0","","0","0","0.0","0","0.0","","","100.0","","","","0.00","","0.0","0.0","0.0","0.00","0.0"
"219","Ja'Tavion Sanders","CAR","TE","13","2025","5","100.0","0.0","0","0.0","0","0.0","0.0","","0","","0","0.0","0.0","","0.00","","0","","","","0","0.0","0","0","0","0","0","0.0","0","","0","0.000","0","","0","","0","","0","0","0.0","0","0.0","","","100.0","","","","0.00","","0.0","0.0","0.0","0.00","0.0"
"220","Ben Sinnott","WAS","TE","16","2025","3","100.0","0.0","0","0.0","0","0.0","0.0","","0","","0","0.0","0.0","","0.00","","0","","","","0","0.0","0","0","0","0","0","0.0","0","","0","0.000","0","","0","","0","","0","0","0.0","0","0.0","","","100.0","","","","0.00","","0.0","0.0","0.0","0.00","0.0"
"221","Tay Martin","WAS","WR","3","2025","2","100.0","0.0","0","0.0","0","0.0","0.0","","0","","0","0.0","0.0","","0.00","","0","","","","0","0.0","0","0","0","0","0","0.0","0","","0","0.000","0","","0","","0","","0","0","0.0","0","0.0","","","100.0","","","","0.00","","0.0","0.0","0.0","0.00","0.0"
"222","Savion Williams","GB","WR","12","2025","2","100.0","0.0","0","0.0","0","0.0","0.0","","0","","0","0.0","0.0","","0.00","","0","","","","0","0.0","0","0","0","0","0","0.0","0","","0","0.000","0","","0","","0","","0","0","0.0","0","0.0","","","100.0","","","","0.00","","0.0","0.0","0.0","0.00","0.0"
"223","Tucker Kraft","GB","TE","8","2025","6","75.0","0.0","0","0.0","0","0.0","0.0","","0","","0","0.0","0.0","","0.00","","0","","","","0","0.0","0","0","0","0","0","0.0","0","","0","0.000","0","","0","","0","","0","0","0.0","0","0.0","","","100.0","","","","0.00","","0.0","0.0","0.0","0.00","0.0"
"224","Kyren Williams","LA","RB","17","2025","1","100.0","0.0","0","0.0","0","0.0","0.0","","0","","0","0.0","0.0","","0.00","","0","","","","0","0.0","0","0","0","0","0","0.0","0","","0","0.000","0","","0","","0","","0","0","0.0","0","0.0","","","100.0","","","","0.00","","0.0","0.0","0.0","0.00","0.0"
"225","Dont'e Thornton","LV","WR","15","2025","25","89.3","20.5","41","39.4","2","0.1","8.7","0.08","0","","0","0.0","0.0","","0.00","","0","","","","0","0.0","0","0","0","1","2","12.5","0","","0","0.000","1","50.0","1","50.0","0","","0","0","0.0","0","39.6","9.1","-10.6","100.0","","","","0.00","","0.0","3.8","0.3","0.15","3.8"
"226","Derrick Henry","BLT","RB","17","2025","1","100.0","0.0","0","0.0","0","0.0","0.0","","0","","0","0.0","0.0","","0.00","","0","","","","0","0.0","0","0","0","0","0","0.0","0","","0","0.000","0","","0","","0","","0","0","0.0","0","0.0","","","100.0","","","","0.00","","0.0","0.0","0.0","0.00","0.0"
"227","Julian Hill","MIA","TE","14","2025","2","50.0","0.0","0","0.0","0","0.0","0.0","","0","","0","0.0","0.0","","0.00","","0","","","","0","0.0","0","0","0","0","0","0.0","0","","0","0.000","0","","0","","0","","0","0","0.0","0","0.0","","","100.0","","","","0.00","","0.0","0.0","0.0","0.00","0.0"
"228","Jalen Tolbert","DAL","WR","13","2025","9","90.0","0.0","0","0.0","0","0.0","0.0","","0","","0","0.0","0.0","","0.00","","0","","","","0","0.0","0","0","0","0","0","0.0","0","","0","0.000","0","","0","","0","","0","0","0.0","0","0.0","","","100.0","","","","0.00","","0.0","0.0","0.0","0.00","0.0"
"229","Tank Bigsby","JAX, PHI","RB","16","2025","2","100.0","0.0","0","0.0","0","0.0","0.0","","0","","0","0.0","0.0","","0.00","","0","","","","0","0.0","0","0","0","0","0","0.0","0","","0","0.000","0","","0","","0","","0","0","0.0","0","0.0","","","100.0","","","","0.00","","0.0","0.0","0.0","0.00","0.0"
"230","Isiah Pacheco","KC","RB","13","2025","2","100.0","0.0","0","0.0","0","0.0","0.0","","0","","0","0.0","0.0","","0.00","","0","","","","0","0.0","0","0","0","0","0","0.0","0","","0","0.000","0","","0","","0","","0","0","0.0","0","0.0","","","100.0","","","","0.00","","0.0","0.0","0.0","0.00","0.0"
"231","Adam Thielen","MIN, PIT","WR","16","2025","11","84.6","29.0","29","65.9","1","0.1","8.3","0.09","0","","0","0.0","0.0","","0.00","","0","","","","0","0.0","0","0","0","1","1","11.1","0","","0","0.000","0","","0","","0","","0","0","0.0","0","39.6","8.3","-11.4","100.0","","","","0.00","","0.0","2.3","0.1","0.21","2.3"
"232","KhaDarel Hodge","ATL","WR","11","2025","3","100.0","29.0","58","84.1","2","0.2","66.7","0.67","0","","0","0.0","0.0","","0.00","","0","","","","0","0.0","0","1","0","2","2","66.7","0","","0","0.000","0","","0","","0","","0","0","0.0","0","39.6","66.7","-11.4","100.0","","","","0.00","","0.0","3.8","0.3","1.28","3.8"
"233","D'Andre Swift","CHI","RB","16","2025","5","100.0","0.0","0","0.0","0","0.0","0.0","","0","","0","0.0","0.0","","0.00","","0","","","","0","0.0","0","0","0","0","0","0.0","0","","0","0.000","0","","0","","0","","0","0","0.0","0","0.0","","","100.0","","","","0.00","","0.0","0.0","0.0","0.00","0.0"
"234","Noah Gray","KC","TE","16","2025","11","100.0","11.0","11","29.7","1","0.1","12.5","0.09","0","","0","0.0","0.0","","0.00","","0","","","","0","0.0","0","0","0","0","1","14.3","0","","0","0.000","0","","1","100.0","0","","1","0","0.0","0","39.6","12.5","-8.7","100.0","","","","0.00","","0.0","1.7","0.1","0.15","1.7"
"235","Luke Schoonmaker","DAL","TE","17","2025","3","100.0","0.0","0","0.0","0","0.0","0.0","","0","","0","0.0","0.0","","0.00","","0","","","","0","0.0","0","0","0","0","0","0.0","0","","0","0.000","0","","0","","0","","0","0","0.0","0","0.0","","","100.0","","","","0.00","","0.0","0.0","0.0","0.00","0.0"
"236","David Moore","CAR","WR","4","2025","7","77.8","0.0","0","0.0","0","0.0","0.0","","0","","0","0.0","0.0","","0.00","","0","","","","0","0.0","0","0","0","0","0","0.0","0","","0","0.000","0","","0","","0","","0","0","0.0","0","0.0","","","100.0","","","","0.00","","0.0","0.0","0.0","0.00","0.0"
"237","Durham Smythe","CHI","TE","17","2025","3","100.0","6.0","6","100.0","1","0.1","50.0","0.33","0","","0","0.0","0.0","","0.00","","0","","","","0","0.0","0","0","0","0","1","100.0","0","","0","0.000","1","100.0","1","100.0","0","","0","0","0.0","0","39.6","100.0","-7.1","100.0","","","","0.00","","0.0","1.2","0.1","0.38","1.2"
"238","Gunnar Helm","TEN","TE","16","2025","2","66.7","0.0","0","0.0","0","0.0","0.0","","0","","0","0.0","0.0","","0.00","","0","","","","0","0.0","0","0","0","0","0","0.0","0","","0","0.000","0","","0","","0","","0","0","0.0","0","0.0","","","100.0","","","","0.00","","0.0","0.0","0.0","0.00","0.0"
"239","Beaux Collins","NYG","WR","9","2025","4","80.0","0.0","0","0.0","0","0.0","0.0","","0","","0","0.0","0.0","","0.00","","0","","","","0","0.0","0","0","0","0","0","0.0","0","","0","0.000","0","","0","","0","","0","0","0.0","0","0.0","","","100.0","","","","0.00","","0.0","2.9","0.3","0.71","2.9"
"240","Kameron Johnson","TB","WR","17","2025","4","100.0","0.0","0","0.0","0","0.0","0.0","","0","","0","0.0","0.0","","0.00","","0","","","","0","0.0","0","0","0","0","0","0.0","0","","0","0.000","0","","0","","0","","0","0","0.0","0","0.0","","","100.0","","","","0.00","","0.0","0.0","0.0","0.00","0.0"
"241","Bhayshul Tuten","JAX","RB","15","2025","2","100.0","0.0","0","0.0","0","0.0","0.0","","0","","0","0.0","0.0","","0.00","","0","","","","0","0.0","0","0","0","0","0","0.0","0","","0","0.000","0","","0","","0","","0","0","0.0","0","0.0","","","100.0","","","","0.00","","0.0","0.0","0.0","0.00","0.0"
"242","Woody Marks","HST","RB","16","2025","4","100.0","0.0","0","0.0","0","0.0","0.0","","0","","0","0.0","0.0","","0.00","","0","","","","0","0.0","0","0","0","0","0","0.0","0","","0","0.000","0","","0","","0","","0","0","0.0","0","0.0","","","100.0","","","","0.00","","0.0","0.0","0.0","0.00","0.0"
"243","Dylan Sampson","CLV","RB","15","2025","5","100.0","0.0","0","0.0","0","0.0","0.0","","0","","0","0.0","0.0","","0.00","","0","","","","0","0.0","0","0","0","0","0","0.0","0","","0","0.000","0","","0","","0","","0","0","0.0","0","0.0","","","100.0","","","","0.00","","0.0","0.0","0.0","0.00","0.0"
"244","Cade Otton","TB","TE","16","2025","7","70.0","0.0","0","0.0","0","0.0","0.0","","0","","0","0.0","0.0","","0.00","","0","","","","0","0.0","0","0","0","0","0","0.0","0","","0","0.000","0","","0","","0","","0","0","0.0","0","0.0","","","100.0","","","","0.00","","0.0","0.0","0.0","0.00","0.0"
"245","Giovanni Ricci","DET","TE","3","2025","1","100.0","0.0","0","0.0","0","0.0","0.0","","0","","0","0.0","0.0","","0.00","","0","","","","0","0.0","0","0","0","0","0","0.0","0","","0","0.000","0","","0","","0","","0","0","0.0","0","0.0","","","100.0","","","","0.00","","0.0","0.0","0.0","0.00","0.0"
"246","Tyler Badie","DEN","RB","16","2025","1","100.0","0.0","0","0.0","0","0.0","0.0","","0","","0","0.0","0.0","","0.00","","0","","","","0","0.0","0","0","0","0","0","0.0","0","","0","0.000","0","","0","","0","","0","0","0.0","0","0.0","","","100.0","","","","0.00","","0.0","0.0","0.0","0.00","0.0"
"247","Tyrell Shavers","BUF","WR","17","2025","8","80.0","7.0","7","7.8","1","0.1","12.5","0.13","0","","0","0.0","0.0","","0.00","","0","","","","0","0.0","0","0","0","0","1","16.7","0","","0","0.000","0","","0","","0","","0","0","0.0","0","39.6","12.5","-7.1","100.0","","","","0.00","","0.0","1.5","0.1","0.19","1.5"
"248","Theo Johnson","NYG","TE","15","2025","4","80.0","0.0","0","0.0","0","0.0","0.0","","0","","0","0.0","0.0","","0.00","","0","","","","0","0.0","0","0","0","0","0","0.0","0","","0","0.000","0","","0","","0","","0","0","0.0","0","0.0","","","100.0","","","","0.00","","0.0","0.0","0.0","0.00","0.0"
"249","Kenneth Gainwell","PIT","RB","17","2025","4","100.0","4.0","4","14.3","1","0.1","25.0","0.25","0","","0","0.0","0.0","","0.00","","0","","","","0","0.0","0","0","0","0","1","25.0","0","","0","0.000","0","","0","","0","","0","0","0.0","0","39.6","25.0","-6.7","100.0","","","","0.00","","0.0","1.5","0.1","0.36","1.5"
"250","Javonte Williams","DAL","RB","16","2025","1","100.0","0.0","0","0.0","0","0.0","0.0","","0","","0","0.0","0.0","","0.00","","0","","","","0","0.0","0","0","0","0","0","0.0","0","","0","0.000","0","","0","","0","","0","0","0.0","0","0.0","","","100.0","","","","0.00","","0.0","0.0","0.0","0.00","0.0"
"251","Alex Bachman","LV","WR","13","2025","1","100.0","0.0","0","0.0","0","0.0","0.0","","0","","0","0.0","0.0","","0.00","","0","","","","0","0.0","0","0","0","0","0","0.0","0","","0","0.000","0","","0","","0","","0","0","0.0","0","0.0","","","100.0","","","","0.00","","0.0","0.0","0.0","0.00","0.0"
"252","Chris Moore","WAS","WR","14","2025","19","86.4","0.0","0","0.0","0","0.0","0.0","","0","","0","0.0","0.0","","0.00","","0","","","","0","0.0","0","0","0","0","0","0.0","0","","0","0.000","0","","0","","0","","0","0","0.0","0","0.0","","","100.0","","","","0.00","","0.0","1.9","0.1","0.10","1.9"
"253","Mason Kinsey","TEN","WR","10","2025","3","100.0","0.0","0","0.0","0","0.0","0.0","","0","","0","0.0","0.0","","0.00","","0","","","","0","0.0","0","0","0","0","0","0.0","0","","0","0.000","0","","0","","0","","0","0","0.0","0","0.0","","","100.0","","","","0.00","","0.0","0.0","0.0","0.00","0.0"
"254","Bam Knight","ARZ","RB","12","2025","1","100.0","0.0","0","0.0","0","0.0","0.0","","0","","0","0.0","0.0","","0.00","","0","","","","0","0.0","0","0","0","0","0","0.0","0","","0","0.000","0","","0","","0","","0","0","0.0","0","0.0","","","100.0","","","","0.00","","0.0","0.0","0.0","0.00","0.0"
"255","Jake Bobo","SEA","WR","11","2025","5","100.0","0.0","0","0.0","0","0.0","0.0","","0","","0","0.0","0.0","","0.00","","0","","","","0","0.0","0","0","0","0","0","0.0","0","","0","0.000","0","","0","","0","","0","0","0.0","0","0.0","","","100.0","","","","0.00","","0.0","0.0","0.0","0.00","0.0"
"256","Dalevon Campbell","CAR","WR","2","2025","2","100.0","0.0","0","0.0","0","0.0","0.0","","0","","0","0.0","0.0","","0.00","","0","","","","0","0.0","0","0","0","0","0","0.0","0","","0","0.000","0","","0","","0","","0","0","0.0","0","0.0","","","100.0","","","","0.00","","0.0","0.0","0.0","0.00","0.0"
"257","Raheim Sanders","CLV","RB","4","2025","1","100.0","0.0","0","0.0","0","0.0","0.0","","0","","0","0.0","0.0","","0.00","","0","","","","0","0.0","0","0","0","0","0","0.0","0","","0","0.000","0","","0","","0","","0","0","0.0","0","0.0","","","100.0","","","","0.00","","0.0","0.0","0.0","0.00","0.0"
"258","Cade Stover","HST","TE","9","2025","1","100.0","0.0","0","0.0","0","0.0","0.0","","0","","0","0.0","0.0","","0.00","","0","","","","0","0.0","0","0","0","0","0","0.0","0","","0","0.000","0","","0","","0","","0","0","0.0","0","0.0","","","100.0","","","","0.00","","0.0","0.0","0.0","0.00","0.0"
"259","Johnny Mundt","JAX","TE","16","2025","1","100.0","0.0","0","0.0","0","0.0","0.0","","0","","0","0.0","0.0","","0.00","","0","","","","0","0.0","0","0","0","0","0","0.0","0","","0","0.000","0","","0","","0","","0","0","0.0","0","0.0","","","100.0","","","","0.00","","0.0","0.0","0.0","0.00","0.0"
"260","Dylan Laube","LV","RB","17","2025","1","100.0","0.0","0","0.0","0","0.0","0.0","","0","","0","0.0","0.0","","0.00","","0","","","","0","0.0","0","0","0","0","0","0.0","0","","0","0.000","0","","0","","0","","0","0","0.0","0","0.0","","","100.0","","","","0.00","","0.0","0.0","0.0","0.00","0.0"
"261","Van Jefferson","TEN","WR","16","2025","41","89.1","11.0","44","20.7","4","0.3","10.3","0.10","0","","0","0.0","0.0","","0.00","","0","","","","0","0.0","0","0","0","0","2","9.5","0","","0","0.000","0","","1","25.0","0","","0","0","0.0","0","39.6","10.3","-8.2","100.0","","","","0.00","","0.0","7.7","0.5","0.19","7.7"
"262","Charlie Kolar","BLT","TE","17","2025","1","100.0","0.0","0","0.0","0","0.0","0.0","","0","","0","0.0","0.0","","0.00","","0","","","","0","0.0","0","0","0","0","0","0.0","0","","0","0.000","0","","0","","0","","0","0","0.0","0","0.0","","","100.0","","","","0.00","","0.0","0.0","0.0","0.00","0.0"
"263","Jaylin Lane","WAS","WR","15","2025","10","100.0","11.0","11","36.7","1","0.1","14.3","0.10","0","","0","0.0","0.0","","0.00","","0","","","","0","0.0","0","0","0","0","1","20.0","0","","0","0.000","1","100.0","1","100.0","0","","0","0","0.0","0","39.6","14.3","-8.3","100.0","","","","0.00","","0.0","1.5","0.1","0.15","1.5"
"264","Mitchell Tinsley","CIN","WR","17","2025","10","90.9","6.5","13","44.8","2","0.1","18.2","0.20","0","","0","0.0","0.0","","0.00","","0","","","","0","0.0","0","0","0","0","1","14.3","0","","0","0.000","0","","0","","0","","0","0","0.0","0","39.6","20.0","-6.8","100.0","","","","0.00","","0.0","2.6","0.2","0.26","2.6"
"265","Sean Tucker","TB","RB","17","2025","3","100.0","0.0","0","0.0","0","0.0","0.0","","0","","0","0.0","0.0","","0.00","","0","","","","0","0.0","0","0","0","0","0","0.0","0","","0","0.000","0","","0","","0","","0","0","0.0","0","0.0","","","100.0","","","","0.00","","0.0","0.0","0.0","0.00","0.0"
"266","Lil'Jordan Humphrey","NYG, DEN","WR","10","2025","16","76.2","36.0","36","24.2","1","0.1","5.0","0.06","0","","0","0.0","0.0","","0.00","","0","","","","0","0.0","0","0","0","1","1","8.3","0","","0","0.000","0","","0","","0","","0","0","0.0","0","39.6","5.6","-13.8","100.0","","","","0.00","","0.0","3.0","0.3","0.19","3.0"
"267","Jordan Mason","MIN","RB","16","2025","2","100.0","0.0","0","0.0","0","0.0","0.0","","0","","0","0.0","0.0","","0.00","","0","","","","0","0.0","0","0","0","0","0","0.0","0","","0","0.000","0","","0","","0","","0","0","0.0","0","0.0","","","100.0","","","","0.00","","0.0","0.0","0.0","0.00","0.0"
"268","Isaiah Hodgins","NYG","WR","7","2025","8","72.7","0.0","0","0.0","0","0.0","0.0","","0","","0","0.0","0.0","","0.00","","0","","","","0","0.0","0","0","0","0","0","0.0","0","","0","0.000","0","","0","","0","","0","0","0.0","0","0.0","","","100.0","","","","0.00","","0.0","0.0","0.0","0.00","0.0"
"269","John Bates","WAS","TE","15","2025","2","100.0","0.0","0","0.0","0","0.0","0.0","","0","","0","0.0","0.0","","0.00","","0","","","","0","0.0","0","0","0","0","0","0.0","0","","0","0.000","0","","0","","0","","0","0","0.0","0","0.0","","","100.0","","","","0.00","","0.0","0.0","0.0","0.00","0.0"
"270","Ray-Ray McCloud","NYG, ATL","WR","6","2025","14","93.3","0.0","0","0.0","0","0.0","0.0","","0","","0","0.0","0.0","","0.00","","0","","","","0","0.0","0","0","0","0","0","0.0","0","","0","0.000","0","","0","","0","","0","0","0.0","0","0.0","","","100.0","","","","0.00","","0.0","0.0","0.0","0.00","0.0"
"271","Jake Tonges","SF","TE","16","2025","3","100.0","0.0","0","0.0","0","0.0","0.0","","0","","0","0.0","0.0","","0.00","","0","","","","0","0.0","0","0","0","0","0","0.0","0","","0","0.000","0","","0","","0","","0","0","0.0","0","0.0","","","100.0","","","","0.00","","0.0","0.0","0.0","0.00","0.0"
"272","Daniel Bellinger","NYG","TE","16","2025","4","100.0","0.0","0","0.0","0","0.0","0.0","","0","","0","0.0","0.0","","0.00","","0","","","","0","0.0","0","0","0","0","0","0.0","0","","0","0.000","0","","0","","0","","0","0","0.0","0","0.0","","","100.0","","","","0.00","","0.0","0.0","0.0","0.00","0.0"
"273","Trayveon Williams","LAC, CLV","RB","6","2025","1","100.0","0.0","0","0.0","0","0.0","0.0","","0","","0","0.0","0.0","","0.00","","0","","","","0","0.0","0","0","0","0","0","0.0","0","","0","0.000","0","","0","","0","","0","0","0.0","0","0.0","","","100.0","","","","0.00","","0.0","0.0","0.0","0.00","0.0"
"274","Hunter Renfrow","CAR","WR","6","2025","3","100.0","0.0","0","0.0","0","0.0","0.0","","0","","0","0.0","0.0","","0.00","","0","","","","0","0.0","0","0","0","0","0","0.0","0","","0","0.000","0","","0","","0","","0","0","0.0","0","0.0","","","100.0","","","","0.00","","0.0","0.0","0.0","0.00","0.0"
"275","Malik Turner","SF","WR","3","2025","1","50.0","0.0","0","0.0","0","0.0","0.0","","0","","0","0.0","0.0","","0.00","","0","","","","0","0.0","0","0","0","0","0","0.0","0","","0","0.000","0","","0","","0","","0","0","0.0","0","0.0","","","100.0","","","","0.00","","0.0","0.0","0.0","0.00","0.0"
"276","Chris Brooks","GB","RB","17","2025","1","100.0","0.0","0","0.0","0","0.0","0.0","","0","","0","0.0","0.0","","0.00","","0","","","","0","0.0","0","0","0","0","0","0.0","0","","0","0.000","0","","0","","0","","0","0","0.0","0","0.0","","","100.0","","","","0.00","","0.0","0.0","0.0","0.00","0.0"
"277","Evan Hull","NO","RB","6","2025","2","100.0","0.0","0","0.0","0","0.0","0.0","","0","","0","0.0","0.0","","0.00","","0","","","","0","0.0","0","0","0","0","0","0.0","0","","0","0.000","0","","0","","0","","0","0","0.0","0","0.0","","","100.0","","","","0.00","","0.0","0.0","0.0","0.00","0.0"
"278","Tyler Johnson","NYJ","WR","12","2025","10","100.0","0.0","0","0.0","0","0.0","0.0","","0","","0","0.0","0.0","","0.00","","0","","","","0","0.0","0","0","0","0","0","0.0","0","","0","0.000","0","","0","","0","","0","0","0.0","0","0.0","","","100.0","","","","0.00","","0.0","0.0","0.0","0.00","0.0"
"279","Quintin Morris","JAX","TE","13","2025","3","100.0","0.0","0","0.0","0","0.0","0.0","","0","","0","0.0","0.0","","0.00","","0","","","","0","0.0","0","0","0","0","0","0.0","0","","0","0.000","0","","0","","0","","0","0","0.0","0","0.0","","","100.0","","","","0.00","","0.0","0.0","0.0","0.00","0.0"
"280","David Sills","ATL","WR","17","2025","23","95.8","12.0","24","16.1","2","0.1","9.5","0.09","0","","0","0.0","0.0","","0.00","","0","","","","0","0.0","1","1","0","0","1","7.1","0","","0","0.000","0","","0","","0","","0","0","0.0","0","39.6","10.0","-9.1","100.0","","","","0.00","","0.0","4.1","0.2","0.18","4.1"
"281","Emanuel Wilson","GB","RB","17","2025","1","100.0","0.0","0","0.0","0","0.0","0.0","","0","","0","0.0","0.0","","0.00","","0","","","","0","0.0","0","0","0","0","0","0.0","0","","0","0.000","0","","0","","0","","0","0","0.0","0","0.0","","","100.0","","","","0.00","","0.0","0.0","0.0","0.00","0.0"
"282","De'Von Achane","MIA","RB","16","2025","9","100.0","0.0","0","0.0","0","0.0","0.0","","0","","0","0.0","0.0","","0.00","","0","","","","0","0.0","0","0","0","0","0","0.0","0","","0","0.000","0","","0","","0","","0","0","0.0","0","0.0","","","100.0","","","","0.00","","0.0","0.0","0.0","0.00","0.0"
"283","Brock Wright","DET","TE","11","2025","1","100.0","0.0","0","0.0","0","0.0","0.0","","0","","0","0.0","0.0","","0.00","","0","","","","0","0.0","0","0","0","0","0","0.0","0","","0","0.000","0","","0","","0","","0","0","0.0","0","0.0","","","100.0","","","","0.00","","0.0","0.0","0.0","0.00","0.0"
"284","Jeremy Ruckert","NYJ","TE","17","2025","4","100.0","0.0","0","0.0","0","0.0","0.0","","0","","0","0.0","0.0","","0.00","","0","","","","0","0.0","0","0","0","0","0","0.0","0","","0","0.000","0","","0","","0","","0","0","0.0","0","0.0","","","100.0","","","","0.00","","0.0","0.0","0.0","0.00","0.0"
"285","Curtis Samuel","BUF","WR","6","2025","4","80.0","0.0","0","0.0","0","0.0","0.0","","0","","0","0.0","0.0","","0.00","","0","","","","0","0.0","0","0","0","0","0","0.0","0","","0","0.000","0","","0","","0","","0","0","0.0","0","0.0","","","100.0","","","","0.00","","0.0","0.0","0.0","0.00","0.0"
"286","Allen Lazard","NYJ","WR","10","2025","7","100.0","0.0","0","0.0","0","0.0","0.0","","0","","0","0.0","0.0","","0.00","","0","","","","0","0.0","0","0","0","0","0","0.0","0","","0","0.000","0","","0","","0","","0","0","0.0","0","0.0","","","100.0","","","","0.00","","0.0","0.0","0.0","0.00","0.0"
"287","Colson Yankoff","WAS","TE","14","2025","3","100.0","5.0","5","13.9","1","0.1","33.3","0.33","0","","0","0.0","0.0","","0.00","","0","","","","0","0.0","0","0","0","0","1","50.0","0","","0","0.000","0","","0","","0","","0","0","0.0","0","39.6","33.3","-6.5","100.0","","","","0.00","","0.0","1.5","0.1","0.49","1.5"
"288","Elijah Higgins","ARZ","TE","17","2025","8","88.9","0.0","0","0.0","0","0.0","0.0","","0","","0","0.0","0.0","","0.00","","0","","","","0","0.0","0","0","0","0","0","0.0","0","","0","0.000","0","","0","","0","","0","0","0.0","0","0.0","","","100.0","","","","0.00","","0.0","0.0","0.0","0.00","0.0"
"289","Robert Tonyan","KC","TE","16","2025","2","66.7","0.0","0","0.0","0","0.0","0.0","","0","","0","0.0","0.0","","0.00","","0","","","","0","0.0","0","0","0","0","0","0.0","0","","0","0.000","0","","0","","0","","0","0","0.0","0","0.0","","","100.0","","","","0.00","","0.0","0.0","0.0","0.00","0.0"
"290","Devin Singletary","NYG","RB","17","2025","2","100.0","0.0","0","0.0","0","0.0","0.0","","0","","0","0.0","0.0","","0.00","","0","","","","0","0.0","0","0","0","0","0","0.0","0","","0","0.000","0","","0","","0","","0","0","0.0","0","0.0","","","100.0","","","","0.00","","0.0","0.0","0.0","0.00","0.0"
"291","Laquon Treadwell","IND","WR","9","2025","1","100.0","0.0","0","0.0","0","0.0","0.0","","0","","0","0.0","0.0","","0.00","","0","","","","0","0.0","0","0","0","0","0","0.0","0","","0","0.000","0","","0","","0","","0","0","0.0","0","0.0","","","100.0","","","","0.00","","0.0","0.0","0.0","0.00","0.0"
"292","Rasheen Ali","BLT","RB","15","2025","1","100.0","0.0","0","0.0","0","0.0","0.0","","0","","0","0.0","0.0","","0.00","","0","","","","0","0.0","0","0","0","0","0","0.0","0","","0","0.000","0","","0","","0","","0","0","0.0","0","0.0","","","100.0","","","","0.00","","0.0","0.0","0.0","0.00","0.0"
"293","Dawson Knox","BUF","TE","17","2025","4","80.0","0.0","0","0.0","0","0.0","0.0","","0","","0","0.0","0.0","","0.00","","0","","","","0","0.0","0","0","0","0","0","0.0","0","","0","0.000","0","","0","","0","","0","0","0.0","0","0.0","","","100.0","","","","0.00","","0.0","0.0","0.0","0.00","0.0"
"294","LeQuint Allen","JAX","RB","17","2025","2","100.0","0.0","0","0.0","0","0.0","0.0","","0","","0","0.0","0.0","","0.00","","0","","","","0","0.0","0","0","0","0","0","0.0","0","","0","0.000","0","","0","","0","","0","0","0.0","0","0.0","","","100.0","","","","0.00","","0.0","0.0","0.0","0.00","0.0"
"295","Rachaad White","TB","RB","17","2025","2","100.0","0.0","0","0.0","0","0.0","0.0","","0","","0","0.0","0.0","","0.00","","0","","","","0","0.0","0","0","0","0","0","0.0","0","","0","0.000","0","","0","","0","","0","0","0.0","0","0.0","","","100.0","","","","0.00","","0.0","0.0","0.0","0.00","0.0"
"296","Jeremy McNichols","WAS","RB","17","2025","1","100.0","0.0","0","0.0","0","0.0","0.0","","0","","0","0.0","0.0","","0.00","","0","","","","0","0.0","0","0","0","0","0","0.0","0","","0","0.000","0","","0","","0","","0","0","0.0","0","0.0","","","100.0","","","","0.00","","0.0","0.0","0.0","0.00","0.0"
"297","Zach Charbonnet","SEA","RB","16","2025","1","100.0","0.0","0","0.0","0","0.0","0.0","","0","","0","0.0","0.0","","0.00","","0","","","","0","0.0","0","0","0","0","0","0.0","0","","0","0.000","0","","0","","0","","0","0","0.0","0","0.0","","","100.0","","","","0.00","","0.0","0.0","0.0","0.00","0.0"
"298","Jason Brownlee","KC","WR","6","2025","2","66.7","0.0","0","0.0","0","0.0","0.0","","0","","0","0.0","0.0","","0.00","","0","","","","0","0.0","0","0","0","0","0","0.0","0","","0","0.000","0","","0","","0","","0","0","0.0","0","0.0","","","100.0","","","","0.00","","0.0","0.0","0.0","0.00","0.0"
"299","TreVeyon Henderson","NE","RB","17","2025","2","100.0","0.0","0","0.0","0","0.0","0.0","","0","","0","0.0","0.0","","0.00","","0","","","","0","0.0","0","0","0","0","0","0.0","0","","0","0.000","0","","0","","0","","0","0","0.0","0","0.0","","","100.0","","","","0.00","","0.0","0.0","0.0","0.00","0.0"
"300","Devin Neal","NO","RB","9","2025","5","100.0","0.0","0","0.0","0","0.0","0.0","","0","","0","0.0","0.0","","0.00","","0","","","","0","0.0","0","0","0","0","0","0.0","0","","0","0.000","0","","0","","0","","0","0","0.0","0","0.0","","","100.0","","","","0.00","","0.0","0.0","0.0","0.00","0.0"
"301","Charlie Jones","CIN","WR","14","2025","1","100.0","0.0","0","0.0","0","0.0","0.0","","0","","0","0.0","0.0","","0.00","","0","","","","0","0.0","0","0","0","0","0","0.0","0","","0","0.000","0","","0","","0","","0","0","0.0","0","0.0","","","100.0","","","","0.00","","0.0","0.0","0.0","0.00","0.0"
"302","Kareem Hunt","KC","RB","17","2025","3","100.0","0.0","0","0.0","0","0.0","0.0","","0","","0","0.0","0.0","","0.00","","0","","","","0","0.0","0","0","0","0","0","0.0","0","","0","0.000","0","","0","","0","","0","0","0.0","0","0.0","","","100.0","","","","0.00","","0.0","0.0","0.0","0.00","0.0"
"303","Bo Melton","GB","WR","9","2025","3","100.0","0.0","0","0.0","0","0.0","0.0","","0","","0","0.0","0.0","","0.00","","0","","","","0","0.0","0","0","0","0","0","0.0","0","","0","0.000","0","","0","","0","","0","0","0.0","0","0.0","","","100.0","","","","0.00","","0.0","0.0","0.0","0.00","0.0"
"304","Tyler Conklin","LAC","TE","10","2025","3","75.0","0.0","0","0.0","0","0.0","0.0","","0","","0","0.0","0.0","","0.00","","0","","","","0","0.0","0","0","0","0","0","0.0","0","","0","0.000","0","","0","","0","","0","0","0.0","0","0.0","","","100.0","","","","0.00","","0.0","0.0","0.0","0.00","0.0"
"305","Tanner Conner","MIA","TE","9","2025","1","100.0","0.0","0","0.0","0","0.0","0.0","","0","","0","0.0","0.0","","0.00","","0","","","","0","0.0","0","0","0","0","0","0.0","0","","0","0.000","0","","0","","0","","0","0","0.0","0","0.0","","","100.0","","","","0.00","","0.0","0.0","0.0","0.00","0.0"
"306","Luke Musgrave","GB","TE","17","2025","3","75.0","0.0","0","0.0","0","0.0","0.0","","0","","0","0.0","0.0","","0.00","","0","","","","0","0.0","0","0","0","0","0","0.0","0","","0","0.000","0","","0","","0","","0","0","0.0","0","0.0","","","100.0","","","","0.00","","0.0","0.0","0.0","0.00","0.0"
"307","Ty Johnson","BUF","RB","17","2025","6","75.0","0.0","0","0.0","0","0.0","0.0","","0","","0","0.0","0.0","","0.00","","0","","","","0","0.0","0","0","0","0","0","0.0","0","","0","0.000","0","","0","","0","","0","0","0.0","0","0.0","","","100.0","","","","0.00","","0.0","0.0","0.0","0.00","0.0"
"308","Sam LaPorta","DET","TE","9","2025","5","83.3","0.0","0","0.0","0","0.0","0.0","","0","","0","0.0","0.0","","0.00","","0","","","","0","0.0","0","0","0","0","0","0.0","0","","0","0.000","0","","0","","0","","0","0","0.0","0","0.0","","","100.0","","","","0.00","","0.0","0.0","0.0","0.00","0.0"
"309","Anthony Firkser","DET","TE","7","2025","4","100.0","0.0","0","0.0","0","0.0","0.0","","0","","0","0.0","0.0","","0.00","","0","","","","0","0.0","0","0","0","0","0","0.0","0","","0","0.000","0","","0","","0","","0","0","0.0","0","0.0","","","100.0","","","","0.00","","0.0","0.0","0.0","0.00","0.0"
"310","Julius Chestnut","TEN","RB","17","2025","1","100.0","0.0","0","0.0","0","0.0","0.0","","0","","0","0.0","0.0","","0.00","","0","","","","0","0.0","0","0","0","0","0","0.0","0","","0","0.000","0","","0","","0","","0","0","0.0","0","0.0","","","100.0","","","","0.00","","0.0","0.0","0.0","0.00","0.0"
"311","Xavier Smith","LA","WR","16","2025","8","100.0","0.0","0","0.0","0","0.0","0.0","","0","","0","0.0","0.0","","0.00","","0","","","","0","0.0","0","0","0","0","0","0.0","0","","0","0.000","0","","0","","0","","0","0","0.0","0","0.0","","","100.0","","","","0.00","","0.0","0.0","0.0","0.00","0.0"
"312","Ameer Abdullah","IND","RB","13","2025","1","100.0","0.0","0","0.0","0","0.0","0.0","","0","","0","0.0","0.0","","0.00","","0","","","","0","0.0","0","0","0","0","0","0.0","0","","0","0.000","0","","0","","0","","0","0","0.0","0","0.0","","","100.0","","","","0.00","","0.0","0.0","0.0","0.00","0.0"
"313","Kimani Vidal","LAC","RB","13","2025","2","100.0","0.0","0","0.0","0","0.0","0.0","","0","","0","0.0","0.0","","0.00","","0","","","","0","0.0","0","0","0","0","0","0.0","0","","0","0.000","0","","0","","0","","0","0","0.0","0","0.0","","","100.0","","","","0.00","","0.0","0.0","0.0","0.00","0.0"
"314","Omarion Hampton","LAC","RB","9","2025","2","100.0","0.0","0","0.0","0","0.0","0.0","","0","","0","0.0","0.0","","0.00","","0","","","","0","0.0","0","0","0","0","0","0.0","0","","0","0.000","0","","0","","0","","0","0","0.0","0","0.0","","","100.0","","","","0.00","","0.0","0.0","0.0","0.00","0.0"
"315","DeMario Douglas","NE","WR","17","2025","2","100.0","0.0","0","0.0","0","0.0","0.0","","0","","0","0.0","0.0","","0.00","","0","","","","0","0.0","0","0","0","0","0","0.0","0","","0","0.000","0","","0","","0","","0","0","0.0","0","0.0","","","100.0","","","","0.00","","0.0","0.0","0.0","0.00","0.0"
"316","Devin Culp","TB","TE","11","2025","1","100.0","0.0","0","0.0","0","0.0","0.0","","0","","0","0.0","0.0","","0.00","","0","","","","0","0.0","0","0","0","0","0","0.0","0","","0","0.000","0","","0","","0","","0","0","0.0","0","0.0","","","100.0","","","","0.00","","0.0","0.0","0.0","0.00","0.0"
"317","Grant Calcaterra","PHI","TE","15","2025","1","100.0","0.0","0","0.0","0","0.0","0.0","","0","","0","0.0","0.0","","0.00","","0","","","","0","0.0","0","0","0","0","0","0.0","0","","0","0.000","0","","0","","0","","0","0","0.0","0","0.0","","","100.0","","","","0.00","","0.0","0.0","0.0","0.00","0.0"
"318","Blake Whiteheart","CLV","TE","16","2025","2","100.0","0.0","0","0.0","0","0.0","0.0","","0","","0","0.0","0.0","","0.00","","0","","","","0","0.0","0","0","0","0","0","0.0","0","","0","0.000","0","","0","","0","","0","0","0.0","0","0.0","","","100.0","","","","0.00","","0.0","0.0","0.0","0.00","0.0"
"319","Quentin Skinner","NYJ","WR","1","2025","1","100.0","0.0","0","0.0","0","0.0","0.0","","0","","0","0.0","0.0","","0.00","","0","","","","0","0.0","0","0","0","0","0","0.0","0","","0","0.000","0","","0","","0","","0","0","0.0","0","0.0","","","100.0","","","","0.00","","0.0","0.0","0.0","0.00","0.0"
"320","Simi Fehoko","ARZ","WR","7","2025","3","60.0","0.0","0","0.0","0","0.0","0.0","","0","","0","0.0","0.0","","0.00","","0","","","","0","0.0","0","0","0","0","0","0.0","0","","0","0.000","0","","0","","0","","0","0","0.0","0","0.0","","","100.0","","","","0.00","","0.0","0.0","0.0","0.00","0.0"
"321","Michael Carter","ARZ","RB","13","2025","2","100.0","0.0","0","0.0","0","0.0","0.0","","0","","0","0.0","0.0","","0.00","","0","","","","0","0.0","0","0","0","0","0","0.0","0","","0","0.000","0","","0","","0","","0","0","0.0","0","0.0","","","100.0","","","","0.00","","0.0","0.0","0.0","0.00","0.0"
"322","Kyle Monangai","CHI","RB","17","2025","3","100.0","0.0","0","0.0","0","0.0","0.0","","0","","0","0.0","0.0","","0.00","","0","","","","0","0.0","0","0","0","0","0","0.0","0","","0","0.000","0","","0","","0","","0","0","0.0","0","0.0","","","100.0","","","","0.00","","0.0","0.0","0.0","0.00","0.0"
"323","Tommy Tremble","CAR","TE","17","2025","6","100.0","0.0","0","0.0","0","0.0","0.0","","0","","0","0.0","0.0","","0.00","","0","","","","0","0.0","0","0","0","0","0","0.0","0","","0","0.000","0","","0","","0","","0","0","0.0","0","0.0","","","100.0","","","","0.00","","0.0","0.0","0.0","0.00","0.0"
"324","Shane Zylstra","DET","TE","5","2025","1","100.0","0.0","0","0.0","0","0.0","0.0","","0","","0","0.0","0.0","","0.00","","0","","","","0","0.0","0","0","0","0","0","0.0","0","","0","0.000","0","","0","","0","","0","0","0.0","0","0.0","","","100.0","","","","0.00","","0.0","0.0","0.0","0.00","0.0"
"325","Isaiah Bond","CLV","WR","16","2025","26","100.0","18.0","18","16.5","1","0.1","4.3","0.04","0","","0","0.0","0.0","","0.00","","0","","","","0","0.0","0","0","0","0","1","9.1","0","","0","0.000","0","","0","","0","","0","0","0.0","0","39.6","4.3","-10.9","100.0","","","","0.00","","0.0","2.1","0.1","0.08","2.1"
"326","Jonathan Taylor","IND","RB","17","2025","5","100.0","0.0","0","0.0","0","0.0","0.0","","0","","0","0.0","0.0","","0.00","","0","","","","0","0.0","0","0","0","0","0","0.0","0","","0","0.000","0","","0","","0","","0","0","0.0","0","0.0","","","100.0","","","","0.00","","0.0","0.0","0.0","0.00","0.0"
"327","Gunner Olszewski","NYG","WR","16","2025","5","100.0","21.0","42","105.0","2","0.1","50.0","0.40","0","","0","0.0","0.0","","0.00","","0","","","","0","0.0","2","2","0","2","0","0.0","0","","0","0.000","0","","0","","0","","2","0","0.0","0","39.6","66.7","-11.4","100.0","","","","0.00","","0.0","5.1","0.3","1.02","5.1"
"328","Skyy Moore","SF","WR","17","2025","8","100.0","43.0","43","37.4","1","0.1","14.3","0.13","0","","0","0.0","0.0","","0.00","","0","","","","0","0.0","0","0","0","1","1","16.7","0","","0","0.000","0","","0","","0","","0","0","0.0","0","39.6","14.3","-15.0","100.0","","","","0.00","","0.0","2.9","0.2","0.36","2.9"
"329","Dareke Young","SEA","WR","9","2025","3","100.0","8.0","8","53.3","1","0.1","33.3","0.33","0","","0","0.0","0.0","","0.00","","0","","","","0","0.0","0","0","0","0","1","50.0","0","","0","0.000","0","","0","","0","","1","0","0.0","0","39.6","33.3","-7.5","100.0","","","","0.00","","0.0","1.6","0.2","0.52","1.6"
"330","Dee Eskridge","MIA","WR","13","2025","6","100.0","0.0","0","0.0","0","0.0","0.0","","0","","0","0.0","0.0","","0.00","","0","","","","0","0.0","0","0","0","0","0","0.0","0","","0","0.000","0","","0","","0","","0","0","0.0","0","0.0","","","100.0","","","","0.00","","0.0","0.0","0.0","0.00","0.0"
"331","Tony Pollard","TEN","RB","17","2025","1","100.0","0.0","0","0.0","0","0.0","0.0","","0","","0","0.0","0.0","","0.00","","0","","","","0","0.0","0","0","0","0","0","0.0","0","","0","0.000","0","","0","","0","","0","0","0.0","0","0.0","","","100.0","","","","0.00","","0.0","0.0","0.0","0.00","0.0"
"332","Jack Bech","LV","WR","16","2025","27","100.0","2.0","2","1.9","1","0.1","5.0","0.04","0","","0","0.0","0.0","","0.00","","0","","","","0","0.0","0","0","0","0","1","7.1","0","","0","0.000","0","","1","100.0","0","","1","0","0.0","0","39.6","5.0","-5.3","100.0","","","","0.00","","0.0","1.3","0.1","0.05","1.3"
"333","Quinshon Judkins","CLV","RB","14","2025","3","100.0","0.0","0","0.0","0","0.0","0.0","","0","","0","0.0","0.0","","0.00","","0","","","","0","0.0","0","0","0","0","0","0.0","0","","0","0.000","0","","0","","0","","0","0","0.0","0","0.0","","","100.0","","","","0.00","","0.0","0.0","0.0","0.00","0.0"
"334","Will Dissly","LAC","TE","9","2025","2","50.0","0.0","0","0.0","0","0.0","0.0","","0","","0","0.0","0.0","","0.00","","0","","","","0","0.0","0","0","0","0","0","0.0","0","","0","0.000","0","","0","","0","","0","0","0.0","0","0.0","","","100.0","","","","0.00","","0.0","0.0","0.0","0.00","0.0"
"335","Nate Adkins","DEN","TE","9","2025","2","100.0","0.0","0","0.0","0","0.0","0.0","","0","","0","0.0","0.0","","0.00","","0","","","","0","0.0","0","0","0","0","0","0.0","0","","0","0.000","0","","0","","0","","0","0","0.0","0","0.0","","","100.0","","","","0.00","","0.0","0.0","0.0","0.00","0.0"
"336","Arian Smith","NYJ","WR","16","2025","16","94.1","0.0","0","0.0","0","0.0","0.0","","0","","0","0.0","0.0","","0.00","","0","","","","0","0.0","0","0","0","0","0","0.0","0","","0","0.000","0","","0","","0","","0","0","0.0","0","0.0","","","100.0","","","","0.00","","0.0","0.0","0.0","0.00","0.0"
"337","Tom Kennedy","DET","WR","6","2025","3","100.0","0.0","0","0.0","0","0.0","0.0","","0","","0","0.0","0.0","","0.00","","0","","","","0","0.0","0","0","0","0","0","0.0","0","","0","0.000","0","","0","","0","","0","0","0.0","0","0.0","","","100.0","","","","0.00","","0.0","0.0","0.0","0.00","0.0"
"338","Jelani Woods","NYJ","TE","4","2025","1","100.0","8.0","8","100.0","1","0.3","100.0","1.00","0","","0","0.0","0.0","","0.00","","0","","","","0","0.0","0","0","0","0","1","100.0","0","","0","0.000","0","","1","100.0","0","","1","0","0.0","0","39.6","100.0","-7.7","100.0","","","","0.00","","0.0","2.0","0.5","1.97","2.0"
"339","Chris Rodriguez","WAS","RB","13","2025","1","100.0","0.0","0","0.0","0","0.0","0.0","","0","","0","0.0","0.0","","0.00","","0","","","","0","0.0","0","0","0","0","0","0.0","0","","0","0.000","0","","0","","0","","0","0","0.0","0","0.0","","","100.0","","","","0.00","","0.0","0.0","0.0","0.00","0.0"
"340","Dylan Drummond","ATL","WR","9","2025","7","100.0","38.0","38","48.7","1","0.1","16.7","0.14","0","","0","0.0","0.0","","0.00","","0","","","","0","0.0","0","0","0","1","0","0.0","0","","0","0.000","0","","1","100.0","0","","1","0","0.0","0","39.6","16.7","-11.7","100.0","","","","0.00","","0.0","1.3","0.1","0.19","1.3"
"341","Hunter Henry","NE","TE","17","2025","4","66.7","0.0","0","0.0","0","0.0","0.0","","0","","0","0.0","0.0","","0.00","","0","","","","0","0.0","0","0","0","0","0","0.0","0","","0","0.000","0","","0","","0","","0","0","0.0","0","0.0","","","100.0","","","","0.00","","0.0","0.0","0.0","0.00","0.0"
"342","Michael Bandy","DEN","WR","4","2025","1","100.0","0.0","0","0.0","0","0.0","0.0","","0","","0","0.0","0.0","","0.00","","0","","","","0","0.0","0","0","0","0","0","0.0","0","","0","0.000","0","","0","","0","","0","0","0.0","0","0.0","","","100.0","","","","0.00","","0.0","0.0","0.0","0.00","0.0"
"343","Casey Washington","ATL","WR","7","2025","6","100.0","0.0","0","0.0","0","0.0","0.0","","0","","0","0.0","0.0","","0.00","","0","","","","0","0.0","0","0","0","0","0","0.0","0","","0","0.000","0","","0","","0","","0","0","0.0","0","0.0","","","100.0","","","","0.00","","0.0","0.0","0.0","0.00","0.0"
"344","Nick Vannett","LA, MIN","TE","5","2025","2","100.0","0.0","0","0.0","0","0.0","0.0","","0","","0","0.0","0.0","","0.00","","0","","","","0","0.0","0","0","0","0","0","0.0","0","","0","0.000","0","","0","","0","","0","0","0.0","0","0.0","","","100.0","","","","0.00","","0.0","0.0","0.0","0.00","0.0"
"345","George Kittle","SF","TE","11","2025","5","100.0","0.0","0","0.0","0","0.0","0.0","","0","","0","0.0","0.0","","0.00","","0","","","","0","0.0","0","0","0","0","0","0.0","0","","0","0.000","0","","0","","0","","0","0","0.0","0","0.0","","","100.0","","","","0.00","","0.0","0.0","0.0","0.00","0.0"
"346","Gage Larvadain","CLV","WR","13","2025","9","81.8","0.0","0","0.0","0","0.0","0.0","","0","","0","0.0","0.0","","0.00","","0","","","","0","0.0","0","0","0","0","0","0.0","0","","0","0.000","0","","0","","0","","0","0","0.0","0","0.0","","","100.0","","","","0.00","","0.0","0.0","0.0","0.00","0.0"
"347","Jakobie Keeney-James","GB","WR","1","2025","1","100.0","0.0","0","0.0","0","0.0","0.0","","0","","0","0.0","0.0","","0.00","","0","","","","0","0.0","0","0","0","0","0","0.0","0","","0","0.000","0","","0","","0","","0","0","0.0","0","0.0","","","100.0","","","","0.00","","0.0","0.0","0.0","0.00","0.0"
"348","Elijah Moore","BUF","WR","9","2025","3","75.0","0.0","0","0.0","0","0.0","0.0","","0","","0","0.0","0.0","","0.00","","0","","","","0","0.0","0","0","0","0","0","0.0","0","","0","0.000","0","","0","","0","","0","0","0.0","0","0.0","","","100.0","","","","0.00","","0.0","0.0","0.0","0.00","0.0"
"349","Jerome Ford","CLV","RB","13","2025","1","100.0","0.0","0","0.0","0","0.0","0.0","","0","","0","0.0","0.0","","0.00","","0","","","","0","0.0","0","0","0","0","0","0.0","0","","0","0.000","0","","0","","0","","0","0","0.0","0","0.0","","","100.0","","","","0.00","","0.0","0.0","0.0","0.00","0.0"
"350","Britain Covey","PHI","WR","6","2025","2","100.0","5.0","5","19.2","1","0.2","50.0","0.50","0","","0","0.0","0.0","","0.00","","0","","","","0","0.0","0","0","0","0","1","50.0","0","","0","0.000","0","","0","","0","","0","0","0.0","0","39.6","50.0","-6.4","100.0","","","","0.00","","0.0","1.6","0.3","0.82","1.6"
"351","Blake Corum","LA","RB","17","2025","1","100.0","0.0","0","0.0","0","0.0","0.0","","0","","0","0.0","0.0","","0.00","","0","","","","0","0.0","0","0","0","0","0","0.0","0","","0","0.000","0","","0","","0","","0","0","0.0","0","0.0","","","100.0","","","","0.00","","0.0","0.0","0.0","0.00","0.0"
"352","Chuba Hubbard","CAR","RB","15","2025","5","83.3","0.0","0","0.0","0","0.0","0.0","","0","","0","0.0","0.0","","0.00","","0","","","","0","0.0","0","0","0","0","0","0.0","0","","0","0.000","0","","0","","0","","0","0","0.0","0","0.0","","","100.0","","","","0.00","","0.0","0.0","0.0","0.00","0.0"
"353","Jordan Watkins","SF","WR","4","2025","3","75.0","0.0","0","0.0","0","0.0","0.0","","0","","0","0.0","0.0","","0.00","","0","","","","0","0.0","0","0","0","0","0","0.0","0","","0","0.000","0","","0","","0","","0","0","0.0","0","0.0","","","100.0","","","","0.00","","0.0","0.0","0.0","0.00","0.0"
"354","Will Mallory","IND","TE","2","2025","1","100.0","0.0","0","0.0","0","0.0","0.0","","0","","0","0.0","0.0","","0.00","","0","","","","0","0.0","0","0","0","0","0","0.0","0","","0","0.000","0","","0","","0","","0","0","0.0","0","0.0","","","100.0","","","","0.00","","0.0","0.0","0.0","0.00","0.0"
"355","Chig Okonkwo","TEN","TE","17","2025","8","72.7","-3.0","-3","-4.7","1","0.1","12.5","0.13","1","100.0","0","0.0","0.0","","0.00","","3","3.00","2","2.00","0","0.0","0","0","0","0","1","16.7","0","","0","0.000","0","","1","100.0","1","100.0","0","0","0.0","0","79.2","12.5","-5.9","100.0","","","","0.13","0.1","1.0","1.4","0.1","0.18","1.4"
"356","Noah Brown","WAS","WR","4","2025","8","88.9","0.0","0","0.0","0","0.0","0.0","","0","","0","0.0","0.0","","0.00","","0","","","","0","0.0","0","0","0","0","0","0.0","0","","0","0.000","0","","0","","0","","0","0","0.0","0","0.0","","","100.0","","","","0.00","","0.0","1.5","0.4","0.19","1.5"
"357","Efton Chism","NE","WR","8","2025","3","75.0","0.0","0","0.0","0","0.0","0.0","","0","","0","0.0","0.0","","0.00","","0","","","","0","0.0","0","0","0","0","0","0.0","0","","0","0.000","0","","0","","0","","0","0","0.0","0","0.0","","","100.0","","","","0.00","","0.0","0.0","0.0","0.00","0.0"
"358","Russell Gage","SF","WR","1","2025","2","100.0","0.0","0","0.0","0","0.0","0.0","","0","","0","0.0","0.0","","0.00","","0","","","","0","0.0","0","0","0","0","0","0.0","0","","0","0.000","0","","0","","0","","0","0","0.0","0","0.0","","","100.0","","","","0.00","","0.0","0.0","0.0","0.00","0.0"
"359","Devontez Walker","BLT","WR","11","2025","3","100.0","0.0","0","0.0","0","0.0","0.0","","0","","0","0.0","0.0","","0.00","","0","","","","0","0.0","0","0","0","0","0","0.0","0","","0","0.000","0","","0","","0","","0","0","0.0","0","0.0","","","100.0","","","","0.00","","0.0","0.0","0.0","0.00","0.0"
"360","Mike Gesicki","CIN","TE","13","2025","2","66.7","0.0","0","0.0","0","0.0","0.0","","0","","0","0.0","0.0","","0.00","","0","","","","0","0.0","0","0","0","0","0","0.0","0","","0","0.000","0","","0","","0","","0","0","0.0","0","0.0","","","100.0","","","","0.00","","0.0","0.0","0.0","0.00","0.0"
"361","Shedrick Jackson","LV","WR","5","2025","1","50.0","0.0","0","0.0","0","0.0","0.0","","0","","0","0.0","0.0","","0.00","","0","","","","0","0.0","0","0","0","0","0","0.0","0","","0","0.000","0","","0","","0","","0","0","0.0","0","0.0","","","100.0","","","","0.00","","0.0","0.0","0.0","0.00","0.0"
"362","Anthony Gould","IND","WR","11","2025","1","100.0","0.0","0","0.0","0","0.0","0.0","","0","","0","0.0","0.0","","0.00","","0","","","","0","0.0","0","0","0","0","0","0.0","0","","0","0.000","0","","0","","0","","0","0","0.0","0","0.0","","","100.0","","","","0.00","","0.0","0.0","0.0","0.00","0.0"
"363","Darren Waller","MIA","TE","9","2025","8","100.0","15.0","15","136.4","1","0.1","14.3","0.13","0","","0","0.0","0.0","","0.00","","0","","","","0","0.0","0","0","0","0","0","0.0","0","","0","0.000","0","","0","","0","","0","0","0.0","0","39.6","14.3","-10.6","100.0","","","","0.00","","0.0","1.7","0.2","0.21","1.7"
"364","AJ Barner","SEA","TE","17","2025","3","100.0","0.0","0","0.0","0","0.0","0.0","","0","","0","0.0","0.0","","0.00","","0","","","","0","0.0","0","0","0","0","0","0.0","0","","0","0.000","0","","0","","0","","0","0","0.0","0","0.0","","","100.0","","","","0.00","","0.0","0.0","0.0","0.00","0.0"
"365","Samori Toure","NO","WR","1","2025","2","100.0","9.0","9","90.0","1","1.0","50.0","0.50","0","","0","0.0","0.0","","0.00","","0","","","","0","0.0","1","0","0","0","1","100.0","0","","0","0.000","0","","0","","0","","0","0","0.0","0","0.0","50.0","-7.5","100.0","","","","0.00","","0.0","1.4","1.4","0.71","1.4"
"366","Gabe Davis","BUF","WR","6","2025","11","78.6","22.0","22","44.9","1","0.2","8.3","0.09","0","","0","0.0","0.0","","0.00","","0","","","","0","0.0","0","0","0","1","1","14.3","0","","0","0.000","0","","1","100.0","0","","1","0","0.0","0","39.6","9.1","-11.9","100.0","","","","0.00","","0.0","2.3","0.4","0.21","2.3"
"367","Ben Skowronek","PIT","WR","16","2025","1","100.0","0.0","0","0.0","0","0.0","0.0","","0","","0","0.0","0.0","","0.00","","0","","","","0","0.0","0","0","0","0","0","0.0","0","","0","0.000","0","","0","","0","","0","0","0.0","0","0.0","","","100.0","","","","0.00","","0.0","0.0","0.0","0.00","0.0"
"368","Mitchell Evans","CAR","TE","17","2025","2","100.0","0.0","0","0.0","0","0.0","0.0","","0","","0","0.0","0.0","","0.00","","0","","","","0","0.0","0","0","0","0","0","0.0","0","","0","0.000","0","","0","","0","","0","0","0.0","0","0.0","","","100.0","","","","0.00","","0.0","0.0","0.0","0.00","0.0"
"369","Malik Heath","GB","WR","11","2025","5","62.5","0.0","0","0.0","0","0.0","0.0","","0","","0","0.0","0.0","","0.00","","0","","","","0","0.0","0","0","0","0","0","0.0","0","","0","0.000","0","","0","","0","","0","0","0.0","0","0.0","","","100.0","","","","0.00","","0.0","0.0","0.0","0.00","0.0"
"370","Jacory Croskey-Merritt","WAS","RB","17","2025","1","100.0","0.0","0","0.0","0","0.0","0.0","","0","","0","0.0","0.0","","0.00","","0","","","","0","0.0","0","0","0","0","0","0.0","0","","0","0.000","0","","0","","0","","0","0","0.0","0","0.0","","","100.0","","","","0.00","","0.0","0.0","0.0","0.00","0.0"
"371","Austin Hooper","NE","TE","16","2025","6","85.7","0.0","0","0.0","0","0.0","0.0","","0","","0","0.0","0.0","","0.00","","0","","","","0","0.0","0","0","0","0","0","0.0","0","","0","0.000","0","","0","","0","","0","0","0.0","0","0.0","","","100.0","","","","0.00","","0.0","0.0","0.0","0.00","0.0"
"372","Isaiah Likely","BLT","TE","14","2025","4","80.0","0.0","0","0.0","0","0.0","0.0","","0","","0","0.0","0.0","","0.00","","0","","","","0","0.0","0","0","0","0","0","0.0","0","","0","0.000","0","","0","","0","","0","0","0.0","0","0.0","","","100.0","","","","0.00","","0.0","0.0","0.0","0.00","0.0"
"373","Jared Wayne","HST","WR","1","2025","1","100.0","0.0","0","0.0","0","0.0","0.0","","0","","0","0.0","0.0","","0.00","","0","","","","0","0.0","0","0","0","0","0","0.0","0","","0","0.000","0","","0","","0","","0","0","0.0","0","0.0","","","100.0","","","","0.00","","0.0","0.0","0.0","0.00","0.0"
"374","DeeJay Dallas","CAR, JAX","RB","5","2025","1","100.0","0.0","0","0.0","0","0.0","0.0","","0","","0","0.0","0.0","","0.00","","0","","","","0","0.0","0","0","0","0","0","0.0","0","","0","0.000","0","","0","","0","","0","0","0.0","0","0.0","","","100.0","","","","0.00","","0.0","0.0","0.0","0.00","0.0"
"375","Jordan Whittington","LA","WR","17","2025","7","77.8","0.0","0","0.0","0","0.0","0.0","","0","","0","0.0","0.0","","0.00","","0","","","","0","0.0","0","0","0","0","0","0.0","0","","0","0.000","0","","0","","0","","0","0","0.0","0","0.0","","","100.0","","","","0.00","","0.0","0.0","0.0","0.00","0.0"
"376","Jamari Thrash","CLV","WR","9","2025","2","66.7","0.0","0","0.0","0","0.0","0.0","","0","","0","0.0","0.0","","0.00","","0","","","","0","0.0","0","0","0","0","0","0.0","0","","0","0.000","0","","0","","0","","0","0","0.0","0","0.0","","","100.0","","","","0.00","","0.0","0.0","0.0","0.00","0.0"
"377","Tyrone Tracy","NYG","RB","15","2025","8","100.0","0.0","0","0.0","0","0.0","0.0","","0","","0","0.0","0.0","","0.00","","0","","","","0","0.0","0","0","0","0","0","0.0","0","","0","0.000","0","","0","","0","","0","0","0.0","0","0.0","","","100.0","","","","0.00","","0.0","0.0","0.0","0.00","0.0"
"378","Ian Thomas","LV","TE","15","2025","3","100.0","0.0","0","0.0","0","0.0","0.0","","0","","0","0.0","0.0","","0.00","","0","","","","0","0.0","0","0","0","0","0","0.0","0","","0","0.000","0","","0","","0","","0","0","0.0","0","0.0","","","100.0","","","","0.00","","0.0","0.0","0.0","0.00","0.0"
"379","Dalton Kincaid","BUF","TE","12","2025","2","100.0","2.0","2","50.0","1","0.1","50.0","0.50","0","","0","0.0","0.0","","0.00","","0","","","","0","0.0","0","0","0","0","1","100.0","0","","0","0.000","0","","1","100.0","0","","1","0","0.0","0","39.6","50.0","-6.4","100.0","","","","0.00","","0.0","1.4","0.1","0.70","1.4"