"Player Details","","","","","","Receiving","","","","","","","","","","","","","","","","","","","","","","","Advanced","","","","","","","","","","","","","","","","","","","","","","","","","","","FPTS","","","","","",""
"Rank","Name","Team","POS","G","Season","RTE","RTE %","aDOT","AY","AY Share","TGT","TGT/G","TGT %","TPRR","REC","CR %","YDS","RecYDS/G","TM YDS %","YPRR","YPT","YPR","YAC","YAC/REC","YACO","YACO/REC","TD","TM TD %","i20 TGT","EZTGT","EZTD","DP TGT","1READ","1READ %","MTF","MTF/REC","1D","1D/RR","DRP","DRP %","CTGT","CTGT %","DESIGN","DESIGN %","CT","CC","CC %","HERO","RATE","THREAT","YPTOE","WIDE RTE %","SLOT RTE %","INLINE RTE %","BACK RTE %","FP/RR","FP/G","FP","XFP","XFP/G","XFP/RR","RecXFP"
"1","George Pickens","DAL","WR","17","2025","85","95.5","12.8","268","34.9","21","1.2","25.9","0.25","15","71.4","320","18.8","41.1","3.76","15.24","21.33","160","10.67","61","4.07","3","60.0","4","4","1","6","20","31.3","4","0.27","13","0.153","1","4.8","16","76.2","0","","3","2","66.7","2","153.3","26.6","6.6","100.0","","","","0.76","3.8","65.0","42.5","2.5","0.50","42.5"
"2","Tee Higgins","CIN","WR","15","2025","61","95.3","14.6","350","53.9","24","1.6","41.4","0.39","16","66.7","244","16.3","47.0","4.00","10.17","15.25","43","2.69","26","1.63","5","71.4","7","6","3","6","21","44.7","3","0.19","14","0.230","1","4.2","18","75.0","0","","7","5","71.4","1","139.6","42.9","1.0","100.0","","","","1.15","4.7","70.4","52.3","3.5","0.86","52.3"
"3","Jameson Williams","DET","WR","17","2025","78","95.1","9.3","148","30.5","16","0.9","21.1","0.21","10","62.5","238","14.0","37.7","3.05","14.88","23.80","135","13.50","25","2.50","3","33.3","2","0","0","1","13","21.3","2","0.20","10","0.128","5","31.3","16","100.0","0","","2","1","50.0","0","145.8","22.9","7.2","100.0","","","","0.66","3.0","51.8","29.5","1.7","0.38","29.5"
"4","Jaxon Smith-Njigba","SEA","WR","17","2025","60","98.4","10.3","227","41.8","22","1.3","37.9","0.37","17","77.3","226","13.3","49.5","3.77","10.27","13.29","68","4.00","32","1.88","2","33.3","3","2","1","1","21","50.0","3","0.18","12","0.200","1","4.5","20","90.9","0","","4","2","50.0","0","139.6","42.3","1.9","100.0","","","","0.86","3.0","51.6","48.3","2.8","0.81","48.3"
"5","Zay Flowers","BLT","WR","17","2025","75","98.7","13.2","251","36.7","19","1.1","28.4","0.25","13","68.4","225","13.2","32.9","3.00","11.84","17.31","65","5.00","18","1.38","0","0.0","2","2","0","4","13","27.1","2","0.15","9","0.120","2","10.5","16","84.2","1","5.3","1","0","0.0","1","108.4","29.2","2.7","100.0","","","","0.47","2.1","35.5","34.1","2.0","0.45","34.1"
"6","Alec Pierce","IND","WR","15","2025","79","97.5","18.5","406","55.8","22","1.5","31.0","0.28","11","50.0","224","14.9","49.0","2.84","10.18","20.36","32","2.91","24","2.18","1","33.3","4","4","1","6","22","34.9","0","","10","0.127","0","","15","68.2","0","","5","1","20.0","0","101.3","33.3","-0.2","100.0","","","","0.50","2.6","39.4","49.7","3.3","0.63","49.7"
"7","Nico Collins","HST","WR","15","2025","63","96.9","10.6","149","36.7","14","0.9","25.0","0.22","11","78.6","209","13.9","50.5","3.32","14.93","19.00","83","7.55","28","2.55","0","0.0","1","0","0","2","12","30.0","0","","8","0.127","1","7.1","13","92.9","0","","5","3","60.0","0","118.8","28.0","6.8","100.0","","","","0.51","2.1","31.9","23.8","1.6","0.38","23.8"
"8","Courtland Sutton","DEN","WR","17","2025","54","91.5","10.6","170","32.4","16","0.9","29.6","0.30","12","75.0","199","11.7","51.6","3.69","12.44","16.58","59","4.92","36","3.00","0","0.0","0","0","0","2","13","34.2","2","0.17","10","0.185","0","","14","87.5","0","","6","4","66.7","0","116.4","32.0","4.4","100.0","","","","0.59","1.9","31.9","26.3","1.5","0.49","26.3"
"9","A.J. Brown","PHI","WR","15","2025","58","93.5","12.8","269","44.0","21","1.4","39.6","0.36","14","66.7","195","13.0","51.9","3.36","9.29","13.93","39","2.79","32","2.29","2","33.3","1","1","0","6","20","47.6","2","0.14","11","0.190","0","","16","76.2","0","","7","4","57.1","1","128.1","42.9","0.8","100.0","","","","0.78","3.0","45.5","43.2","2.9","0.74","43.2"
"10","Puka Nacua","LA","WR","16","2025","46","93.9","12.1","205","47.3","17","1.1","37.0","0.37","13","76.5","188","11.8","39.8","4.09","11.06","14.46","31","2.38","15","1.15","2","50.0","2","1","0","3","17","47.2","0","","9","0.196","0","","14","82.4","0","","5","4","80.0","2","151.1","38.6","2.8","100.0","","","","0.95","2.7","43.8","28.9","1.8","0.63","28.9"
"11","Stefon Diggs","NE","WR","17","2025","47","97.9","9.3","149","38.3","16","0.9","44.4","0.34","13","81.3","175","10.3","39.9","3.72","10.94","13.46","55","4.23","11","0.85","2","40.0","3","0","0","1","15","51.7","1","0.08","10","0.213","1","6.3","14","87.5","1","6.3","4","3","75.0","0","125.8","47.1","3.0","100.0","","","","0.90","2.5","42.5","30.5","1.8","0.65","30.5"
"12","Rome Odunze","CHI","WR","12","2025","42","91.3","14.2","269","63.0","19","1.6","44.2","0.45","11","57.9","166","13.8","47.7","3.95","8.74","15.09","47","4.27","12","1.09","1","50.0","2","1","0","5","14","41.2","0","","10","0.238","2","10.5","14","73.7","0","","4","4","100.0","0","104.3","44.2","-0.3","100.0","","","","0.80","2.8","33.6","39.3","3.3","0.94","39.3"
"13","CeeDee Lamb","DAL","WR","14","2025","44","93.6","12.4","174","42.1","14","1.0","31.1","0.32","9","64.3","160","11.4","36.0","3.64","11.43","17.78","52","5.78","17","1.89","0","0.0","3","3","0","2","13","33.3","1","0.11","8","0.182","3","21.4","12","85.7","0","","1","0","0.0","0","103.3","31.1","2.7","100.0","","","","0.57","1.8","25.0","35.3","2.5","0.80","35.3"
"14","Michael Wilson","ARZ","WR","17","2025","62","98.4","14.1","268","50.4","19","1.1","35.8","0.31","10","52.6","151","8.9","44.7","2.44","7.95","15.10","25","2.50","10","1.00","0","0.0","1","0","0","4","19","45.2","2","0.20","9","0.145","0","","14","73.7","0","","9","4","44.4","1","39.5","38.8","-1.2","100.0","","","","0.40","1.5","25.1","37.7","2.2","0.61","37.7"
"15","DeAndre Hopkins","BLT","WR","17","2025","40","100.0","15.4","169","48.6","11","0.6","31.4","0.28","8","72.7","144","8.5","49.5","3.60","13.09","18.00","29","3.63","7","0.88","1","50.0","0","1","1","4","9","39.1","0","","6","0.150","0","","9","81.8","0","","6","5","83.3","0","145.1","34.4","3.9","100.0","","","","0.71","1.7","28.4","18.1","1.1","0.45","18.1"
"16","Jerry Jeudy","CLV","WR","17","2025","108","93.9","11.0","276","40.0","25","1.5","24.5","0.23","13","52.0","142","8.4","20.3","1.31","5.68","10.92","46","3.54","9","0.69","0","0.0","1","0","0","3","21","27.3","2","0.15","9","0.083","3","12.0","17","68.0","1","4.0","5","3","60.0","0","52.4","26.3","-2.5","100.0","","","","0.25","1.6","27.2","41.5","2.4","0.38","41.5"
"17","Quentin Johnston","LAC","WR","14","2025","101","97.1","11.5","184","26.2","16","1.1","18.2","0.16","11","68.8","139","9.9","27.7","1.38","8.69","12.64","28","2.55","14","1.27","2","50.0","2","2","1","2","15","21.1","1","0.09","6","0.059","1","6.3","13","81.3","0","","3","1","33.3","1","135.2","19.3","0.1","100.0","","","","0.37","2.6","36.9","28.2","2.0","0.28","28.2"
"18","Ladd McConkey","LAC","WR","16","2025","47","94.0","12.1","97","29.4","8","0.5","19.0","0.17","7","87.5","138","8.6","39.2","2.94","17.25","19.71","57","8.14","5","0.71","1","50.0","0","1","1","1","7","22.6","4","0.57","7","0.149","0","","8","100.0","0","","1","0","0.0","0","158.3","21.1","8.7","100.0","","","","0.57","1.7","26.8","13.4","0.8","0.29","13.4"
"19","Xavier Worthy","KC","WR","14","2025","51","89.5","18.3","201","45.4","11","0.8","21.2","0.22","4","36.4","138","9.9","43.0","2.71","12.55","34.50","27","6.75","3","0.75","0","0.0","0","0","0","5","8","22.2","2","0.50","4","0.078","0","","5","45.5","0","","1","0","0.0","0","84.5","22.4","2.7","100.0","","","","0.35","1.3","17.8","24.4","1.7","0.48","24.4"
"20","DK Metcalf","PIT","WR","15","2025","55","91.7","21.2","233","39.8","11","0.7","19.0","0.20","6","54.5","136","9.1","33.3","2.47","12.36","22.67","15","2.50","","","1","50.0","1","2","1","5","10","21.7","0","","6","0.109","0","","8","72.7","0","","5","3","60.0","1","129.4","20.8","1.8","100.0","","","","0.47","1.7","25.6","28.8","1.9","0.52","28.8"
"21","Tetairoa McMillan","CAR","WR","17","2025","79","100.0","11.2","246","41.4","22","1.3","31.4","0.28","8","36.4","130","7.6","28.8","1.65","5.91","16.25","60","7.50","6","0.75","0","0.0","3","1","0","3","19","40.4","2","0.25","7","0.089","3","13.6","16","72.7","0","","8","2","25.0","0","38.1","36.7","-2.3","100.0","","","","0.27","1.2","21.0","44.0","2.6","0.56","44.0"
"22","Ja'Marr Chase","CIN","WR","16","2025","69","100.0","9.2","221","34.0","24","1.5","36.4","0.35","13","54.2","127","7.9","28.4","1.84","5.29","9.77","56","4.31","17","1.31","1","11.1","3","1","0","3","22","41.5","2","0.15","8","0.116","2","8.3","18","75.0","3","12.5","5","3","60.0","1","65.8","37.5","-2.3","100.0","","","","0.46","2.0","31.7","41.7","2.6","0.60","41.7"
"23","Deebo Samuel","WAS","WR","16","2025","30","100.0","6.3","57","21.5","9","0.6","32.1","0.30","8","88.9","119","7.4","57.8","3.97","13.22","14.88","70","8.75","31","3.88","0","0.0","1","0","0","1","8","38.1","4","0.50","6","0.200","0","","8","88.9","2","22.2","2","2","100.0","0","118.8","33.3","6.2","100.0","","","","0.66","1.2","19.9","15.1","0.9","0.50","15.1"
"24","Rashid Shaheed","SEA, NO","WR","18","2025","46","97.9","14.0","168","38.0","12","0.7","27.9","0.26","7","58.3","117","6.5","30.3","2.54","9.75","16.71","22","3.14","8","1.14","0","0.0","1","1","0","4","10","29.4","0","","6","0.130","0","","10","83.3","0","","5","2","40.0","1","91.3","28.6","0.7","100.0","","","","0.41","1.0","18.7","23.2","1.3","0.51","23.2"
"25","Brian Thomas","JAX","WR","14","2025","53","93.0","20.8","187","36.6","9","0.6","17.6","0.17","6","66.7","114","8.1","27.2","2.15","12.67","19.00","7","1.17","4","0.67","0","0.0","0","1","0","4","8","21.1","0","","5","0.094","1","11.1","8","88.9","0","","2","0","0.0","0","109.7","20.5","2.6","100.0","","","","0.33","1.2","17.4","20.4","1.5","0.39","20.4"
"26","Ricky Pearsall","SF","WR","9","2025","36","97.3","17.0","102","32.8","6","0.7","16.2","0.17","5","83.3","109","12.1","49.8","3.03","18.17","21.80","15","3.00","10","2.00","0","0.0","0","0","0","3","6","24.0","0","","5","0.139","0","","5","83.3","0","","2","2","100.0","2","118.8","18.8","8.8","100.0","","","","0.44","1.8","15.9","13.3","1.5","0.37","13.3"
"27","Jalen Coker","CAR","WR","11","2025","21","95.5","12.0","108","72.0","9","0.8","45.0","0.43","6","66.7","109","9.9","74.1","5.19","12.11","18.17","27","4.50","13","2.17","1","100.0","0","0","0","2","8","66.7","0","","5","0.238","0","","6","66.7","0","","2","2","100.0","0","145.1","52.9","3.7","100.0","","","","1.09","2.1","22.9","15.8","1.4","0.75","15.8"
"28","Davante Adams","LA","WR","14","2025","81","95.3","14.7","265","34.7","18","1.3","22.0","0.22","9","50.0","109","7.8","15.1","1.35","6.06","12.11","18","2.00","8","0.89","1","20.0","4","2","1","6","13","21.7","0","","8","0.099","0","","11","61.1","0","","5","3","60.0","1","87.5","23.4","-3.1","100.0","","","","0.32","1.9","25.9","38.7","2.8","0.48","38.7"
"29","Justin Jefferson","MIN","WR","17","2025","72","94.7","16.1","321","47.4","20","1.2","32.3","0.28","10","50.0","108","6.4","31.9","1.50","5.40","10.80","20","2.00","14","1.40","1","33.3","2","3","1","6","17","37.0","1","0.10","7","0.097","1","5.0","12","60.0","0","","7","5","71.4","2","62.1","35.7","-4.3","100.0","","","","0.37","1.6","26.8","39.5","2.3","0.55","39.5"
"30","Jaylin Lane","WAS","WR","15","2025","31","93.9","20.0","160","46.0","8","0.5","28.6","0.26","4","50.0","106","7.1","59.6","3.42","13.25","26.50","11","2.75","18","4.50","0","0.0","1","1","0","3","6","30.0","0","","4","0.129","2","25.0","7","87.5","0","","3","1","33.3","0","95.8","30.8","2.2","100.0","","","","0.47","1.0","14.6","12.6","0.8","0.41","12.6"
"31","DeMario Douglas","NE","WR","17","2025","8","100.0","12.4","62","69.7","5","0.3","71.4","0.63","5","100.0","103","6.1","78.0","12.88","20.60","20.60","41","8.20","10","2.00","1","50.0","1","0","0","1","4","80.0","1","0.20","3","0.375","0","","5","100.0","0","","0","0","0.0","0","158.3","71.4","12.4","100.0","","","","2.66","1.3","21.3","6.7","0.4","0.83","6.7"
"32","Tre Tucker","LV","WR","17","2025","97","97.0","13.1","184","26.3","14","0.8","16.1","0.14","6","42.9","95","5.6","19.4","0.98","6.79","15.83","26","4.33","4","0.67","0","0.0","1","1","0","4","13","20.3","0","","4","0.041","0","","6","42.9","1","7.1","0","0","0.0","0","66.1","16.7","-1.9","100.0","","","","0.16","0.9","15.5","24.6","1.4","0.25","24.6"
"33","Amon-Ra St. Brown","DET","WR","17","2025","34","91.9","11.6","104","41.6","9","0.5","26.5","0.26","6","66.7","94","5.5","30.5","2.76","10.44","15.67","33","5.50","7","1.17","1","50.0","3","2","1","1","9","34.6","0","","4","0.118","1","11.1","7","77.8","0","","1","1","100.0","0","138.2","28.1","1.5","100.0","","","","0.63","1.3","21.4","20.6","1.2","0.61","20.6"
"34","Chris Moore","WAS","WR","14","2025","36","97.3","16.4","115","41.5","7","0.5","21.2","0.19","3","42.9","93","6.6","36.6","2.58","13.29","31.00","36","12.00","11","3.67","0","0.0","0","0","0","2","5","19.2","0","","3","0.083","1","14.3","4","57.1","0","","1","0","0.0","0","89.9","21.9","3.6","100.0","","","","0.34","0.9","12.3","13.2","0.9","0.37","13.2"
"35","Romeo Doubs","GB","WR","16","2025","82","98.8","12.8","217","28.1","17","1.1","22.1","0.21","7","41.2","93","5.8","15.7","1.13","5.47","13.29","49","7.00","18","2.57","0","0.0","3","0","0","2","13","23.6","1","0.14","6","0.073","3","17.6","13","76.5","0","","4","1","25.0","0","34.7","23.6","-3.3","100.0","","","","0.20","1.0","16.3","32.6","2.0","0.40","32.6"
"36","Emeka Egbuka","TB","WR","17","2025","63","92.6","10.7","192","56.1","18","1.1","34.0","0.29","7","38.9","89","5.2","44.1","1.41","4.94","12.71","33","4.71","6","0.86","1","50.0","1","0","0","2","16","44.4","1","0.14","4","0.063","0","","10","55.6","1","5.6","5","1","20.0","0","73.6","37.5","-3.5","100.0","","","","0.35","1.3","21.9","32.1","1.9","0.51","32.1"
"37","Xavier Legette","CAR","WR","15","2025","42","97.7","18.0","180","41.7","10","0.7","23.8","0.24","6","60.0","89","5.9","40.3","2.12","8.90","14.83","3","0.50","2","0.33","1","50.0","3","4","1","3","8","25.8","0","","6","0.143","0","","6","60.0","0","","3","3","100.0","0","82.9","25.6","-0.6","100.0","","","","0.50","1.4","20.9","27.3","1.8","0.65","27.3"
"38","Ryan Flournoy","DAL","WR","15","2025","29","96.7","15.6","78","31.8","5","0.3","18.5","0.17","3","60.0","86","5.7","23.4","2.97","17.20","28.67","31","10.33","4","1.33","1","50.0","1","1","0","1","2","10.0","0","","2","0.069","0","","4","80.0","0","","1","0","0.0","0","143.8","19.2","7.1","100.0","","","","0.61","1.2","17.6","10.4","0.7","0.36","10.4"
"39","Elic Ayomanor","TEN","WR","16","2025","60","92.3","13.2","171","29.0","13","0.8","22.4","0.22","6","46.2","86","5.4","25.7","1.43","6.62","14.33","22","3.67","2","0.33","1","50.0","1","0","0","2","11","27.5","0","","5","0.083","0","","7","53.8","0","","5","4","80.0","0","93.8","26.0","-2.2","100.0","","","","0.34","1.3","20.6","24.3","1.5","0.40","24.3"
"40","Kyle Williams","NE","WR","17","2025","30","96.8","12.4","62","22.9","5","0.3","18.5","0.17","3","60.0","85","5.0","23.2","2.83","17.00","28.33","59","19.67","1","0.33","1","20.0","0","0","0","1","4","16.7","0","","2","0.067","0","","3","60.0","0","","0","0","0.0","0","143.8","18.5","8.1","100.0","","","","0.58","1.0","17.5","7.7","0.5","0.26","7.7"
"41","Keenan Allen","LAC","WR","17","2025","83","100.0","7.8","132","22.8","17","1.0","23.9","0.20","8","47.1","85","5.0","20.4","1.02","5.00","10.63","41","5.13","32","4.00","0","0.0","4","1","0","2","15","27.8","1","0.13","6","0.072","2","11.8","12","70.6","0","","4","2","50.0","0","62.1","25.4","-2.3","100.0","","","","0.20","1.0","16.5","31.6","1.9","0.38","31.6"
"42","Isaiah Bond","CLV","WR","16","2025","42","97.7","22.7","159","36.1","7","0.4","18.4","0.17","3","42.9","84","5.3","38.2","2.00","12.00","28.00","14","4.67","-1","-0.33","0","0.0","0","1","0","4","7","25.9","0","","2","0.048","0","","4","57.1","0","","3","2","66.7","0","87.8","20.6","1.5","100.0","","","","0.27","0.7","11.4","13.4","0.8","0.32","13.4"
"43","Marvin Harrison","ARZ","WR","12","2025","37","94.9","9.7","116","42.0","12","1.0","36.4","0.32","7","58.3","83","6.9","52.5","2.24","6.92","11.86","26","3.71","9","1.29","1","50.0","2","2","1","1","10","37.0","0","","6","0.162","1","8.3","8","66.7","1","8.3","2","1","50.0","0","72.6","40.0","-1.2","100.0","","","","0.58","1.8","21.3","24.5","2.0","0.66","24.5"
"44","Mack Hollins","NE","WR","15","2025","48","92.3","11.7","140","34.1","12","0.8","30.8","0.25","6","50.0","82","5.5","18.9","1.71","6.83","13.67","22","3.67","16","2.67","0","0.0","0","0","0","1","12","34.3","0","","5","0.104","0","","6","50.0","0","","1","1","100.0","0","72.2","32.4","-1.8","100.0","","","","0.30","0.9","14.2","19.1","1.3","0.40","19.1"
"45","Darius Slayton","NYG","WR","14","2025","83","96.5","16.0","256","38.9","16","1.1","23.5","0.19","6","37.5","81","5.8","15.5","0.98","5.06","13.50","22","3.67","5","0.83","0","0.0","2","2","0","4","13","27.1","1","0.17","4","0.048","2","12.5","9","56.3","0","","2","1","50.0","0","54.4","25.8","-4.0","100.0","","","","0.17","1.0","14.1","32.5","2.3","0.39","32.5"
"46","Tyrell Shavers","BUF","WR","17","2025","32","88.9","14.3","86","35.0","6","0.4","18.8","0.19","5","83.3","81","4.8","36.3","2.53","13.50","16.20","37","7.40","5","1.00","0","0.0","0","0","0","2","5","17.9","0","","3","0.094","0","","5","83.3","0","","2","2","100.0","2","118.8","19.4","4.5","100.0","","","","0.41","0.8","13.1","9.9","0.6","0.31","9.9"
"47","Luther Burden","CHI","WR","15","2025","18","100.0","8.3","50","65.8","6","0.4","46.2","0.33","5","83.3","80","5.3","58.0","4.44","13.33","16.00","44","8.80","11","2.20","0","0.0","0","0","0","1","4","40.0","0","","3","0.167","1","16.7","6","100.0","1","16.7","0","0","0.0","0","118.8","50.0","5.9","100.0","","","","0.72","0.9","13.0","8.5","0.6","0.47","8.5"
"48","Marquise Brown","KC","WR","16","2025","54","98.2","9.3","93","30.0","10","0.6","22.2","0.19","6","60.0","79","4.9","37.6","1.46","7.90","13.17","24","4.00","11","1.83","0","0.0","2","0","0","2","7","25.9","0","","4","0.074","0","","6","60.0","0","","1","1","100.0","0","85.0","26.3","0.5","100.0","","","","0.26","0.9","13.9","16.1","1.0","0.30","16.1"
"49","Jakobi Meyers","LV, JAX","WR","16","2025","59","95.2","10.2","133","25.7","13","0.8","25.0","0.22","7","53.8","78","4.9","17.3","1.32","6.00","11.14","12","1.71","1","0.14","0","0.0","1","0","0","0","9","23.7","0","","5","0.085","1","7.7","10","76.9","0","","6","4","66.7","0","39.9","26.0","-2.4","100.0","","","","0.25","0.9","14.8","21.4","1.3","0.36","21.4"
"50","Tyquan Thornton","KC","WR","14","2025","44","89.8","23.1","231","52.3","10","0.7","23.8","0.23","5","50.0","78","5.6","31.2","1.77","7.80","15.60","24","4.80","6","1.20","0","0.0","0","1","0","6","9","25.7","0","","4","0.091","1","10.0","8","80.0","1","10.0","1","0","0.0","0","76.3","25.6","-2.9","100.0","","","","0.29","0.9","12.8","23.8","1.7","0.54","23.8"
"51","Michael Pittman","IND","WR","17","2025","67","97.1","8.5","85","13.7","10","0.6","16.1","0.15","8","80.0","77","4.5","17.3","1.15","7.70","9.63","21","2.63","12","1.50","1","50.0","3","2","1","0","9","16.4","0","","6","0.090","1","10.0","9","90.0","1","10.0","4","3","75.0","0","132.1","16.9","-0.1","100.0","","","","0.32","1.3","21.7","19.5","1.1","0.29","19.5"
"52","Christian Watson","GB","WR","10","2025","34","97.1","18.5","148","38.0","8","0.8","24.2","0.24","4","50.0","74","7.4","28.7","2.18","9.25","18.50","3","0.75","2","0.50","0","0.0","0","0","0","3","5","25.0","0","","3","0.088","1","12.5","7","87.5","0","","4","2","50.0","0","82.3","25.8","-0.7","100.0","","","","0.34","1.1","11.4","12.8","1.3","0.38","12.8"
"53","Adonai Mitchell","NYJ, IND","WR","16","2025","37","92.5","20.4","346","85.6","17","1.1","47.2","0.46","6","35.3","74","4.6","33.8","2.00","4.35","12.33","1","0.17","-2","-0.33","0","0.0","1","2","0","8","16","50.0","0","","5","0.135","2","11.8","8","47.1","0","","3","1","33.3","0","25.1","47.2","-6.2","100.0","","","","0.36","0.8","13.4","37.4","2.3","1.01","37.4"
"54","Jordan Addison","MIN","WR","14","2025","61","93.8","17.4","122","22.6","7","0.5","13.0","0.11","4","57.1","72","5.1","20.8","1.18","10.29","18.00","7","1.75","5","1.25","0","0.0","0","1","0","2","5","14.3","0","","3","0.049","2","28.6","6","85.7","0","","2","2","100.0","1","92.6","14.6","0.4","100.0","","","","0.18","0.8","11.2","11.8","0.8","0.19","11.8"
"55","Kayshon Boutte","NE","WR","14","2025","67","97.1","12.2","73","12.9","6","0.4","10.7","0.09","5","83.3","71","5.1","10.2","1.06","11.83","14.20","11","2.20","3","0.60","1","20.0","1","1","1","1","5","10.0","0","","4","0.060","1","16.7","6","100.0","0","","1","1","100.0","1","155.6","10.9","3.0","100.0","","","","0.27","1.3","18.1","13.4","1.0","0.20","13.4"
"56","Darnell Mooney","ATL","WR","15","2025","56","98.2","14.8","222","36.3","15","1.0","28.3","0.27","3","20.0","71","4.7","22.2","1.27","4.73","23.67","28","9.33","9","3.00","0","0.0","0","1","0","4","11","31.4","0","","3","0.054","4","26.7","9","60.0","0","","2","0","0.0","0","46.8","32.6","-4.7","100.0","","","","0.18","0.7","10.1","29.3","2.0","0.52","29.3"
"57","Marvin Mims","DEN","WR","15","2025","23","92.0","14.8","59","36.6","4","0.3","17.4","0.17","4","100.0","68","4.5","28.3","2.96","17.00","17.00","14","3.50","6","1.50","1","33.3","1","1","1","2","4","25.0","0","","2","0.087","0","","4","100.0","0","","1","1","100.0","0","158.3","18.2","8.3","100.0","","","","0.73","1.1","16.8","8.7","0.6","0.38","8.7"
"58","Andrei Iosivas","CIN","WR","17","2025","41","97.6","9.8","78","24.5","8","0.5","20.0","0.20","4","50.0","66","3.9","34.6","1.61","8.25","16.50","15","3.75","7","1.75","0","0.0","3","1","0","1","6","19.4","1","0.25","2","0.049","3","37.5","7","87.5","0","","2","1","50.0","0","78.1","20.0","0.4","100.0","","","","0.26","0.6","10.6","18.3","1.1","0.45","18.3"
"59","Josh Palmer","BUF","WR","12","2025","63","95.5","9.5","76","17.0","8","0.7","14.3","0.13","4","50.0","65","5.4","17.4","1.03","8.13","16.25","22","5.50","3","0.75","0","0.0","0","0","0","1","5","12.2","0","","3","0.048","0","","4","50.0","0","","0","0","0.0","0","38.0","15.4","0.4","100.0","","","","0.17","0.9","10.5","15.6","1.3","0.25","15.6"
"60","Keon Coleman","BUF","WR","13","2025","60","92.3","12.5","163","32.7","13","1.0","22.4","0.22","8","61.5","65","5.0","13.7","1.08","5.00","8.13","5","0.63","1","0.13","1","16.7","1","1","1","3","10","21.7","0","","4","0.067","2","15.4","11","84.6","0","","2","0","0.0","0","67.8","23.6","-3.6","100.0","","","","0.34","1.6","20.5","23.6","1.8","0.39","23.6"
"61","DeVonta Smith","PHI","WR","17","2025","34","91.9","15.0","180","55.7","12","0.7","40.0","0.35","5","41.7","64","3.8","31.8","1.88","5.33","12.80","16","3.20","6","1.20","1","25.0","2","1","1","4","12","48.0","0","","4","0.118","0","","7","58.3","0","","2","0","0.0","0","86.8","44.4","-4.0","100.0","","","","0.51","1.0","17.4","21.1","1.2","0.62","21.1"
"62","Xavier Hutchinson","HST","WR","17","2025","59","92.2","11.6","81","18.6","7","0.4","11.9","0.12","5","71.4","64","3.8","15.0","1.08","9.14","12.80","12","2.40","6","1.20","1","100.0","1","1","1","1","5","10.9","1","0.20","4","0.068","0","","6","85.7","0","","2","1","50.0","0","139.3","12.5","0.5","100.0","","","","0.29","1.0","17.4","15.5","0.9","0.26","15.5"
"63","Chris Godwin","TB","WR","9","2025","32","94.1","10.9","87","33.1","8","0.9","25.8","0.25","5","62.5","62","6.9","38.0","1.94","7.75","12.40","31","6.20","16","3.20","0","0.0","0","0","0","2","5","23.8","2","0.40","3","0.094","0","","7","87.5","2","25.0","3","1","33.3","0","86.5","26.7","-0.5","100.0","","","","0.35","1.2","11.2","13.8","1.5","0.43","13.8"
"64","Calvin Ridley","TEN","WR","7","2025","25","96.2","21.5","43","25.3","2","0.3","9.1","0.08","2","100.0","60","8.6","55.6","2.40","30.00","30.00","17","8.50","5","2.50","0","0.0","0","0","0","1","2","14.3","0","","2","0.080","0","","2","100.0","0","","0","0","0.0","0","118.8","11.1","20.9","100.0","","","","0.32","1.1","8.0","4.6","0.7","0.19","4.6"
"65","Ashton Jeanty","LV","RB","17","2025","4","100.0","11.5","23","31.9","2","0.1","50.0","0.50","2","100.0","58","3.4","69.0","14.50","29.00","29.00","35","17.50","17","8.50","1","100.0","0","0","0","1","2","50.0","1","0.50","1","0.250","0","","2","100.0","1","50.0","0","0","0.0","0","158.3","50.0","16.5","100.0","","","","3.45","0.8","13.8","3.0","0.2","0.76","3.0"
"66","Jauan Jennings","SF","WR","15","2025","39","92.9","11.0","99","32.4","9","0.6","23.7","0.23","5","55.6","58","3.9","22.3","1.49","6.44","11.60","22","4.40","6","1.20","1","25.0","4","2","0","1","9","32.1","0","","4","0.103","0","","7","77.8","0","","3","1","33.3","0","112.3","24.3","-1.8","100.0","","","","0.43","1.1","16.8","17.6","1.2","0.45","17.6"
"67","Van Jefferson","TEN","WR","16","2025","45","93.8","12.3","123","35.3","10","0.6","27.0","0.22","6","60.0","58","3.6","27.9","1.29","5.80","9.67","7","1.17","11","1.83","0","0.0","1","0","0","2","6","26.1","0","","5","0.111","0","","7","70.0","0","","4","3","75.0","0","76.3","28.6","-2.4","100.0","","","","0.26","0.7","11.8","18.3","1.1","0.41","18.3"
"68","Roman Wilson","PIT","WR","13","2025","29","100.0","21.6","108","30.6","5","0.4","18.5","0.17","2","40.0","57","4.4","48.3","1.97","11.40","28.50","8","4.00","3","1.50","0","0.0","1","0","0","3","4","18.2","0","","2","0.069","1","20.0","3","60.0","0","","1","0","0.0","0","82.9","19.2","1.9","100.0","","","","0.27","0.6","7.7","8.5","0.7","0.29","8.5"
"69","Dontayvion Wicks","GB","WR","14","2025","24","100.0","19.3","154","46.7","8","0.6","34.8","0.33","4","50.0","56","4.0","45.5","2.33","7.00","14.00","1","0.25","3","0.75","1","100.0","0","1","1","4","7","43.8","0","","4","0.167","1","12.5","6","75.0","0","","3","2","66.7","0","72.9","34.8","-3.2","100.0","","","","0.65","1.1","15.6","16.0","1.1","0.67","16.0"
"70","Jalen Nailor","MIN","WR","17","2025","32","88.9","14.2","71","23.4","5","0.3","15.2","0.16","3","60.0","54","3.2","32.3","1.69","10.80","18.00","3","1.00","1","0.33","1","33.3","3","2","1","1","5","19.2","0","","3","0.094","0","","4","80.0","0","","2","1","50.0","0","97.1","16.7","1.5","100.0","","","","0.45","0.8","14.4","14.0","0.8","0.44","14.0"
"71","Calvin Austin","PIT","WR","14","2025","27","93.1","20.1","141","60.0","7","0.5","28.0","0.26","3","42.9","53","3.8","32.9","1.96","7.57","17.67","10","3.33","3","1.00","1","33.3","1","1","1","4","7","31.8","0","","2","0.074","0","","3","42.9","0","","2","1","50.0","0","108.9","31.8","-2.8","100.0","","","","0.53","1.0","14.3","18.5","1.3","0.69","18.5"
"72","Jayden Higgins","HST","WR","17","2025","50","96.2","10.7","107","23.8","10","0.6","20.8","0.20","4","40.0","52","3.1","13.4","1.04","5.20","13.00","12","3.00","5","1.25","0","0.0","1","1","0","1","10","27.8","0","","2","0.040","0","","6","60.0","0","","1","0","0.0","0","17.5","22.2","-3.0","100.0","","","","0.18","0.5","9.2","17.7","1.0","0.35","17.7"
"73","Kenneth Gainwell","PIT","RB","17","2025","9","100.0","18.5","37","27.2","2","0.1","25.0","0.22","2","100.0","52","3.1","48.1","5.78","26.00","26.00","15","7.50","1","0.50","1","100.0","0","0","0","1","2","28.6","0","","1","0.111","0","","2","100.0","0","","0","0","0.0","1","158.3","25.0","14.6","100.0","","","","1.47","0.8","13.2","3.0","0.2","0.33","3.0"
"74","Brock Bowers","LV","TE","12","2025","23","100.0","10.3","62","33.5","6","0.5","28.6","0.26","3","50.0","51","4.3","32.9","2.22","8.50","17.00","21","7.00","2","0.67","1","100.0","0","0","0","1","6","33.3","0","","2","0.087","0","","3","50.0","0","","0","0","0.0","0","79.2","31.6","-0.1","100.0","","","","0.61","1.2","14.1","8.2","0.7","0.36","8.2"
"75","Kalif Raymond","DET","WR","15","2025","20","90.9","4.0","16","7.6","4","0.3","20.0","0.20","3","75.0","50","3.3","25.6","2.50","12.50","16.67","38","12.67","","","1","25.0","0","0","0","0","3","18.8","1","0.33","2","0.100","0","","3","75.0","0","","0","0","0.0","0","156.3","20.0","6.5","100.0","","","","0.70","0.9","14.0","8.5","0.6","0.43","8.5"
"76","Wan'Dale Robinson","NYG","WR","16","2025","42","93.3","10.4","83","32.2","8","0.5","20.5","0.19","4","50.0","50","3.1","14.9","1.19","6.25","12.50","9","2.25","4","1.00","1","33.3","2","1","1","1","6","20.0","0","","3","0.071","0","","6","75.0","0","","3","1","33.3","0","109.4","22.2","-1.9","100.0","","","","0.36","0.9","15.0","12.4","0.8","0.29","12.4"
"77","Mark Andrews","BLT","TE","17","2025","20","95.2","9.3","37","19.9","4","0.2","22.2","0.20","4","100.0","48","2.8","33.3","2.40","12.00","12.00","11","2.75","7","1.75","0","0.0","0","0","0","0","3","27.3","0","","3","0.150","0","","4","100.0","0","","2","2","100.0","0","116.7","23.5","3.5","100.0","","","","0.44","0.5","8.8","6.1","0.4","0.31","6.1"
"78","Parker Washington","JAX","WR","16","2025","32","100.0","11.2","101","38.0","9","0.6","34.6","0.28","4","44.4","47","2.9","23.0","1.47","5.22","11.75","10","2.50","8","2.00","0","0.0","0","0","0","1","6","33.3","1","0.25","3","0.094","0","","6","66.7","0","","5","2","40.0","0","21.3","37.5","-3.2","100.0","","","","0.27","0.5","8.7","13.9","0.9","0.43","13.9"
"79","Cooper Kupp","SEA","WR","16","2025","33","89.2","13.7","96","33.6","7","0.4","21.9","0.21","3","42.9","44","2.8","16.7","1.33","6.29","14.67","8","2.67","","","0","0.0","0","0","0","1","4","16.0","0","","2","0.061","0","","4","57.1","0","","1","0","0.0","1","24.4","23.3","-3.0","100.0","","","","0.22","0.5","7.4","11.9","0.7","0.36","11.9"
"80","Treylon Burks","WAS","WR","8","2025","20","90.9","16.5","99","46.3","6","0.8","33.3","0.30","2","33.3","42","5.3","38.2","2.10","7.00","21.00","11","5.50","","","1","100.0","3","3","1","2","6","37.5","0","","2","0.100","0","","3","50.0","0","","2","1","50.0","1","98.6","33.3","-2.4","100.0","","","","0.61","1.5","12.2","15.3","1.9","0.77","15.3"
"81","Rashee Rice","KC","WR","8","2025","36","92.3","6.1","49","12.7","8","1.0","24.2","0.22","5","62.5","41","5.1","20.8","1.14","5.13","8.20","26","5.20","4","0.80","1","100.0","2","1","1","0","7","36.8","1","0.20","3","0.083","1","12.5","8","100.0","1","12.5","4","1","25.0","0","115.1","26.7","-1.8","100.0","","","","0.42","1.9","15.1","14.8","1.8","0.41","14.8"
"82","Chimere Dike","TEN","WR","17","2025","13","81.3","14.7","44","43.1","3","0.2","20.0","0.23","2","66.7","41","2.4","33.3","3.15","13.67","20.50","27","13.50","1","0.50","0","0.0","0","0","0","1","1","16.7","0","","2","0.154","0","","2","66.7","0","","0","0","0.0","0","109.7","23.1","6.0","100.0","","","","0.47","0.4","6.1","6.0","0.4","0.46","6.0"
"83","Matthew Golden","GB","WR","14","2025","32","91.4","22.0","66","25.8","3","0.2","9.4","0.09","2","66.7","40","2.9","12.7","1.25","13.33","20.00","8","4.00","6","3.00","0","0.0","0","1","0","2","2","9.5","0","","1","0.031","0","","2","66.7","0","","1","1","100.0","0","109.7","10.3","3.3","100.0","","","","0.19","0.4","6.0","9.0","0.6","0.28","9.0"
"84","Skyy Moore","SF","WR","17","2025","10","90.9","15.5","31","26.3","2","0.1","18.2","0.20","2","100.0","39","2.3","35.1","3.90","19.50","19.50","8","4.00","8","4.00","0","0.0","0","0","0","0","1","16.7","0","","2","0.200","0","","2","100.0","0","","2","2","100.0","0","118.8","22.2","9.6","100.0","","","","0.59","0.3","5.9","3.2","0.2","0.32","3.2"
"85","Mike Evans","TB","WR","8","2025","36","94.7","10.5","105","46.3","10","1.3","32.3","0.28","5","50.0","39","4.9","25.2","1.08","3.90","7.80","5","1.00","2","0.40","2","66.7","2","2","2","1","9","37.5","0","","5","0.139","0","","6","60.0","0","","5","2","40.0","0","99.6","35.7","-4.3","100.0","","","","0.58","2.6","20.9","21.7","2.7","0.60","21.7"
"86","Khalil Shakir","BUF","WR","16","2025","19","90.5","3.0","9","8.0","3","0.2","17.6","0.16","3","100.0","39","2.4","28.3","2.05","13.00","13.00","30","10.00","4","1.33","0","0.0","0","0","0","0","1","10.0","0","","1","0.053","0","","3","100.0","1","33.3","0","0","0.0","0","118.8","20.0","7.1","100.0","","","","0.36","0.4","6.9","4.4","0.3","0.23","4.4"
"87","Dont'e Thornton","LV","WR","15","2025","29","90.6","14.8","118","56.2","8","0.5","28.6","0.28","3","37.5","39","2.6","31.2","1.34","4.88","13.00","16","5.33","9","3.00","0","0.0","0","0","0","2","8","30.8","0","","2","0.069","0","","4","50.0","0","","3","1","33.3","0","53.6","28.6","-4.2","100.0","","","","0.24","0.5","6.9","14.5","1.0","0.50","14.5"
"88","Rashod Bateman","BLT","WR","13","2025","62","96.9","7.6","76","15.0","10","0.8","16.7","0.16","4","40.0","39","3.0","6.9","0.63","3.90","9.75","7","1.75","7","1.75","1","33.3","1","1","1","0","7","17.1","1","0.25","2","0.032","0","","5","50.0","0","","3","2","66.7","1","85.0","17.2","-3.1","100.0","","","","0.22","1.1","13.9","15.4","1.2","0.25","15.4"
"89","DJ Moore","CHI","WR","17","2025","64","94.1","10.3","82","16.0","8","0.5","13.1","0.13","3","37.5","39","2.3","8.3","0.61","4.88","13.00","14","4.67","7","2.33","0","0.0","1","1","0","1","8","18.6","1","0.33","3","0.047","2","25.0","6","75.0","1","12.5","4","1","25.0","0","53.6","14.3","-3.5","100.0","","","","0.11","0.4","6.9","14.2","0.8","0.22","14.2"
"90","Tim Patrick","JAX","WR","16","2025","17","81.0","23.0","46","29.9","2","0.1","11.8","0.12","1","50.0","37","2.3","20.8","2.18","18.50","37.00","5","5.00","","","0","0.0","0","0","0","1","2","13.3","0","","1","0.059","1","50.0","2","100.0","0","","0","0","0.0","0","95.8","12.5","8.6","100.0","","","","0.28","0.3","4.7","3.6","0.2","0.21","3.6"
"91","Harold Fannin","CLV","TE","16","2025","18","94.7","6.0","18","11.3","3","0.2","21.4","0.17","3","100.0","36","2.3","31.0","2.00","12.00","12.00","18","6.00","4","1.33","0","0.0","0","0","0","0","2","18.2","0","","3","0.167","0","","3","100.0","0","","1","1","100.0","0","116.7","23.1","4.4","100.0","","","","0.37","0.4","6.6","4.3","0.3","0.24","4.3"
"92","Chris Olave","NO","WR","16","2025","44","95.7","12.0","144","45.1","12","0.8","32.4","0.27","5","41.7","35","2.2","13.4","0.80","2.92","7.00","15","3.00","5","1.00","0","0.0","1","1","0","2","9","31.0","0","","3","0.068","1","8.3","9","75.0","0","","7","1","14.3","0","49.3","32.4","-5.4","100.0","","","","0.19","0.5","8.5","26.0","1.6","0.59","26.0"
"93","Bo Melton","GB","WR","9","2025","3","100.0","30.0","60","89.6","2","0.2","66.7","0.67","1","50.0","34","3.8","81.0","11.33","17.00","34.00","6","6.00","4","4.00","0","0.0","0","0","0","2","1","50.0","0","","1","0.333","0","","1","50.0","0","","0","0","0.0","0","95.8","66.7","6.5","100.0","","","","1.47","0.5","4.4","4.4","0.5","1.47","4.4"
"94","Mason Kinsey","TEN","WR","10","2025","7","100.0","33.0","33","50.0","1","0.1","20.0","0.14","1","100.0","34","3.4","100.0","4.86","34.00","34.00","1","1.00","","","0","0.0","0","0","0","1","0","0.0","0","","1","0.143","0","","1","100.0","0","","1","1","100.0","0","118.8","50.0","21.5","100.0","","","","0.63","0.4","4.4","2.2","0.2","0.31","2.2"
"95","Isaiah Hodgins","NYG","WR","7","2025","34","89.5","15.4","77","21.5","5","0.7","15.6","0.15","2","40.0","34","4.9","12.4","1.00","6.80","17.00","1","0.50","","","0","0.0","1","0","0","2","5","20.8","0","","1","0.029","0","","3","60.0","0","","2","1","50.0","0","63.8","16.7","-1.9","100.0","","","","0.16","0.8","5.4","9.2","1.3","0.27","9.2"
"96","Garrett Wilson","NYJ","WR","7","2025","18","90.0","17.6","88","72.1","5","0.7","33.3","0.28","1","20.0","33","4.7","58.9","1.83","6.60","33.00","3","3.00","","","1","100.0","1","0","0","2","5","45.5","0","","1","0.056","0","","3","60.0","0","","2","0","0.0","0","94.2","38.5","-2.4","100.0","","","","0.57","1.5","10.3","13.2","1.9","0.73","13.2"
"97","Jaylen Waddle","MIA","WR","16","2025","24","82.8","10.6","106","62.7","10","0.6","37.0","0.42","4","40.0","33","2.1","19.9","1.38","3.30","8.25","7","1.75","2","0.50","0","0.0","2","0","0","1","10","47.6","0","","2","0.083","0","","4","40.0","0","","1","1","100.0","0","49.2","38.5","-4.9","100.0","","","","0.30","0.5","7.3","18.5","1.2","0.77","18.5"
"98","Demarcus Robinson","SF","WR","14","2025","33","94.3","10.4","73","31.9","7","0.5","21.2","0.21","3","42.9","32","2.3","15.9","0.97","4.57","10.67","2","0.67","","","0","0.0","0","0","0","0","4","19.0","0","","2","0.061","1","14.3","4","57.1","0","","0","0","0.0","0","56.8","22.6","-3.5","100.0","","","","0.19","0.4","6.2","11.0","0.8","0.33","11.0"
"99","Devontez Walker","BLT","WR","11","2025","10","90.9","28.3","85","55.2","3","0.3","30.0","0.30","2","66.7","32","2.9","33.7","3.20","10.67","16.00","0","","","","1","50.0","0","1","1","2","3","30.0","0","","1","0.100","0","","3","100.0","0","","1","0","0.0","0","141.7","30.0","-1.0","100.0","","","","1.12","1.0","11.2","9.0","0.8","0.90","9.0"
"100","Devaughn Vele","NO","WR","13","2025","14","100.0","21.7","65","52.8","3","0.2","23.1","0.21","2","66.7","32","2.5","26.7","2.29","10.67","16.00","0","","","","1","50.0","1","1","1","2","1","11.1","0","","1","0.071","0","","3","100.0","0","","2","1","50.0","2","141.7","25.0","-0.5","100.0","","","","0.80","0.9","11.2","7.6","0.6","0.55","7.6"
"101","Mitchell Tinsley","CIN","WR","17","2025","24","100.0","17.3","156","54.9","9","0.5","42.9","0.38","2","22.2","31","1.8","48.4","1.29","3.44","15.50","0","","","","1","50.0","4","3","1","3","6","40.0","0","","2","0.083","1","11.1","5","55.6","0","","4","1","25.0","0","78.5","42.9","-7.1","100.0","","","","0.46","0.7","11.1","21.7","1.3","0.91","21.7"
"102","Xavier Smith","LA","WR","16","2025","11","100.0","15.5","62","35.6","4","0.3","36.4","0.36","3","75.0","30","1.9","39.0","2.73","7.50","10.00","7","2.33","3","1.00","0","0.0","0","0","0","1","2","25.0","1","0.33","2","0.182","0","","3","75.0","0","","0","0","0.0","0","95.8","36.4","-1.6","100.0","","","","0.55","0.4","6.0","5.3","0.3","0.48","5.3"
"103","Sterling Shepard","TB","WR","13","2025","38","92.7","6.8","41","16.0","6","0.5","19.4","0.16","5","83.3","30","2.3","23.8","0.79","5.00","6.00","1","0.20","1","0.20","1","50.0","2","1","1","0","2","11.8","0","","2","0.053","0","","6","100.0","0","","2","1","50.0","0","127.1","20.0","-2.2","100.0","","","","0.37","1.1","14.0","11.5","0.9","0.30","11.5"
"104","Theo Johnson","NYG","TE","15","2025","19","95.0","10.0","30","29.7","3","0.2","20.0","0.16","2","66.7","30","2.0","24.4","1.58","10.00","15.00","15","7.50","2","1.00","0","0.0","0","0","0","0","3","33.3","0","","2","0.105","0","","2","66.7","0","","1","1","100.0","0","99.3","23.1","1.5","100.0","","","","0.26","0.3","5.0","7.3","0.5","0.38","7.3"
"105","Kyle Pitts","ATL","TE","17","2025","20","90.9","15.6","109","33.9","7","0.4","31.8","0.35","2","28.6","30","1.8","34.5","1.50","4.29","15.00","14","7.00","","","1","100.0","1","0","0","2","5","29.4","0","","2","0.100","1","14.3","4","57.1","0","","2","0","0.0","0","84.5","31.8","-6.3","100.0","","","","0.55","0.6","11.0","13.8","0.8","0.69","13.8"
"106","Xavier Weaver","ARZ","WR","9","2025","26","89.7","16.7","50","14.2","3","0.3","11.5","0.12","2","66.7","29","3.2","13.1","1.12","9.67","14.50","10","5.00","","","0","0.0","0","0","0","1","2","9.5","0","","1","0.038","1","33.3","3","100.0","0","","0","0","0.0","0","97.9","13.0","0.1","100.0","","","","0.19","0.5","4.9","7.6","0.8","0.29","7.6"
"107","Pat Bryant","DEN","WR","15","2025","14","93.3","7.0","21","26.6","3","0.2","23.1","0.21","2","66.7","28","1.9","27.5","2.00","9.33","14.00","20","10.00","5","2.50","0","0.0","1","1","0","0","3","30.0","0","","2","0.143","0","","2","66.7","0","","0","0","0.0","0","96.5","25.0","2.4","100.0","","","","0.34","0.3","4.8","6.9","0.5","0.49","6.9"
"108","Jalen McMillan","TB","WR","4","2025","11","84.6","3.3","10","18.2","3","0.8","30.0","0.27","3","100.0","28","7.0","40.6","2.55","9.33","9.33","18","6.00","7","2.33","0","0.0","0","0","0","0","2","33.3","0","","2","0.182","0","","3","100.0","1","33.3","0","0","0.0","0","105.6","33.3","3.1","100.0","","","","0.53","1.5","5.8","4.1","1.0","0.38","4.1"
"109","Kendrick Bourne","SF","WR","16","2025","47","97.9","9.8","49","15.0","5","0.3","11.4","0.11","4","80.0","28","1.8","10.6","0.60","5.60","7.00","-1","-0.25","2","0.50","0","0.0","0","0","0","1","2","6.5","0","","2","0.043","0","","5","100.0","0","","2","1","50.0","0","90.0","12.8","-2.3","100.0","","","","0.14","0.4","6.8","8.1","0.5","0.17","8.1"
"110","Trey McBride","ARZ","TE","17","2025","11","100.0","5.5","22","31.9","4","0.2","36.4","0.36","4","100.0","27","1.6","31.0","2.45","6.75","6.75","5","1.25","5","1.25","0","0.0","0","0","0","0","4","40.0","0","","3","0.273","0","","4","100.0","0","","1","1","100.0","0","94.8","36.4","0.0","100.0","","","","0.61","0.4","6.7","5.5","0.3","0.50","5.5"
"111","Josh Downs","IND","WR","16","2025","18","90.0","3.2","16","22.9","5","0.3","27.8","0.28","5","100.0","27","1.7","20.5","1.50","5.40","5.40","11","2.20","2","0.40","1","100.0","1","1","1","0","5","33.3","0","","4","0.222","0","","5","100.0","0","","1","1","100.0","0","128.8","29.4","-0.3","100.0","","","","0.76","0.9","13.7","8.2","0.5","0.46","8.2"
"112","Tre Harris","LAC","WR","17","2025","38","95.0","9.4","47","19.7","5","0.3","13.2","0.13","2","40.0","27","1.6","10.0","0.71","5.40","13.50","22","11.00","18","9.00","0","0.0","0","0","0","1","5","19.2","1","0.50","1","0.026","1","20.0","3","60.0","0","","0","0","0.0","0","57.9","13.9","-1.8","100.0","","","","0.12","0.3","4.7","7.0","0.4","0.18","7.0"
"113","Malik Nabers","NYG","WR","4","2025","8","88.9","16.0","48","51.6","3","0.8","37.5","0.38","2","66.7","27","6.8","46.6","3.38","9.00","13.50","9","4.50","5","2.50","0","0.0","0","1","0","1","2","40.0","0","","2","0.250","0","","2","66.7","0","","1","1","100.0","0","55.6","42.9","0.8","100.0","","","","0.59","1.2","4.7","7.9","2.0","0.99","7.9"
"114","Colby Parkinson","LA","TE","15","2025","4","100.0","23.0","23","48.9","1","0.1","25.0","0.25","1","100.0","26","1.7","45.6","6.50","26.00","26.00","3","3.00","2","2.00","1","100.0","0","0","0","1","1","33.3","0","","1","0.250","0","","1","100.0","0","","1","1","100.0","0","158.3","25.0","14.3","100.0","","","","2.40","0.6","9.6","2.6","0.2","0.64","2.6"
"115","Isaiah Davis","NYJ","RB","16","2025","3","100.0","2.0","2","50.0","1","0.1","33.3","0.33","1","100.0","26","1.6","92.9","8.67","26.00","26.00","24","24.00","4","4.00","0","0.0","0","0","0","0","1","50.0","0","","1","0.333","0","","1","100.0","0","","0","0","0.0","0","118.8","50.0","19.6","100.0","","","","1.20","0.2","3.6","1.4","0.1","0.48","1.4"
"116","John Metchie","NYJ, PHI","WR","16","2025","29","93.5","5.7","17","6.9","3","0.2","11.5","0.10","2","66.7","26","1.6","24.1","0.90","8.67","13.00","17","8.50","14","7.00","0","0.0","0","0","0","0","3","15.0","0","","1","0.034","0","","3","100.0","0","","1","0","0.0","0","93.8","12.0","2.0","100.0","","","","0.16","0.3","4.6","4.5","0.3","0.15","4.5"
"117","Juwan Johnson","NO","TE","17","2025","15","100.0","5.0","20","17.2","4","0.2","30.8","0.27","2","50.0","26","1.5","31.3","1.73","6.50","13.00","11","5.50","7","3.50","0","0.0","0","0","0","0","4","36.4","0","","2","0.133","0","","4","100.0","0","","2","0","0.0","0","70.8","33.3","0.0","100.0","","","","0.31","0.3","4.6","6.0","0.4","0.40","6.0"
"118","Hunter Henry","NE","TE","17","2025","7","100.0","7.0","14","31.1","2","0.1","33.3","0.29","2","100.0","25","1.5","51.0","3.57","12.50","12.50","11","5.50","4","2.00","1","100.0","1","0","0","0","2","33.3","0","","2","0.286","0","","2","100.0","0","","0","0","0.0","0","158.3","33.3","5.6","100.0","","","","1.50","0.6","10.5","6.5","0.4","0.93","6.5"
"119","Drake London","ATL","WR","12","2025","52","96.3","16.6","199","33.3","12","1.0","25.0","0.23","1","8.3","25","2.1","9.5","0.48","2.08","25.00","1","1.00","","","0","0.0","0","0","0","5","11","31.4","0","","1","0.019","1","8.3","6","50.0","0","","6","0","0.0","1","39.6","26.7","-7.6","100.0","","","","0.07","0.3","3.5","21.7","1.8","0.42","21.7"
"120","Jacoby Jones","WAS","WR","1","2025","1","100.0","3.0","3","100.0","1","1.0","100.0","1.00","1","100.0","25","25.0","100.0","25.00","25.00","25.00","22","22.00","","","0","0.0","0","0","0","0","1","100.0","0","","1","1.000","0","","1","100.0","0","","0","0","0.0","0","118.8","100.0","19.6","100.0","","","","3.50","3.5","3.5","1.3","1.3","1.27","1.3"
"121","Terry McLaurin","WAS","WR","10","2025","44","95.7","11.4","91","21.6","8","0.8","21.1","0.18","3","37.5","25","2.5","9.4","0.57","3.13","8.33","1","0.33","1","0.33","0","0.0","2","1","0","1","7","28.0","0","","2","0.045","0","","3","37.5","0","","1","1","100.0","0","46.4","22.2","-5.2","100.0","","","","0.13","0.6","5.5","20.7","2.1","0.47","20.7"
"122","Brenton Strange","JAX","TE","12","2025","9","100.0","10.0","20","29.4","2","0.2","22.2","0.22","2","100.0","23","1.9","27.1","2.56","11.50","11.50","3","1.50","1","0.50","0","0.0","0","0","0","0","2","33.3","0","","1","0.111","0","","2","100.0","0","","0","0","0.0","0","114.6","25.0","2.9","100.0","","","","0.48","0.4","4.3","3.3","0.3","0.37","3.3"
"123","Josh Reynolds","NYJ","WR","5","2025","20","100.0","10.8","43","33.3","4","0.8","25.0","0.20","3","75.0","23","4.6","18.4","1.15","5.75","7.67","1","0.33","1","0.33","0","0.0","0","0","0","1","4","30.8","0","","2","0.100","0","","4","100.0","0","","1","0","0.0","0","88.5","26.7","-2.4","100.0","","","","0.27","1.1","5.3","5.5","1.1","0.27","5.5"
"124","Darius Cooper","PHI","WR","13","2025","10","90.9","14.7","44","48.4","3","0.2","27.3","0.30","2","66.7","23","1.8","31.9","2.30","7.67","11.50","7","3.50","6","3.00","0","0.0","0","0","0","1","3","33.3","0","","2","0.200","0","","2","66.7","0","","2","2","100.0","0","89.6","27.3","-1.1","100.0","","","","0.43","0.3","4.3","7.3","0.6","0.73","7.3"
"125","Malik Heath","GB","WR","11","2025","12","85.7","2.5","5","7.5","2","0.2","18.2","0.17","2","100.0","22","2.0","15.1","1.83","11.00","11.00","17","8.50","13","6.50","0","0.0","0","0","0","0","2","20.0","1","0.50","1","0.083","0","","2","100.0","1","50.0","0","0","0.0","0","112.5","20.0","4.4","100.0","","","","0.35","0.4","4.2","2.6","0.2","0.22","2.6"
"126","Jahan Dotson","PHI","WR","17","2025","43","89.6","16.8","84","22.3","5","0.3","11.1","0.12","2","40.0","21","1.2","6.4","0.49","4.20","10.50","1","0.50","","","0","0.0","1","0","0","1","4","11.4","0","","1","0.023","0","","3","60.0","0","","1","1","100.0","0","52.9","12.2","-5.3","100.0","","","","0.10","0.2","4.1","11.0","0.6","0.26","11.0"
"127","Curtis Samuel","BUF","WR","6","2025","10","83.3","0.7","2","2.7","3","0.5","27.3","0.30","3","100.0","20","3.3","22.2","2.00","6.67","6.67","18","6.00","3","1.00","1","50.0","1","0","0","0","3","30.0","0","","2","0.200","0","","3","100.0","0","","0","0","0.0","0","134.0","27.3","0.8","100.0","","","","1.10","1.8","11.0","6.0","1.0","0.60","6.0"
"128","Jalen Brooks","DAL, ARZ","WR","6","2025","9","100.0","4.0","4","6.1","1","0.2","12.5","0.11","1","100.0","20","3.3","28.6","2.22","20.00","20.00","16","16.00","10","10.00","0","0.0","0","0","0","0","0","0.0","2","2.00","1","0.111","0","","1","100.0","0","","0","0","0.0","0","118.8","12.5","14.0","100.0","","","","0.33","0.5","3.0","1.4","0.2","0.15","1.4"
"129","Ashton Dulin","IND","WR","12","2025","9","90.0","18.0","36","72.0","2","0.2","22.2","0.22","1","50.0","20","1.7","60.6","2.22","10.00","20.00","0","","","","0","0.0","0","0","0","1","2","33.3","0","","1","0.111","0","","1","50.0","0","","0","0","0.0","0","85.4","28.6","-0.5","100.0","","","","0.33","0.3","3.0","5.3","0.4","0.59","5.3"
"130","Dalton Kincaid","BUF","TE","12","2025","13","100.0","16.5","33","28.7","2","0.2","18.2","0.15","1","50.0","20","1.7","18.9","1.54","10.00","20.00","4","4.00","1","1.00","0","0.0","0","0","0","0","1","14.3","0","","1","0.077","0","","1","50.0","0","","0","0","0.0","0","85.4","20.0","-0.9","100.0","","","","0.23","0.3","3.0","3.6","0.3","0.28","3.6"
"131","Marquez Valdes-Scantling","SF, PIT","WR","10","2025","34","97.1","11.0","77","23.2","7","0.7","21.2","0.21","2","28.6","20","2.0","7.8","0.59","2.86","10.00","0","","","","0","0.0","4","3","0","0","5","21.7","0","","2","0.059","0","","4","57.1","0","","4","2","50.0","0","39.6","23.3","-5.6","100.0","","","","0.12","0.4","4.0","17.1","1.7","0.50","17.1"
"132","David Sills","ATL","WR","17","2025","34","97.1","11.8","71","20.4","6","0.4","18.2","0.18","2","33.3","20","1.2","7.6","0.59","3.33","10.00","6","3.00","5","2.50","0","0.0","0","0","0","1","3","13.0","0","","1","0.029","1","16.7","3","50.0","0","","0","0","0.0","0","43.8","18.8","-4.6","100.0","","","","0.12","0.2","4.0","9.7","0.6","0.28","9.7"
"133","Deven Thompkins","ATL","WR","7","2025","2","100.0","16.0","16","160.0","1","0.1","50.0","0.50","1","100.0","19","2.7","38.0","9.50","19.00","19.00","3","3.00","1","1.00","0","0.0","0","0","0","0","1","50.0","0","","1","0.500","0","","1","100.0","0","","0","0","0.0","0","118.8","50.0","8.9","100.0","","","","1.45","0.4","2.9","2.5","0.4","1.23","2.5"
"134","Jordan Watkins","SF","WR","4","2025","1","100.0","19.0","19","100.0","1","0.3","100.0","1.00","1","100.0","19","4.8","100.0","19.00","19.00","19.00","0","","","","0","0.0","0","0","0","0","0","0.0","0","","1","1.000","0","","1","100.0","0","","1","1","100.0","0","118.8","100.0","7.1","100.0","","","","2.90","0.7","2.9","1.9","0.5","1.91","1.9"
"135","Gabe Davis","BUF","WR","6","2025","31","96.9","3.5","14","8.0","4","0.7","16.7","0.13","3","75.0","19","3.2","11.4","0.61","4.75","6.33","7","2.33","6","2.00","0","0.0","2","1","0","0","4","22.2","0","","1","0.032","1","25.0","4","100.0","0","","3","3","100.0","0","84.4","18.2","-1.0","100.0","","","","0.16","0.8","4.9","8.7","1.5","0.28","8.7"
"136","Troy Franklin","DEN","WR","17","2025","29","96.7","22.6","249","65.5","11","0.6","39.3","0.38","3","27.3","19","1.1","10.4","0.66","1.73","6.33","4","1.33","4","1.33","1","50.0","1","2","1","5","7","33.3","1","0.33","1","0.034","2","18.2","6","54.5","1","9.1","3","1","33.3","0","32.0","40.7","-8.9","100.0","","","","0.38","0.6","10.9","23.2","1.4","0.80","23.2"
"137","Dante Pettis","NO","WR","8","2025","7","100.0","-3.0","-3","-3.7","1","0.1","16.7","0.14","1","100.0","18","2.3","26.5","2.57","18.00","18.00","21","21.00","-1","-1.00","0","0.0","0","0","0","0","0","0.0","0","","1","0.143","0","","1","100.0","0","","0","0","0.0","0","118.8","16.7","13.1","100.0","","","","0.40","0.4","2.8","1.4","0.2","0.21","1.4"
"138","Jake Tonges","SF","TE","16","2025","4","100.0","13.0","13","50.0","1","0.1","25.0","0.25","1","100.0","18","1.1","47.4","4.50","18.00","18.00","5","5.00","3","3.00","0","0.0","0","0","0","0","1","33.3","0","","1","0.250","0","","1","100.0","0","","0","0","0.0","0","118.8","33.3","8.0","100.0","","","","0.70","0.2","2.8","1.5","0.1","0.38","1.5"
"139","Jalin Hyatt","NYG","WR","8","2025","23","85.2","5.8","23","18.1","4","0.5","19.0","0.17","3","75.0","17","2.1","17.0","0.74","4.25","5.67","2","0.67","","","0","0.0","0","0","0","0","4","25.0","0","","1","0.043","0","","4","100.0","0","","2","1","50.0","0","82.3","20.0","-2.4","100.0","","","","0.20","0.6","4.7","7.2","0.9","0.31","7.2"
"140","Dyami Brown","JAX","WR","14","2025","19","100.0","12.0","36","34.0","3","0.2","21.4","0.16","2","66.7","17","1.2","11.7","0.89","5.67","8.50","2","1.00","2","1.00","1","50.0","3","2","1","0","2","20.0","0","","2","0.105","1","33.3","3","100.0","0","","1","1","100.0","0","120.8","23.1","-3.3","100.0","","","","0.51","0.7","9.7","8.7","0.6","0.46","8.7"
"141","Grant Calcaterra","PHI","TE","15","2025","3","100.0","8.0","16","100.0","2","0.1","100.0","0.67","1","50.0","16","1.1","100.0","5.33","8.00","16.00","12","12.00","3","3.00","0","0.0","1","1","0","0","1","100.0","0","","1","0.333","0","","1","50.0","0","","0","0","0.0","0","77.1","100.0","0.6","100.0","","","","0.87","0.2","2.6","4.8","0.3","1.60","4.8"
"142","Cedric Tillman","CLV","WR","13","2025","43","87.8","11.6","58","24.2","5","0.4","11.4","0.12","2","40.0","16","1.2","5.8","0.37","3.20","8.00","3","1.50","","","0","0.0","0","1","0","1","5","16.1","1","0.50","2","0.047","1","20.0","4","80.0","0","","1","0","0.0","0","9.2","13.9","-5.1","100.0","","","","0.08","0.3","3.6","13.6","1.0","0.32","13.6"
"143","Gage Larvadain","CLV","WR","13","2025","13","100.0","6.3","25","36.2","4","0.3","33.3","0.31","2","50.0","16","1.2","18.0","1.23","4.00","8.00","9","4.50","4","2.00","0","0.0","0","0","0","0","4","40.0","1","0.50","0","0.000","0","","3","75.0","0","","1","0","0.0","0","60.4","36.4","-2.8","100.0","","","","0.28","0.3","3.6","5.9","0.5","0.46","5.9"
"144","Rhamondre Stevenson","NE","RB","14","2025","5","100.0","23.3","70","76.9","3","0.2","60.0","0.60","1","33.3","15","1.1","55.6","3.00","5.00","15.00","0","","","","1","100.0","1","2","1","2","3","60.0","0","","1","0.200","0","","2","66.7","0","","1","0","0.0","0","90.3","60.0","-7.9","100.0","","","","1.70","0.6","8.5","7.2","0.5","1.44","7.2"
"145","Tim Jones","MIN, JAX","WR","4","2025","4","100.0","4.0","4","8.5","1","0.3","25.0","0.25","1","100.0","15","3.8","30.6","3.75","15.00","15.00","11","11.00","9","9.00","0","0.0","0","0","0","0","1","33.3","2","2.00","1","0.250","0","","1","100.0","0","","0","0","0.0","0","118.8","25.0","9.0","100.0","","","","0.63","0.6","2.5","1.4","0.4","0.36","1.4"
"146","Zay Jones","ARZ","WR","8","2025","14","82.4","16.0","48","53.3","3","0.4","21.4","0.21","2","66.7","15","1.9","27.3","1.07","5.00","7.50","2","1.00","2","1.00","0","0.0","0","0","0","1","3","27.3","0","","1","0.071","0","","2","66.7","0","","0","0","0.0","0","78.5","21.4","-4.1","100.0","","","","0.25","0.4","3.5","7.2","0.9","0.51","7.2"
"147","Tylan Wallace","BLT","WR","14","2025","12","100.0","14.0","28","20.4","2","0.1","22.2","0.17","1","50.0","15","1.1","23.8","1.25","7.50","15.00","0","","","","1","100.0","1","1","1","0","1","16.7","0","","1","0.083","0","","1","50.0","0","","0","0","0.0","0","114.6","22.2","-1.7","100.0","","","","0.71","0.6","8.5","3.6","0.3","0.30","3.6"
"148","JuJu Smith-Schuster","KC","WR","17","2025","60","92.3","7.6","38","10.8","5","0.3","9.3","0.08","2","40.0","15","0.9","5.6","0.25","3.00","7.50","8","4.00","2","1.00","0","0.0","2","0","0","0","5","12.2","0","","2","0.033","0","","3","60.0","0","","1","0","0.0","0","47.9","10.4","-4.2","100.0","","","","0.06","0.2","3.5","12.2","0.7","0.20","12.2"
"149","Travis Kelce","KC","TE","17","2025","23","85.2","9.7","29","16.2","3","0.2","13.0","0.13","1","33.3","14","0.8","19.4","0.61","4.67","14.00","6","6.00","3","3.00","0","0.0","0","0","0","0","3","21.4","0","","1","0.043","1","33.3","2","66.7","0","","0","0","0.0","0","49.3","14.3","-3.6","100.0","","","","0.10","0.1","2.4","7.6","0.4","0.33","7.6"
"150","Chig Okonkwo","TEN","TE","17","2025","13","100.0","1.0","3","4.8","3","0.2","30.0","0.23","3","100.0","14","0.8","15.2","1.08","4.67","4.67","11","3.67","1","0.33","0","0.0","1","0","0","0","1","33.3","1","0.33","1","0.077","0","","3","100.0","1","33.3","0","0","0.0","0","86.1","30.0","-1.4","100.0","","","","0.34","0.3","4.4","4.7","0.3","0.36","4.7"
"151","Tory Horton","SEA","WR","8","2025","19","95.0","19.0","76","34.1","4","0.5","20.0","0.21","1","25.0","14","1.8","8.9","0.74","3.50","14.00","0","","","","1","50.0","2","2","1","1","3","20.0","0","","1","0.053","0","","2","50.0","0","","1","0","0.0","0","81.3","22.2","-6.6","100.0","","","","0.44","1.1","8.4","10.5","1.3","0.56","10.5"
"152","Adam Thielen","MIN, PIT","WR","16","2025","21","95.5","9.0","36","18.3","4","0.3","26.7","0.19","2","50.0","14","0.9","12.7","0.67","3.50","7.00","8","4.00","4","2.00","0","0.0","1","1","0","0","2","15.4","0","","1","0.048","1","25.0","3","75.0","1","25.0","1","1","100.0","0","58.3","26.7","-4.8","100.0","","","","0.16","0.2","3.4","7.2","0.5","0.34","7.2"
"153","Christian Kirk","HST","WR","13","2025","13","100.0","1.0","2","4.3","2","0.2","18.2","0.15","2","100.0","14","1.1","24.1","1.08","7.00","7.00","12","6.00","7","3.50","0","0.0","0","0","0","0","2","20.0","1","0.50","1","0.077","0","","2","100.0","1","50.0","0","0","0.0","0","95.8","18.2","1.3","100.0","","","","0.26","0.3","3.4","3.0","0.2","0.23","3.0"
"154","Robbie Chosen","WAS","WR","3","2025","12","92.3","19.0","57","45.2","3","1.0","27.3","0.25","1","33.3","13","4.3","17.3","1.08","4.33","13.00","0","","","","0","0.0","0","0","0","1","3","27.3","0","","0","0.000","0","","2","66.7","0","","2","1","50.0","0","47.9","27.3","-5.0","100.0","","","","0.19","0.8","2.3","6.6","2.2","0.55","6.6"
"155","Isaac TeSlaa","DET","WR","17","2025","45","97.8","16.3","65","25.1","4","0.2","9.3","0.09","1","25.0","12","0.7","4.3","0.27","3.00","12.00","0","","","","1","33.3","2","2","1","0","4","12.5","0","","1","0.022","0","","1","25.0","0","","0","0","0.0","0","79.2","10.5","-8.0","100.0","","","","0.18","0.5","8.2","10.5","0.6","0.23","10.5"
"156","Stone Smartt","NYJ","TE","8","2025","2","100.0","4.0","4","23.5","1","0.1","50.0","0.50","1","100.0","12","1.5","100.0","6.00","12.00","12.00","8","8.00","6","6.00","0","0.0","0","0","0","0","1","100.0","0","","1","0.500","0","","1","100.0","0","","0","0","0.0","0","116.7","50.0","5.9","100.0","","","","1.10","0.3","2.2","1.5","0.2","0.73","1.5"
"157","Jeremy Ruckert","NYJ","TE","17","2025","3","60.0","11.0","11","57.9","1","0.1","20.0","0.33","1","100.0","12","0.7","60.0","4.00","12.00","12.00","1","1.00","1","1.00","0","0.0","0","0","0","0","1","20.0","0","","1","0.333","0","","1","100.0","0","","0","0","0.0","0","116.7","20.0","3.3","100.0","","","","0.73","0.1","2.2","1.9","0.1","0.62","1.9"
"158","KeAndre Lambert-Smith","LAC","WR","10","2025","17","94.4","12.5","25","27.5","2","0.2","11.8","0.12","1","50.0","10","1.0","9.2","0.59","5.00","10.00","6","6.00","3","3.00","0","0.0","0","0","0","1","2","15.4","1","1.00","1","0.059","0","","1","50.0","0","","0","0","0.0","0","64.6","13.3","-3.6","100.0","","","","0.12","0.2","2.0","5.6","0.6","0.33","5.6"
"159","Dallas Goedert","PHI","TE","15","2025","10","90.9","5.0","5","4.7","1","0.1","12.5","0.10","1","100.0","10","0.7","13.5","1.00","10.00","10.00","5","5.00","4","4.00","0","0.0","0","0","0","0","1","12.5","0","","1","0.100","0","","1","100.0","0","","0","0","0.0","0","108.3","12.5","3.5","100.0","","","","0.20","0.1","2.0","1.6","0.1","0.16","1.6"
"160","Olamide Zaccheaus","CHI","WR","16","2025","24","92.3","1.0","2","2.0","2","0.1","10.0","0.08","1","50.0","10","0.6","7.9","0.42","5.00","10.00","13","13.00","8","8.00","0","0.0","0","0","0","0","2","13.3","1","1.00","1","0.042","1","50.0","2","100.0","1","50.0","0","0","0.0","0","64.6","11.1","-0.7","100.0","","","","0.08","0.1","2.0","3.1","0.2","0.13","3.1"
"161","Noah Gray","KC","TE","16","2025","7","100.0","4.0","4","3.8","1","0.1","20.0","0.14","1","100.0","10","0.6","14.1","1.43","10.00","10.00","6","6.00","5","5.00","0","0.0","0","0","0","0","1","25.0","0","","1","0.143","0","","1","100.0","0","","0","0","0.0","0","108.3","20.0","3.9","100.0","","","","0.29","0.1","2.0","1.4","0.1","0.19","1.4"
"162","Tai Felton","MIN","WR","14","2025","4","80.0","7.0","7","22.6","1","0.1","20.0","0.25","1","100.0","9","0.6","52.9","2.25","9.00","9.00","2","2.00","","","0","0.0","0","0","0","0","1","25.0","0","","0","0.000","0","","1","100.0","0","","0","0","0.0","0","104.2","20.0","1.9","100.0","","","","0.48","0.1","1.9","3.6","0.3","0.90","3.6"
"163","Jordan Whittington","LA","WR","17","2025","24","100.0","8.5","17","9.0","2","0.1","8.7","0.08","1","50.0","9","0.5","7.4","0.38","4.50","9.00","3","3.00","","","0","0.0","0","0","0","0","2","12.5","0","","0","0.000","1","50.0","2","100.0","0","","0","0","0.0","0","62.5","9.5","-3.1","100.0","","","","0.08","0.1","1.9","4.3","0.3","0.18","4.3"
"164","Dalton Schultz","HST","TE","17","2025","11","100.0","9.0","9","6.8","1","0.1","9.1","0.09","1","100.0","9","0.5","6.9","0.82","9.00","9.00","0","","","","0","0.0","0","0","0","0","0","0.0","0","","1","0.091","0","","1","100.0","0","","0","0","0.0","0","104.2","10.0","1.7","100.0","","","","0.17","0.1","1.9","1.4","0.1","0.13","1.4"
"165","Zach Ertz","WAS","TE","13","2025","12","100.0","5.0","10","8.3","2","0.2","18.2","0.17","1","50.0","9","0.7","19.6","0.75","4.50","9.00","1","1.00","","","0","0.0","1","1","0","0","1","14.3","0","","1","0.083","0","","1","50.0","0","","1","1","100.0","0","62.5","22.2","-2.5","100.0","","","","0.16","0.1","1.9","6.6","0.5","0.55","6.6"
"166","Tyler Warren","IND","TE","17","2025","6","100.0","9.0","9","20.0","1","0.1","16.7","0.17","1","100.0","9","0.5","21.4","1.50","9.00","9.00","0","","","","0","0.0","0","0","0","0","1","16.7","0","","1","0.167","0","","1","100.0","0","","0","0","0.0","0","104.2","16.7","1.7","100.0","","","","0.32","0.1","1.9","1.4","0.1","0.23","1.4"
"167","Tyreek Hill","MIA","WR","4","2025","2","100.0","10.0","10","43.5","1","0.3","50.0","0.50","1","100.0","9","2.3","100.0","4.50","9.00","9.00","-1","-1.00","-1","-1.00","0","0.0","0","0","0","0","1","100.0","0","","1","0.500","0","","1","100.0","0","","0","0","0.0","0","104.2","50.0","1.5","100.0","","","","0.95","0.5","1.9","1.6","0.4","0.81","1.6"
"168","Breece Hall","NYJ","RB","16","2025","2","100.0","-4.0","-4","-50.0","1","0.1","50.0","0.50","1","100.0","9","0.6","100.0","4.50","9.00","9.00","13","13.00","","","0","0.0","0","0","0","0","1","100.0","0","","0","0.000","0","","1","100.0","1","100.0","0","0","0.0","0","104.2","50.0","3.4","100.0","","","","0.95","0.1","1.9","1.3","0.1","0.64","1.3"
"169","Jimmy Horn","CAR","WR","13","2025","4","100.0","-2.0","-2","-33.3","1","0.1","33.3","0.25","1","100.0","8","0.6","50.0","2.00","8.00","8.00","10","10.00","2","2.00","0","0.0","0","0","0","0","1","50.0","0","","0","0.000","0","","1","100.0","1","100.0","0","0","0.0","0","100.0","33.3","2.5","100.0","","","","0.45","0.1","1.8","1.7","0.1","0.42","1.7"
"170","Braxton Berrios","HST","WR","4","2025","3","100.0","7.0","7","29.2","1","0.3","33.3","0.33","1","100.0","8","2.0","21.1","2.67","8.00","8.00","1","1.00","","","0","0.0","0","0","0","0","1","33.3","0","","1","0.333","0","","1","100.0","0","","0","0","0.0","0","100.0","33.3","0.9","100.0","","","","0.60","0.5","1.8","1.6","0.4","0.53","1.6"
"171","Isaiah Williams","NYJ","WR","15","2025","22","95.7","5.0","10","5.0","2","0.1","9.1","0.09","1","50.0","8","0.5","19.0","0.36","4.00","8.00","4","4.00","1","1.00","0","0.0","0","0","0","0","2","10.5","0","","1","0.045","0","","1","50.0","0","","0","0","0.0","0","60.4","10.0","-2.5","100.0","","","","0.08","0.1","1.8","3.0","0.2","0.13","3.0"
"172","Bryce Oliver","TEN","WR","3","2025","3","100.0","5.0","5","33.3","1","0.3","50.0","0.33","1","100.0","8","2.7","44.4","2.67","8.00","8.00","3","3.00","2","2.00","0","0.0","0","0","0","0","1","50.0","0","","0","0.000","0","","1","100.0","0","","0","0","0.0","0","100.0","50.0","1.6","100.0","","","","0.60","0.6","1.8","1.4","0.5","0.47","1.4"
"173","Tucker Kraft","GB","TE","8","2025","6","100.0","11.0","11","23.4","1","0.1","20.0","0.17","1","100.0","8","1.0","57.1","1.33","8.00","8.00","-3","-3.00","","","0","0.0","0","0","0","0","0","0.0","0","","1","0.167","0","","1","100.0","0","","0","0","0.0","0","100.0","20.0","-0.7","100.0","","","","0.30","0.2","1.8","1.7","0.2","0.28","1.7"
"174","KhaDarel Hodge","ATL","WR","11","2025","9","100.0","11.0","33","57.9","3","0.3","33.3","0.33","1","33.3","8","0.7","25.0","0.89","2.67","8.00","1","1.00","","","0","0.0","0","0","0","0","2","33.3","0","","1","0.111","0","","1","33.3","0","","0","0","0.0","0","42.4","37.5","-6.1","100.0","","","","0.20","0.2","1.8","4.7","0.4","0.53","4.7"
"175","Travis Hunter","JAX","WR","7","2025","10","100.0","2.5","5","5.7","2","0.3","20.0","0.20","1","50.0","8","1.1","11.4","0.80","4.00","8.00","5","5.00","4","4.00","0","0.0","0","0","0","0","2","22.2","1","1.00","0","0.000","0","","1","50.0","0","","0","0","0.0","0","60.4","20.0","-1.4","100.0","","","","0.18","0.3","1.8","2.6","0.4","0.26","2.6"
"176","T.J. Hockenson","MIN","TE","15","2025","19","95.0","5.0","5","2.4","1","0.1","5.9","0.05","1","100.0","7","0.5","5.6","0.37","7.00","7.00","2","2.00","1","1.00","0","0.0","0","0","0","0","1","7.1","0","","1","0.053","0","","1","100.0","0","","0","0","0.0","0","95.8","6.3","0.5","100.0","","","","0.09","0.1","1.7","1.5","0.1","0.08","1.5"
"177","Cole Kmet","CHI","TE","16","2025","10","100.0","6.0","6","18.8","1","0.1","11.1","0.10","1","100.0","7","0.4","30.4","0.70","7.00","7.00","1","1.00","","","0","0.0","0","0","0","0","1","14.3","0","","1","0.100","0","","1","100.0","0","","0","0","0.0","0","95.8","14.3","-0.1","100.0","","","","0.17","0.1","1.7","1.4","0.1","0.14","1.4"
"178","Tahj Washington","MIA","WR","6","2025","2","50.0","4.0","4","0.0","1","0.2","33.3","0.50","1","100.0","7","1.2","17.5","3.50","7.00","7.00","3","3.00","2","2.00","0","0.0","1","0","0","0","1","33.3","0","","0","0.000","0","","1","100.0","0","","0","0","0.0","0","95.8","33.3","1.0","100.0","","","","0.85","0.3","1.7","1.4","0.2","0.72","1.4"
"179","Mason Tipton","NO","WR","13","2025","12","92.3","3.0","3","2.1","1","0.1","9.1","0.08","1","100.0","6","0.5","5.7","0.50","6.00","6.00","3","3.00","","","0","0.0","0","0","0","0","1","11.1","0","","0","0.000","0","","1","100.0","0","","0","0","0.0","0","91.7","9.1","0.6","100.0","","","","0.13","0.1","1.6","1.6","0.1","0.13","1.6"
"180","Josh Jacobs","GB","RB","15","2025","5","100.0","5.0","5","15.2","1","0.1","20.0","0.20","1","100.0","6","0.4","33.3","1.20","6.00","6.00","1","1.00","1","1.00","0","0.0","0","0","0","0","1","33.3","0","","1","0.200","0","","1","100.0","0","","0","0","0.0","0","91.7","25.0","-1.2","100.0","","","","0.32","0.1","1.6","1.5","0.1","0.29","1.5"
"181","Brandin Cooks","NO, BUF","WR","15","2025","31","91.2","21.7","65","21.2","3","0.2","10.0","0.10","1","33.3","6","0.4","3.5","0.19","2.00","6.00","1","1.00","1","1.00","0","0.0","0","0","0","2","3","13.0","0","","0","0.000","1","33.3","2","66.7","0","","1","0","0.0","0","42.4","10.7","-8.1","100.0","","","","0.05","0.1","1.6","8.0","0.5","0.26","8.0"
"182","Ja'Tavion Sanders","CAR","TE","13","2025","12","100.0","14.0","28","28.3","2","0.2","20.0","0.17","1","50.0","6","0.5","9.1","0.50","3.00","6.00","0","","","","1","100.0","2","2","1","0","0","0.0","2","2.00","1","0.083","0","","1","50.0","0","","0","0","0.0","0","95.8","22.2","-7.3","100.0","","","","0.63","0.6","7.6","6.0","0.5","0.50","6.0"
"183","Alvin Kamara","NO","RB","11","2025","1","100.0","-1.0","-1","100.0","1","0.1","100.0","1.00","1","100.0","6","0.5","100.0","6.00","6.00","6.00","7","7.00","","","0","0.0","0","0","0","0","1","100.0","0","","0","0.000","0","","1","100.0","0","","0","0","0.0","0","91.7","100.0","0.2","100.0","","","","1.60","0.1","1.6","1.5","0.1","1.54","1.5"
"184","David Njoku","CLV","TE","12","2025","18","90.0","4.0","4","2.6","1","0.1","5.6","0.06","1","100.0","6","0.5","7.1","0.33","6.00","6.00","2","2.00","2","2.00","0","0.0","0","0","0","0","1","7.7","0","","0","0.000","0","","1","100.0","0","","0","0","0.0","0","91.7","6.3","-0.1","100.0","","","","0.09","0.1","1.6","1.4","0.1","0.08","1.4"
"185","Lil'Jordan Humphrey","NYG, DEN","WR","10","2025","25","96.2","15.5","31","26.7","2","0.2","11.1","0.08","1","50.0","6","0.6","3.5","0.24","3.00","6.00","1","1.00","","","0","0.0","0","0","0","1","1","12.5","0","","0","0.000","0","","1","50.0","0","","0","0","0.0","0","56.3","13.3","-6.7","100.0","","","","0.06","0.2","1.6","6.1","0.6","0.24","6.1"
"186","Oronde Gadsden","LAC","TE","15","2025","14","100.0","3.0","6","10.5","2","0.1","20.0","0.14","1","50.0","6","0.4","8.3","0.43","3.00","6.00","2","2.00","5","5.00","0","0.0","0","0","0","0","1","20.0","0","","0","0.000","0","","2","100.0","0","","1","0","0.0","0","56.3","20.0","-3.2","100.0","","","","0.11","0.1","1.6","4.0","0.3","0.29","4.0"
"187","Sal Cannella","CLV","TE","2","2025","1","100.0","2.0","2","100.0","1","0.5","100.0","1.00","1","100.0","6","3.0","100.0","6.00","6.00","6.00","4","4.00","2","2.00","0","0.0","0","0","0","0","1","100.0","0","","1","1.000","0","","1","100.0","0","","0","0","0.0","0","91.7","100.0","-0.4","100.0","","","","1.60","0.8","1.6","1.4","0.7","1.37","1.4"
"188","Konata Mumpfield","LA","WR","17","2025","28","100.0","14.8","74","25.9","5","0.3","19.2","0.18","1","20.0","5","0.3","2.0","0.18","1.00","5.00","0","","","","1","100.0","1","1","1","0","2","11.1","0","","1","0.036","1","20.0","2","40.0","0","","0","0","0.0","0","39.6","20.0","-8.7","100.0","","","","0.27","0.4","7.5","11.4","0.7","0.41","11.4"
"189","Sam LaPorta","DET","TE","9","2025","7","87.5","5.0","5","12.5","1","0.1","16.7","0.14","1","100.0","5","0.6","12.8","0.71","5.00","5.00","0","","","","0","0.0","0","0","0","0","1","20.0","0","","0","0.000","0","","1","100.0","0","","1","1","100.0","0","87.5","16.7","-1.5","100.0","","","","0.21","0.2","1.5","1.5","0.2","0.21","1.5"
"190","Colston Loveland","CHI","TE","16","2025","15","93.8","7.5","15","15.5","2","0.1","14.3","0.13","1","50.0","5","0.3","8.3","0.33","2.50","5.00","0","","","","1","100.0","1","1","1","0","2","22.2","0","","1","0.067","0","","2","100.0","0","","1","0","0.0","0","95.8","15.4","-4.7","100.0","","","","0.50","0.5","7.5","3.4","0.2","0.22","3.4"
"191","Tyjae Spears","TEN","RB","13","2025","3","100.0","-1.0","-2","-40.0","2","0.2","66.7","0.67","1","50.0","5","0.4","100.0","1.67","2.50","5.00","5","5.00","2","2.00","0","0.0","0","0","0","0","2","66.7","0","","1","0.333","1","50.0","2","100.0","2","100.0","0","0","0.0","0","56.3","66.7","-3.5","100.0","","","","0.50","0.1","1.5","2.9","0.2","0.98","2.9"
"192","James Proche","TEN","WR","9","2025","13","86.7","23.0","46","41.1","2","0.2","13.3","0.15","1","50.0","5","0.6","8.3","0.38","2.50","5.00","-1","-1.00","","","0","0.0","0","0","0","1","1","9.1","0","","0","0.000","0","","1","50.0","0","","0","0","0.0","0","56.3","15.4","-8.5","100.0","","","","0.12","0.2","1.5","6.2","0.7","0.48","6.2"
"193","Tez Johnson","TB","WR","16","2025","43","97.7","10.0","60","22.8","6","0.4","15.8","0.14","2","33.3","5","0.3","2.5","0.12","0.83","2.50","11","5.50","7","3.50","0","0.0","0","0","0","2","5","17.9","2","1.00","0","0.000","2","33.3","4","66.7","1","16.7","0","0","0.0","0","42.4","17.1","-7.4","100.0","","","","0.06","0.2","2.5","10.1","0.6","0.23","10.1"
"194","Gunnar Helm","TEN","TE","16","2025","7","87.5","4.0","4","9.8","1","0.1","20.0","0.14","1","100.0","5","0.3","41.7","0.71","5.00","5.00","1","1.00","","","0","0.0","0","0","0","0","1","50.0","0","","0","0.000","0","","1","100.0","0","","0","0","0.0","0","87.5","33.3","-1.1","100.0","","","","0.21","0.1","1.5","1.4","0.1","0.20","1.4"
"195","Hunter Renfrow","CAR","WR","6","2025","6","100.0","4.0","4","14.8","1","0.2","16.7","0.17","1","100.0","5","0.8","13.2","0.83","5.00","5.00","1","1.00","1","1.00","0","0.0","0","0","0","0","1","25.0","0","","1","0.167","0","","1","100.0","0","","0","0","0.0","0","87.5","25.0","-1.0","100.0","","","","0.25","0.3","1.5","1.5","0.2","0.25","1.5"
"196","Tutu Atwell","LA","WR","10","2025","12","100.0","9.0","18","13.8","2","0.2","16.7","0.17","1","50.0","4","0.4","4.3","0.33","2.00","4.00","0","","","","0","0.0","0","0","0","0","1","9.1","0","","0","0.000","0","","1","50.0","0","","0","0","0.0","0","56.3","16.7","-5.9","100.0","","","","0.12","0.1","1.4","3.3","0.3","0.27","3.3"
"197","Jamari Thrash","CLV","WR","9","2025","19","100.0","4.0","4","4.3","1","0.1","5.9","0.05","1","100.0","4","0.4","6.9","0.21","4.00","4.00","0","","","","0","0.0","0","0","0","0","1","8.3","0","","0","0.000","0","","1","100.0","0","","0","0","0.0","0","83.3","7.1","-2.0","100.0","","","","0.07","0.2","1.4","1.6","0.2","0.08","1.6"
"198","Mason Taylor","NYJ","TE","13","2025","11","100.0","4.0","8","11.4","2","0.2","22.2","0.18","1","50.0","4","0.3","11.1","0.36","2.00","4.00","0","","","","0","0.0","0","0","0","0","2","33.3","0","","0","0.000","1","50.0","2","100.0","0","","1","1","100.0","0","16.7","28.6","-4.1","100.0","","","","0.13","0.1","1.4","3.0","0.2","0.27","3.0"
"199","Elijah Moore","BUF","WR","9","2025","17","89.5","8.3","25","21.7","3","0.3","21.4","0.18","1","33.3","3","0.3","3.8","0.18","1.00","3.00","0","","","","0","0.0","0","0","0","1","3","33.3","0","","0","0.000","1","33.3","2","66.7","0","","1","0","0.0","0","42.4","21.4","-6.3","100.0","","","","0.08","0.1","1.3","4.3","0.5","0.25","4.3"
"200","Samori Toure","NO","WR","1","2025","2","100.0","3.0","3","15.8","1","1.0","50.0","0.50","1","100.0","3","3.0","13.6","1.50","3.00","3.00","0","","","","0","0.0","0","0","0","0","1","100.0","0","","0","0.000","0","","1","100.0","0","","0","0","0.0","0","79.2","50.0","-2.4","100.0","","","","0.65","1.3","1.3","1.4","1.4","0.70","1.4"
"201","Cade Otton","TB","TE","16","2025","25","92.6","3.7","11","6.4","3","0.2","13.6","0.12","1","33.3","3","0.2","3.0","0.12","1.00","3.00","1","1.00","1","1.00","0","0.0","1","0","0","0","1","10.0","0","","0","0.000","1","33.3","3","100.0","0","","2","1","50.0","0","42.4","15.0","-5.3","100.0","","","","0.05","0.1","1.3","5.5","0.3","0.22","5.5"
"202","Allen Lazard","NYJ","WR","10","2025","5","100.0","2.0","2","15.4","1","0.1","20.0","0.20","1","100.0","3","0.3","21.4","0.60","3.00","3.00","1","1.00","1","1.00","0","0.0","1","0","0","0","0","0.0","0","","0","0.000","0","","1","100.0","0","","1","1","100.0","0","79.2","33.3","-2.3","100.0","","","","0.26","0.1","1.3","2.0","0.2","0.41","2.0"
"203","Jack Bech","LV","WR","16","2025","30","90.9","15.3","46","15.5","3","0.2","10.7","0.10","1","33.3","2","0.1","1.0","0.07","0.67","2.00","1","1.00","","","0","0.0","1","0","0","1","3","13.6","0","","0","0.000","0","","2","66.7","0","","1","0","0.0","0","42.4","11.1","-9.4","100.0","","","","0.04","0.1","1.2","7.7","0.5","0.26","7.7"
"204","Bijan Robinson","ATL","RB","17","2025","7","100.0","2.0","6","8.3","3","0.2","42.9","0.43","2","66.7","1","0.1","5.0","0.14","0.33","0.50","1","0.50","2","1.00","0","0.0","0","0","0","0","2","40.0","0","","1","0.143","0","","2","66.7","1","33.3","1","1","100.0","0","70.1","42.9","-6.4","100.0","","","","0.30","0.1","2.1","4.3","0.3","0.61","4.3"
"205","KaVontae Turpin","DAL","WR","15","2025","8","100.0","8.0","24","16.9","3","0.2","37.5","0.38","1","33.3","-2","-0.1","-2.9","-0.25","-0.67","-2.00","1","1.00","-1","-1.00","0","0.0","0","0","0","0","3","42.9","1","1.00","0","0.000","1","33.3","2","66.7","1","33.3","0","0","0.0","0","42.4","42.9","-8.4","100.0","","","","0.10","0.1","0.8","6.2","0.4","0.78","6.2"
"206","Tanner Hudson","CIN","TE","13","2025","3","100.0","0.0","0","0.0","1","0.1","33.3","0.33","1","100.0","-3","-0.2","-23.1","-1.00","-3.00","-3.00","-3","-3.00","-1","-1.00","0","0.0","0","0","0","0","0","0.0","0","","0","0.000","0","","1","100.0","0","","0","0","0.0","0","79.2","33.3","-8.3","100.0","","","","0.23","0.1","0.7","1.3","0.1","0.45","1.3"
"207","Jonnu Smith","PIT","TE","17","2025","11","91.7","11.0","22","26.5","2","0.1","16.7","0.18","1","50.0","-4","-0.2","-19.0","-0.36","-2.00","-4.00","0","","","","0","0.0","0","0","0","1","1","14.3","0","","0","0.000","0","","1","50.0","1","50.0","0","0","0.0","0","56.3","20.0","-10.7","100.0","","","","0.05","0.0","0.6","3.7","0.2","0.33","3.7"
"208","Devin Singletary","NYG","RB","17","2025","2","100.0","0.0","0","0.0","0","0.0","0.0","","0","","0","0.0","0.0","","0.00","","0","","","","0","0.0","0","0","0","0","0","0.0","0","","0","0.000","0","","0","","0","","0","0","0.0","0","0.0","","","100.0","","","","0.00","","0.0","0.0","0.0","0.00","0.0"
"209","Laquon Treadwell","IND","WR","9","2025","2","100.0","0.0","0","0.0","0","0.0","0.0","","0","","0","0.0","0.0","","0.00","","0","","","","0","0.0","0","0","0","0","0","0.0","0","","0","0.000","0","","0","","0","","0","0","0.0","0","0.0","","","100.0","","","","0.00","","0.0","0.0","0.0","0.00","0.0"
"210","Dawson Knox","BUF","TE","17","2025","7","87.5","8.0","8","29.6","1","0.1","12.5","0.14","0","","0","0.0","0.0","","0.00","","0","","","","0","0.0","0","0","0","0","1","20.0","0","","0","0.000","0","","1","100.0","0","","1","0","0.0","0","39.6","16.7","-7.7","100.0","","","","0.00","","0.0","1.6","0.1","0.23","1.6"
"211","Elijah Higgins","ARZ","TE","17","2025","7","100.0","0.0","0","0.0","0","0.0","0.0","","0","","0","0.0","0.0","","0.00","","0","","","","0","0.0","0","0","0","0","0","0.0","0","","0","0.000","0","","0","","0","","0","0","0.0","0","0.0","","","100.0","","","","0.00","","0.0","0.0","0.0","0.00","0.0"
"212","Robert Tonyan","KC","TE","16","2025","1","100.0","0.0","0","0.0","0","0.0","0.0","","0","","0","0.0","0.0","","0.00","","0","","","","0","0.0","0","0","0","0","0","0.0","0","","0","0.000","0","","0","","0","","0","0","0.0","0","0.0","","","100.0","","","","0.00","","0.0","0.0","0.0","0.00","0.0"
"213","Christian McCaffrey","SF","RB","17","2025","1","100.0","0.0","0","0.0","0","0.0","0.0","","0","","0","0.0","0.0","","0.00","","0","","","","0","0.0","0","0","0","0","0","0.0","0","","0","0.000","0","","0","","0","","0","0","0.0","0","0.0","","","100.0","","","","0.00","","0.0","0.0","0.0","0.00","0.0"
"214","Jeremy McNichols","WAS","RB","17","2025","1","100.0","0.0","0","0.0","0","0.0","0.0","","0","","0","0.0","0.0","","0.00","","0","","","","0","0.0","0","0","0","0","0","0.0","0","","0","0.000","0","","0","","0","","0","0","0.0","0","0.0","","","100.0","","","","0.00","","0.0","0.0","0.0","0.00","0.0"
"215","Evan Engram","DEN","TE","16","2025","10","100.0","0.0","0","0.0","0","0.0","0.0","","0","","0","0.0","0.0","","0.00","","0","","","","0","0.0","0","0","0","0","0","0.0","0","","0","0.000","0","","0","","0","","0","0","0.0","0","0.0","","","100.0","","","","0.00","","0.0","0.0","0.0","0.00","0.0"
"216","Zach Charbonnet","SEA","RB","16","2025","1","100.0","0.0","0","0.0","0","0.0","0.0","","0","","0","0.0","0.0","","0.00","","0","","","","0","0.0","0","0","0","0","0","0.0","0","","0","0.000","0","","0","","0","","0","0","0.0","0","0.0","","","100.0","","","","0.00","","0.0","0.0","0.0","0.00","0.0"
"217","Jason Brownlee","KC","WR","6","2025","4","66.7","0.0","0","0.0","0","0.0","0.0","","0","","0","0.0","0.0","","0.00","","0","","","","0","0.0","0","0","0","0","0","0.0","0","","0","0.000","0","","0","","0","","0","0","0.0","0","0.0","","","100.0","","","","0.00","","0.0","0.0","0.0","0.00","0.0"
"218","TreVeyon Henderson","NE","RB","17","2025","2","100.0","0.0","0","0.0","0","0.0","0.0","","0","","0","0.0","0.0","","0.00","","0","","","","0","0.0","0","0","0","0","0","0.0","0","","0","0.000","0","","0","","0","","0","0","0.0","0","0.0","","","100.0","","","","0.00","","0.0","0.0","0.0","0.00","0.0"
"219","LeQuint Allen","JAX","RB","17","2025","1","100.0","0.0","0","0.0","0","0.0","0.0","","0","","0","0.0","0.0","","0.00","","0","","","","0","0.0","0","0","0","0","0","0.0","0","","0","0.000","0","","0","","0","","0","0","0.0","0","0.0","","","100.0","","","","0.00","","0.0","0.0","0.0","0.00","0.0"
"220","Rachaad White","TB","RB","17","2025","5","100.0","0.0","0","0.0","0","0.0","0.0","","0","","0","0.0","0.0","","0.00","","0","","","","0","0.0","0","0","0","0","0","0.0","0","","0","0.000","0","","0","","0","","0","0","0.0","0","0.0","","","100.0","","","","0.00","","0.0","0.0","0.0","0.00","0.0"
"221","Ross Dwelley","DET","TE","10","2025","2","100.0","0.0","0","0.0","0","0.0","0.0","","0","","0","0.0","0.0","","0.00","","0","","","","0","0.0","0","0","0","0","0","0.0","0","","0","0.000","0","","0","","0","","0","0","0.0","0","0.0","","","100.0","","","","0.00","","0.0","0.0","0.0","0.00","0.0"
"222","Tanner Conner","MIA","TE","9","2025","5","83.3","0.0","0","0.0","0","0.0","0.0","","0","","0","0.0","0.0","","0.00","","0","","","","0","0.0","0","0","0","0","0","0.0","0","","0","0.000","0","","0","","0","","0","0","0.0","0","0.0","","","100.0","","","","0.00","","0.0","0.0","0.0","0.00","0.0"
"223","Charlie Jones","CIN","WR","14","2025","2","100.0","0.0","0","0.0","0","0.0","0.0","","0","","0","0.0","0.0","","0.00","","0","","","","0","0.0","0","0","0","0","0","0.0","0","","0","0.000","0","","0","","0","","0","0","0.0","0","0.0","","","100.0","","","","0.00","","0.0","0.0","0.0","0.00","0.0"
"224","Kareem Hunt","KC","RB","17","2025","1","100.0","0.0","0","0.0","0","0.0","0.0","","0","","0","0.0","0.0","","0.00","","0","","","","0","0.0","0","0","0","0","0","0.0","0","","0","0.000","0","","0","","0","","0","0","0.0","0","0.0","","","100.0","","","","0.00","","0.0","0.0","0.0","0.00","0.0"
"225","Tyler Conklin","LAC","TE","10","2025","2","100.0","3.0","3","100.0","1","0.1","100.0","0.50","0","","0","0.0","0.0","","0.00","","0","","","","0","0.0","0","0","0","0","1","100.0","0","","0","0.000","0","","0","","0","","0","0","0.0","0","39.6","100.0","-6.3","100.0","","","","0.00","","0.0","1.4","0.1","0.72","1.4"
"226","Kendre Miller","NO","RB","7","2025","1","100.0","0.0","0","0.0","0","0.0","0.0","","0","","0","0.0","0.0","","0.00","","0","","","","0","0.0","0","0","0","0","0","0.0","0","","0","0.000","0","","0","","0","","0","0","0.0","0","0.0","","","100.0","","","","0.00","","0.0","0.0","0.0","0.00","0.0"
"227","Luke Musgrave","GB","TE","17","2025","5","100.0","0.0","0","0.0","0","0.0","0.0","","0","","0","0.0","0.0","","0.00","","0","","","","0","0.0","0","0","0","0","0","0.0","0","","0","0.000","0","","0","","0","","0","0","0.0","0","0.0","","","100.0","","","","0.00","","0.0","0.0","0.0","0.00","0.0"
"228","Ty Johnson","BUF","RB","17","2025","9","100.0","0.0","0","0.0","0","0.0","0.0","","0","","0","0.0","0.0","","0.00","","0","","","","0","0.0","0","0","0","0","0","0.0","0","","0","0.000","0","","0","","0","","0","0","0.0","0","0.0","","","100.0","","","","0.00","","0.0","0.0","0.0","0.00","0.0"
"229","Anthony Firkser","DET","TE","7","2025","5","100.0","0.0","0","0.0","0","0.0","0.0","","0","","0","0.0","0.0","","0.00","","0","","","","0","0.0","0","0","0","0","0","0.0","0","","0","0.000","0","","0","","0","","0","0","0.0","0","0.0","","","100.0","","","","0.00","","0.0","0.0","0.0","0.00","0.0"
"230","Julius Chestnut","TEN","RB","17","2025","1","100.0","0.0","0","0.0","0","0.0","0.0","","0","","0","0.0","0.0","","0.00","","0","","","","0","0.0","0","0","0","0","0","0.0","0","","0","0.000","0","","0","","0","","0","0","0.0","0","0.0","","","100.0","","","","0.00","","0.0","0.0","0.0","0.00","0.0"
"231","Justin Watson","HST","WR","3","2025","2","100.0","0.0","0","0.0","0","0.0","0.0","","0","","0","0.0","0.0","","0.00","","0","","","","0","0.0","0","0","0","0","0","0.0","0","","0","0.000","0","","0","","0","","0","0","0.0","0","0.0","","","100.0","","","","0.00","","0.0","0.0","0.0","0.00","0.0"
"232","Devin Culp","TB","TE","11","2025","1","100.0","0.0","0","0.0","0","0.0","0.0","","0","","0","0.0","0.0","","0.00","","0","","","","0","0.0","0","0","0","0","0","0.0","0","","0","0.000","0","","0","","0","","0","0","0.0","0","0.0","","","100.0","","","","0.00","","0.0","0.0","0.0","0.00","0.0"
"233","Blake Whiteheart","CLV","TE","16","2025","2","66.7","0.0","0","0.0","0","0.0","0.0","","0","","0","0.0","0.0","","0.00","","0","","","","0","0.0","0","0","0","0","0","0.0","0","","0","0.000","0","","0","","0","","0","0","0.0","0","0.0","","","100.0","","","","0.00","","0.0","0.0","0.0","0.00","0.0"
"234","Omarion Hampton","LAC","RB","9","2025","3","100.0","0.0","0","0.0","0","0.0","0.0","","0","","0","0.0","0.0","","0.00","","0","","","","0","0.0","0","0","0","0","0","0.0","0","","0","0.000","0","","0","","0","","0","0","0.0","0","0.0","","","100.0","","","","0.00","","0.0","0.0","0.0","0.00","0.0"
"235","Michael Carter","ARZ","RB","13","2025","2","100.0","36.0","36","57.1","1","0.1","50.0","0.50","0","","0","0.0","0.0","","0.00","","0","","","","0","0.0","0","0","0","1","1","50.0","0","","0","0.000","0","","0","","0","","0","0","0.0","0","39.6","50.0","","100.0","","","","0.00","","0.0","3.5","0.3","1.74","3.5"
"236","Kyle Monangai","CHI","RB","17","2025","1","100.0","0.0","0","0.0","0","0.0","0.0","","0","","0","0.0","0.0","","0.00","","0","","","","0","0.0","0","0","0","0","0","0.0","0","","0","0.000","0","","0","","0","","0","0","0.0","0","0.0","","","100.0","","","","0.00","","0.0","0.0","0.0","0.00","0.0"
"237","Simi Fehoko","ARZ","WR","7","2025","3","75.0","0.0","0","0.0","0","0.0","0.0","","0","","0","0.0","0.0","","0.00","","0","","","","0","0.0","0","0","0","0","0","0.0","0","","0","0.000","0","","0","","0","","0","0","0.0","0","0.0","","","100.0","","","","0.00","","0.0","0.0","0.0","0.00","0.0"
"238","Jonathan Taylor","IND","RB","17","2025","4","100.0","23.0","23","32.4","1","0.1","25.0","0.25","0","","0","0.0","0.0","","0.00","","0","","","","0","0.0","0","0","0","1","1","25.0","0","","0","0.000","0","","1","100.0","0","","1","0","0.0","0","39.6","25.0","-12.2","100.0","","","","0.00","","0.0","1.6","0.1","0.40","1.6"
"239","Gunner Olszewski","NYG","WR","16","2025","8","100.0","0.0","0","0.0","0","0.0","0.0","","0","","0","0.0","0.0","","0.00","","0","","","","0","0.0","0","0","0","0","0","0.0","0","","0","0.000","0","","0","","0","","0","0","0.0","0","0.0","","","100.0","","","","0.00","","0.0","1.9","0.1","0.24","1.9"
"240","Tommy Tremble","CAR","TE","17","2025","6","100.0","0.0","0","0.0","0","0.0","0.0","","0","","0","0.0","0.0","","0.00","","0","","","","0","0.0","0","0","0","0","0","0.0","0","","0","0.000","0","","0","","0","","0","0","0.0","0","0.0","","","100.0","","","","0.00","","0.0","0.0","0.0","0.00","0.0"
"241","Shane Zylstra","DET","TE","5","2025","6","100.0","0.0","0","0.0","0","0.0","0.0","","0","","0","0.0","0.0","","0.00","","0","","","","0","0.0","0","0","0","0","0","0.0","0","","0","0.000","0","","0","","0","","0","0","0.0","0","0.0","","","100.0","","","","0.00","","0.0","0.0","0.0","0.00","0.0"
"242","Darnell Washington","PIT","TE","16","2025","5","100.0","6.0","6","12.2","1","0.1","20.0","0.20","0","","0","0.0","0.0","","0.00","","0","","","","0","0.0","0","0","0","0","0","0.0","0","","0","0.000","1","100.0","1","100.0","0","","0","0","0.0","0","39.6","20.0","-7.1","100.0","","","","0.00","","0.0","1.7","0.1","0.35","1.7"
"243","Josh Oliver","MIN","TE","15","2025","1","100.0","5.0","5","100.0","1","0.1","100.0","1.00","0","","0","0.0","0.0","","0.00","","0","","","","0","0.0","0","0","0","0","1","100.0","0","","0","0.000","0","","1","100.0","0","","1","0","0.0","0","39.6","100.0","-6.5","100.0","","","","0.00","","0.0","1.4","0.1","1.40","1.4"
"244","Brandon Smith","NYJ","WR","1","2025","2","100.0","0.0","0","0.0","0","0.0","0.0","","0","","0","0.0","0.0","","0.00","","0","","","","0","0.0","0","0","0","0","0","0.0","0","","0","0.000","0","","0","","0","","0","0","0.0","0","0.0","","","100.0","","","","0.00","","0.0","0.0","0.0","0.00","0.0"
"245","Keleki Latu","BUF","TE","5","2025","2","100.0","0.0","0","0.0","0","0.0","0.0","","0","","0","0.0","0.0","","0.00","","0","","","","0","0.0","0","0","0","0","0","0.0","0","","0","0.000","0","","0","","0","","0","0","0.0","0","0.0","","","100.0","","","","0.00","","0.0","0.0","0.0","0.00","0.0"
"246","Nick Chubb","HST","RB","15","2025","1","100.0","0.0","0","0.0","0","0.0","0.0","","0","","0","0.0","0.0","","0.00","","0","","","","0","0.0","0","0","0","0","0","0.0","0","","0","0.000","0","","0","","0","","0","0","0.0","0","0.0","","","100.0","","","","0.00","","0.0","0.0","0.0","0.00","0.0"
"247","Austin Ekeler","WAS","RB","2","2025","1","100.0","0.0","0","0.0","0","0.0","0.0","","0","","0","0.0","0.0","","0.00","","0","","","","0","0.0","0","0","0","0","0","0.0","0","","0","0.000","0","","0","","0","","0","0","0.0","0","0.0","","","100.0","","","","0.00","","0.0","0.0","0.0","0.00","0.0"
"248","Dee Eskridge","MIA","WR","13","2025","5","100.0","6.0","6","33.3","1","0.1","20.0","0.20","0","","0","0.0","0.0","","0.00","","0","","","","0","0.0","0","0","0","0","0","0.0","0","","0","0.000","0","","0","","0","","0","0","0.0","0","39.6","20.0","-6.9","100.0","","","","0.00","","0.0","1.5","0.1","0.30","1.5"
"249","Taysom Hill","NO","TE","13","2025","3","100.0","0.0","0","0.0","0","0.0","0.0","","0","","0","0.0","0.0","","0.00","","0","","","","0","0.0","0","0","0","0","0","0.0","0","","0","0.000","0","","0","","0","","0","0","0.0","0","0.0","","","100.0","","","","0.00","","0.0","0.0","0.0","0.00","0.0"
"250","Quinshon Judkins","CLV","RB","14","2025","4","100.0","0.0","0","0.0","0","0.0","0.0","","0","","0","0.0","0.0","","0.00","","0","","","","0","0.0","0","0","0","0","0","0.0","0","","0","0.000","0","","0","","0","","0","0","0.0","0","0.0","","","100.0","","","","0.00","","0.0","0.0","0.0","0.00","0.0"
"251","Will Dissly","LAC","TE","9","2025","2","100.0","9.0","9","90.0","1","0.1","50.0","0.50","0","","0","0.0","0.0","","0.00","","0","","","","0","0.0","0","0","0","0","0","0.0","0","","0","0.000","1","100.0","1","100.0","0","","0","0","0.0","0","39.6","50.0","-7.3","100.0","","","","0.00","","0.0","1.5","0.2","0.74","1.5"
"252","Arian Smith","NYJ","WR","16","2025","22","95.7","25.0","25","25.5","1","0.1","6.7","0.05","0","","0","0.0","0.0","","0.00","","0","","","","0","0.0","0","0","0","1","1","7.7","0","","0","0.000","0","","0","","0","","0","0","0.0","0","39.6","6.7","-11.5","100.0","","","","0.00","","0.0","1.9","0.1","0.09","1.9"
"253","Casey Washington","ATL","WR","7","2025","13","100.0","26.5","53","39.8","2","0.3","16.7","0.15","0","","0","0.0","0.0","","0.00","","0","","","","0","0.0","0","0","0","1","1","14.3","0","","0","0.000","0","","0","","0","","0","0","0.0","0","39.6","20.0","-12.3","100.0","","","","0.00","","0.0","3.7","0.5","0.28","3.7"
"254","George Kittle","SF","TE","11","2025","6","85.7","0.0","0","0.0","0","0.0","0.0","","0","","0","0.0","0.0","","0.00","","0","","","","0","0.0","0","0","0","0","0","0.0","0","","0","0.000","0","","0","","0","","0","0","0.0","0","0.0","","","100.0","","","","0.00","","0.0","0.0","0.0","0.00","0.0"
"255","Tom Kennedy","DET","WR","6","2025","1","100.0","0.0","0","0.0","0","0.0","0.0","","0","","0","0.0","0.0","","0.00","","0","","","","0","0.0","0","0","0","0","0","0.0","0","","0","0.000","0","","0","","0","","0","0","0.0","0","0.0","","","100.0","","","","0.00","","0.0","0.0","0.0","0.00","0.0"
"256","Audric Estime","NO","RB","6","2025","1","100.0","0.0","0","0.0","0","0.0","0.0","","0","","0","0.0","0.0","","0.00","","0","","","","0","0.0","0","0","0","0","0","0.0","0","","0","0.000","0","","0","","0","","0","0","0.0","0","0.0","","","100.0","","","","0.00","","0.0","0.0","0.0","0.00","0.0"
"257","Dylan Drummond","ATL","WR","9","2025","8","100.0","2.0","2","2.3","1","0.1","14.3","0.13","0","","0","0.0","0.0","","0.00","","0","","","","0","0.0","0","0","0","0","0","0.0","0","","0","0.000","0","","1","100.0","0","","1","0","0.0","0","39.6","14.3","-5.3","100.0","","","","0.00","","0.0","1.5","0.2","0.18","1.5"
"258","Jerome Ford","CLV","RB","13","2025","1","100.0","0.0","0","0.0","0","0.0","0.0","","0","","0","0.0","0.0","","0.00","","0","","","","0","0.0","0","0","0","0","0","0.0","0","","0","0.000","0","","0","","0","","0","0","0.0","0","0.0","","","100.0","","","","0.00","","0.0","0.0","0.0","0.00","0.0"
"259","Britain Covey","PHI","WR","6","2025","4","100.0","0.0","0","0.0","0","0.0","0.0","","0","","0","0.0","0.0","","0.00","","0","","","","0","0.0","0","0","0","0","0","0.0","0","","0","0.000","0","","0","","0","","0","0","0.0","0","0.0","","","100.0","","","","0.00","","0.0","0.0","0.0","0.00","0.0"
"260","Blake Corum","LA","RB","17","2025","1","100.0","0.0","0","0.0","0","0.0","0.0","","0","","0","0.0","0.0","","0.00","","0","","","","0","0.0","0","0","0","0","0","0.0","0","","0","0.000","0","","0","","0","","0","0","0.0","0","0.0","","","100.0","","","","0.00","","0.0","0.0","0.0","0.00","0.0"
"261","Kevin Austin","NO","WR","8","2025","13","100.0","24.0","48","35.0","2","0.3","18.2","0.15","0","","0","0.0","0.0","","0.00","","0","","","","0","0.0","0","1","0","2","2","22.2","0","","0","0.000","0","","0","","0","","0","0","0.0","0","39.6","18.2","-10.9","100.0","","","","0.00","","0.0","4.2","0.5","0.32","4.2"
"262","Ryan Miller","TB","WR","13","2025","3","75.0","0.0","0","0.0","0","0.0","0.0","","0","","0","0.0","0.0","","0.00","","0","","","","0","0.0","0","0","0","0","0","0.0","0","","0","0.000","0","","0","","0","","0","0","0.0","0","0.0","","","100.0","","","","0.00","","0.0","0.0","0.0","0.00","0.0"
"263","Noah Brown","WAS","WR","4","2025","12","100.0","7.0","7","6.5","1","0.3","11.1","0.08","0","","0","0.0","0.0","","0.00","","0","","","","0","0.0","0","0","0","0","1","12.5","0","","0","0.000","0","","0","","0","","0","0","0.0","0","39.6","11.1","-7.1","100.0","","","","0.00","","0.0","3.5","0.9","0.29","3.5"
"264","Chuba Hubbard","CAR","RB","15","2025","7","100.0","0.0","0","0.0","0","0.0","0.0","","0","","0","0.0","0.0","","0.00","","0","","","","0","0.0","0","0","0","0","0","0.0","0","","0","0.000","0","","0","","0","","0","0","0.0","0","0.0","","","100.0","","","","0.00","","0.0","0.0","0.0","0.00","0.0"
"265","Jahdae Walker","CHI","WR","7","2025","6","100.0","0.0","0","0.0","0","0.0","0.0","","0","","0","0.0","0.0","","0.00","","0","","","","0","0.0","0","0","0","0","0","0.0","0","","0","0.000","0","","0","","0","","0","0","0.0","0","0.0","","","100.0","","","","0.00","","0.0","0.0","0.0","0.00","0.0"
"266","Efton Chism","NE","WR","8","2025","4","100.0","0.0","0","0.0","0","0.0","0.0","","0","","0","0.0","0.0","","0.00","","0","","","","0","0.0","0","0","0","0","0","0.0","0","","0","0.000","0","","0","","0","","0","0","0.0","0","0.0","","","100.0","","","","0.00","","0.0","0.0","0.0","0.00","0.0"
"267","Saquon Barkley","PHI","RB","16","2025","7","100.0","31.0","31","28.4","1","0.1","14.3","0.14","0","","0","0.0","0.0","","0.00","","0","","","","0","0.0","0","0","0","1","0","0.0","0","","0","0.000","0","","0","","0","","0","0","0.0","0","39.6","14.3","-20.4","100.0","","","","0.00","","0.0","2.1","0.1","0.30","2.1"
"268","Derius Davis","LAC","WR","11","2025","4","100.0","0.0","0","0.0","0","0.0","0.0","","0","","0","0.0","0.0","","0.00","","0","","","","0","0.0","0","0","0","0","0","0.0","0","","0","0.000","0","","0","","0","","0","0","0.0","0","0.0","","","100.0","","","","0.00","","0.0","0.0","0.0","0.00","0.0"
"269","Mike Gesicki","CIN","TE","13","2025","10","100.0","5.0","10","15.6","2","0.2","22.2","0.20","0","","0","0.0","0.0","","0.00","","0","","","","0","0.0","2","0","0","0","2","25.0","0","","0","0.000","1","50.0","1","50.0","0","","1","0","0.0","0","39.6","22.2","-6.5","100.0","","","","0.00","","0.0","5.4","0.4","0.54","5.4"
"270","Ben Sims","GB, MIN","TE","9","2025","1","100.0","0.0","0","0.0","0","0.0","0.0","","0","","0","0.0","0.0","","0.00","","0","","","","0","0.0","0","0","0","0","0","0.0","0","","0","0.000","0","","0","","0","","0","0","0.0","0","0.0","","","100.0","","","","0.00","","0.0","0.0","0.0","0.00","0.0"
"271","Shedrick Jackson","LV","WR","5","2025","1","100.0","28.0","28","100.0","1","0.2","100.0","1.00","0","","0","0.0","0.0","","0.00","","0","","","","0","0.0","0","0","0","1","1","100.0","0","","0","0.000","0","","0","","0","","0","0","0.0","0","39.6","100.0","-11.1","100.0","","","","0.00","","0.0","1.9","0.4","1.89","1.9"
"272","Russell Gage","SF","WR","1","2025","2","100.0","0.0","0","0.0","0","0.0","0.0","","0","","0","0.0","0.0","","0.00","","0","","","","0","0.0","0","0","0","0","0","0.0","0","","0","0.000","0","","0","","0","","0","0","0.0","0","0.0","","","100.0","","","","0.00","","0.0","0.0","0.0","0.00","0.0"
"273","Xavier Restrepo","TEN","WR","2","2025","2","100.0","0.0","0","0.0","0","0.0","0.0","","0","","0","0.0","0.0","","0.00","","0","","","","0","0.0","0","0","0","0","0","0.0","0","","0","0.000","0","","0","","0","","0","0","0.0","0","0.0","","","100.0","","","","0.00","","0.0","1.2","0.6","0.59","1.2"
"274","Adam Trautman","DEN","TE","17","2025","1","100.0","0.0","0","0.0","0","0.0","0.0","","0","","0","0.0","0.0","","0.00","","0","","","","0","0.0","0","0","0","0","0","0.0","0","","0","0.000","0","","0","","0","","0","0","0.0","0","0.0","","","100.0","","","","0.00","","0.0","0.0","0.0","0.00","0.0"
"275","AJ Barner","SEA","TE","17","2025","4","100.0","0.0","0","0.0","0","0.0","0.0","","0","","0","0.0","0.0","","0.00","","0","","","","0","0.0","0","0","0","0","0","0.0","0","","0","0.000","0","","0","","0","","0","0","0.0","0","0.0","","","100.0","","","","0.00","","0.0","0.0","0.0","0.00","0.0"
"276","Cody White","SEA","WR","9","2025","6","100.0","0.0","0","0.0","0","0.0","0.0","","0","","0","0.0","0.0","","0.00","","0","","","","0","0.0","0","0","0","0","0","0.0","0","","0","0.000","0","","0","","0","","0","0","0.0","0","0.0","","","100.0","","","","0.00","","0.0","0.0","0.0","0.00","0.0"
"277","Darren Waller","MIA","TE","9","2025","8","100.0","11.0","11","47.8","1","0.1","16.7","0.13","0","","0","0.0","0.0","","0.00","","0","","","","0","0.0","0","0","0","0","1","20.0","0","","0","0.000","0","","1","100.0","0","","1","0","0.0","0","39.6","16.7","-8.7","100.0","","","","0.00","","0.0","1.5","0.2","0.19","1.5"
"278","Nikko Remigio","KC","WR","14","2025","3","100.0","0.0","0","0.0","0","0.0","0.0","","0","","0","0.0","0.0","","0.00","","0","","","","0","0.0","0","0","0","0","0","0.0","0","","0","0.000","0","","0","","0","","0","0","0.0","0","0.0","","","100.0","","","","0.00","","0.0","0.0","0.0","0.00","0.0"
"279","Kenneth Walker","SEA","RB","17","2025","1","100.0","0.0","0","0.0","0","0.0","0.0","","0","","0","0.0","0.0","","0.00","","0","","","","0","0.0","0","0","0","0","0","0.0","0","","0","0.000","0","","0","","0","","0","0","0.0","0","0.0","","","100.0","","","","0.00","","0.0","0.0","0.0","0.00","0.0"
"280","Isaiah Likely","BLT","TE","14","2025","6","85.7","0.0","0","0.0","0","0.0","0.0","","0","","0","0.0","0.0","","0.00","","0","","","","0","0.0","0","0","0","0","0","0.0","0","","0","0.000","0","","0","","0","","0","0","0.0","0","0.0","","","100.0","","","","0.00","","0.0","0.0","0.0","0.00","0.0"
"281","DeeJay Dallas","JAX, CAR","RB","5","2025","1","100.0","0.0","0","0.0","0","0.0","0.0","","0","","0","0.0","0.0","","0.00","","0","","","","0","0.0","0","0","0","0","0","0.0","0","","0","0.000","0","","0","","0","","0","0","0.0","0","0.0","","","100.0","","","","0.00","","0.0","0.0","0.0","0.00","0.0"
"282","Ben Skowronek","PIT","WR","16","2025","5","83.3","0.0","0","0.0","0","0.0","0.0","","0","","0","0.0","0.0","","0.00","","0","","","","0","0.0","0","0","0","0","0","0.0","0","","0","0.000","0","","0","","0","","0","0","0.0","0","0.0","","","100.0","","","","0.00","","0.0","0.0","0.0","0.00","0.0"
"283","Mitchell Evans","CAR","TE","17","2025","2","100.0","0.0","0","0.0","0","0.0","0.0","","0","","0","0.0","0.0","","0.00","","0","","","","0","0.0","0","0","0","0","0","0.0","0","","0","0.000","0","","0","","0","","0","0","0.0","0","0.0","","","100.0","","","","0.00","","0.0","0.0","0.0","0.00","0.0"
"284","Jacory Croskey-Merritt","WAS","RB","17","2025","2","66.7","0.0","0","0.0","0","0.0","0.0","","0","","0","0.0","0.0","","0.00","","0","","","","0","0.0","0","0","0","0","0","0.0","0","","0","0.000","0","","0","","0","","0","0","0.0","0","0.0","","","100.0","","","","0.00","","0.0","0.0","0.0","0.00","0.0"
"285","Austin Hooper","NE","TE","16","2025","5","71.4","0.0","0","0.0","0","0.0","0.0","","0","","0","0.0","0.0","","0.00","","0","","","","0","0.0","0","0","0","0","0","0.0","0","","0","0.000","0","","0","","0","","0","0","0.0","0","0.0","","","100.0","","","","0.00","","0.0","0.0","0.0","0.00","0.0"
"286","Jared Wayne","HST","WR","1","2025","1","100.0","0.0","0","0.0","0","0.0","0.0","","0","","0","0.0","0.0","","0.00","","0","","","","0","0.0","0","0","0","0","0","0.0","0","","0","0.000","0","","0","","0","","0","0","0.0","0","0.0","","","100.0","","","","0.00","","0.0","0.0","0.0","0.00","0.0"
"287","Luke McCaffrey","WAS","WR","9","2025","8","88.9","15.0","15","17.4","1","0.1","11.1","0.13","0","","0","0.0","0.0","","0.00","","0","","","","0","0.0","0","0","0","0","1","12.5","0","","0","0.000","0","","0","","0","","0","0","0.0","0","39.6","11.1","-10.4","100.0","","","","0.00","","0.0","3.2","0.4","0.40","3.2"
"288","Tyrone Tracy","NYG","RB","15","2025","2","66.7","0.0","0","0.0","0","0.0","0.0","","0","","0","0.0","0.0","","0.00","","0","","","","0","0.0","0","0","0","0","0","0.0","0","","0","0.000","0","","0","","0","","0","0","0.0","0","0.0","","","100.0","","","","0.00","","0.0","0.0","0.0","0.00","0.0"
"289","Ian Thomas","LV","TE","15","2025","2","66.7","0.0","0","0.0","0","0.0","0.0","","0","","0","0.0","0.0","","0.00","","0","","","","0","0.0","0","0","0","0","0","0.0","0","","0","0.000","0","","0","","0","","0","0","0.0","0","0.0","","","100.0","","","","0.00","","0.0","0.0","0.0","0.00","0.0"
"290","Drew Sample","CIN","TE","17","2025","1","100.0","0.0","0","0.0","0","0.0","0.0","","0","","0","0.0","0.0","","0.00","","0","","","","0","0.0","0","0","0","0","0","0.0","0","","0","0.000","0","","0","","0","","0","0","0.0","0","0.0","","","100.0","","","","0.00","","0.0","0.0","0.0","0.00","0.0"
"291","John FitzPatrick","GB","TE","15","2025","2","100.0","0.0","0","0.0","0","0.0","0.0","","0","","0","0.0","0.0","","0.00","","0","","","","0","0.0","0","0","0","0","0","0.0","0","","0","0.000","0","","0","","0","","0","0","0.0","0","0.0","","","100.0","","","","0.00","","0.0","0.0","0.0","0.00","0.0"
"292","Andre Baccellia","ARZ","WR","5","2025","2","100.0","0.0","0","0.0","0","0.0","0.0","","0","","0","0.0","0.0","","0.00","","0","","","","0","0.0","0","0","0","0","0","0.0","0","","0","0.000","0","","0","","0","","0","0","0.0","0","0.0","","","100.0","","","","0.00","","0.0","0.0","0.0","0.00","0.0"
"293","D'Ernest Johnson","ARZ, NE","RB","6","2025","1","100.0","0.0","0","0.0","0","0.0","0.0","","0","","0","0.0","0.0","","0.00","","0","","","","0","0.0","0","0","0","0","0","0.0","0","","0","0.000","0","","0","","0","","0","0","0.0","0","0.0","","","100.0","","","","0.00","","0.0","0.0","0.0","0.00","0.0"
"294","Jaylin Noel","HST","WR","17","2025","9","100.0","0.0","0","0.0","0","0.0","0.0","","0","","0","0.0","0.0","","0.00","","0","","","","0","0.0","0","0","0","0","0","0.0","0","","0","0.000","0","","0","","0","","0","0","0.0","0","0.0","","","100.0","","","","0.00","","0.0","0.0","0.0","0.00","0.0"
"295","Andrew Ogletree","IND","TE","15","2025","1","100.0","0.0","0","0.0","0","0.0","0.0","","0","","0","0.0","0.0","","0.00","","0","","","","0","0.0","0","0","0","0","0","0.0","0","","0","0.000","0","","0","","0","","0","0","0.0","0","0.0","","","100.0","","","","0.00","","0.0","0.0","0.0","0.00","0.0"
"296","Ke'Shawn Williams","PIT, CIN","WR","11","2025","2","100.0","0.0","0","0.0","0","0.0","0.0","","0","","0","0.0","0.0","","0.00","","0","","","","0","0.0","0","0","0","0","0","0.0","0","","0","0.000","0","","0","","0","","0","0","0.0","0","0.0","","","100.0","","","","0.00","","0.0","0.0","0.0","0.00","0.0"
"297","Jalen Royals","KC","WR","7","2025","5","71.4","21.0","21","58.3","1","0.1","14.3","0.20","0","","0","0.0","0.0","","0.00","","0","","","","0","0.0","0","0","0","1","1","20.0","0","","0","0.000","0","","0","","0","","0","0","0.0","0","39.6","16.7","-11.2","100.0","","","","0.00","","0.0","3.4","0.5","0.69","3.4"
"298","Emari Demercado","ARZ","RB","13","2025","1","100.0","0.0","0","0.0","0","0.0","0.0","","0","","0","0.0","0.0","","0.00","","0","","","","0","0.0","0","0","0","0","0","0.0","0","","0","0.000","0","","0","","0","","0","0","0.0","0","0.0","","","100.0","","","","0.00","","0.0","0.0","0.0","0.00","0.0"
"299","Davis Allen","LA","TE","17","2025","7","100.0","0.0","0","0.0","0","0.0","0.0","","0","","0","0.0","0.0","","0.00","","0","","","","0","0.0","0","0","0","0","0","0.0","0","","0","0.000","0","","0","","0","","0","0","0.0","0","0.0","","","100.0","","","","0.00","","0.0","0.0","0.0","0.00","0.0"
"300","Malachi Corley","CLV","WR","13","2025","3","100.0","0.0","0","0.0","0","0.0","0.0","","0","","0","0.0","0.0","","0.00","","0","","","","0","0.0","0","0","0","0","0","0.0","0","","0","0.000","0","","0","","0","","0","0","0.0","0","0.0","","","100.0","","","","0.00","","0.0","0.0","0.0","0.00","0.0"
"301","Josh Whyle","GB","TE","8","2025","4","100.0","0.0","0","0.0","0","0.0","0.0","","0","","0","0.0","0.0","","0.00","","0","","","","0","0.0","0","0","0","0","0","0.0","0","","0","0.000","0","","0","","0","","0","0","0.0","0","0.0","","","100.0","","","","0.00","","0.0","0.0","0.0","0.00","0.0"
"302","Travis Etienne","JAX","RB","17","2025","1","100.0","0.0","0","0.0","0","0.0","0.0","","0","","0","0.0","0.0","","0.00","","0","","","","0","0.0","0","0","0","0","0","0.0","0","","0","0.000","0","","0","","0","","0","0","0.0","0","0.0","","","100.0","","","","0.00","","0.0","0.0","0.0","0.00","0.0"
"303","Brittain Brown","CHI","RB","2","2025","1","100.0","0.0","0","0.0","0","0.0","0.0","","0","","0","0.0","0.0","","0.00","","0","","","","0","0.0","0","0","0","0","0","0.0","0","","0","0.000","0","","0","","0","","0","0","0.0","0","0.0","","","100.0","","","","0.00","","0.0","0.0","0.0","0.00","0.0"
"304","Pat Freiermuth","PIT","TE","17","2025","10","100.0","24.0","24","17.3","1","0.1","12.5","0.10","0","","0","0.0","0.0","","0.00","","0","","","","0","0.0","0","0","0","1","0","0.0","0","","0","0.000","0","","0","","0","","0","0","0.0","0","39.6","12.5","-15.4","100.0","","","","0.00","","0.0","2.9","0.2","0.29","2.9"
"305","David Montgomery","DET","RB","17","2025","1","100.0","0.0","0","0.0","0","0.0","0.0","","0","","0","0.0","0.0","","0.00","","0","","","","0","0.0","0","0","0","0","0","0.0","0","","0","0.000","0","","0","","0","","0","0","0.0","0","0.0","","","100.0","","","","0.00","","0.0","0.0","0.0","0.00","0.0"
"306","RJ Harvey","DEN","RB","17","2025","2","100.0","0.0","0","0.0","0","0.0","0.0","","0","","0","0.0","0.0","","0.00","","0","","","","0","0.0","0","0","0","0","0","0.0","0","","0","0.000","0","","0","","0","","0","0","0.0","0","0.0","","","100.0","","","","0.00","","0.0","0.0","0.0","0.00","0.0"
"307","Trent Sherfield","ARZ, DEN","WR","12","2025","3","60.0","0.0","0","0.0","0","0.0","0.0","","0","","0","0.0","0.0","","0.00","","0","","","","0","0.0","0","0","0","0","0","0.0","0","","0","0.000","0","","0","","0","","0","0","0.0","0","0.0","","","100.0","","","","0.00","","0.0","0.0","0.0","0.00","0.0"
"308","Hunter Long","JAX","TE","9","2025","4","100.0","2.0","2","10.5","1","0.1","25.0","0.25","0","","0","0.0","0.0","","0.00","","0","","","","0","0.0","0","0","0","0","1","33.3","0","","0","0.000","1","100.0","1","100.0","0","","0","0","0.0","0","39.6","25.0","-6.4","100.0","","","","0.00","","0.0","1.4","0.2","0.35","1.4"
"309","Jonathan Mingo","DAL","WR","6","2025","2","100.0","0.0","0","0.0","0","0.0","0.0","","0","","0","0.0","0.0","","0.00","","0","","","","0","0.0","0","0","0","0","0","0.0","0","","0","0.000","0","","0","","0","","0","0","0.0","0","0.0","","","100.0","","","","0.00","","0.0","0.0","0.0","0.00","0.0"
"310","Will Shipley","PHI","RB","15","2025","1","100.0","0.0","0","0.0","0","0.0","0.0","","0","","0","0.0","0.0","","0.00","","0","","","","0","0.0","0","0","0","0","0","0.0","0","","0","0.000","0","","0","","0","","0","0","0.0","0","0.0","","","100.0","","","","0.00","","0.0","0.0","0.0","0.00","0.0"
"311","Aaron Jones","MIN","RB","12","2025","1","100.0","0.0","0","0.0","0","0.0","0.0","","0","","0","0.0","0.0","","0.00","","0","","","","0","0.0","0","0","0","0","0","0.0","0","","0","0.000","0","","0","","0","","0","0","0.0","0","0.0","","","100.0","","","","0.00","","0.0","0.0","0.0","0.00","0.0"
"312","LaJohntay Wester","BLT","WR","16","2025","1","100.0","0.0","0","0.0","0","0.0","0.0","","0","","0","0.0","0.0","","0.00","","0","","","","0","0.0","0","0","0","0","0","0.0","0","","0","0.000","0","","0","","0","","0","0","0.0","0","0.0","","","100.0","","","","0.00","","0.0","0.0","0.0","0.00","0.0"
"313","Austin Trammell","JAX","WR","6","2025","9","100.0","10.3","31","59.6","3","0.5","37.5","0.33","0","","0","0.0","0.0","","0.00","","0","","","","0","0.0","1","1","0","1","2","40.0","0","","0","0.000","0","","1","33.3","0","","1","0","0.0","0","0.0","50.0","-8.1","100.0","","","","0.00","","0.0","4.7","0.8","0.52","4.7"
"314","Rico Dowdle","CAR","RB","17","2025","3","100.0","0.0","0","0.0","0","0.0","0.0","","0","","0","0.0","0.0","","0.00","","0","","","","0","0.0","0","0","0","0","0","0.0","0","","0","0.000","0","","0","","0","","0","0","0.0","0","0.0","","","100.0","","","","0.00","","0.0","0.0","0.0","0.00","0.0"
"315","Ben Sinnott","WAS","TE","16","2025","2","66.7","0.0","0","0.0","0","0.0","0.0","","0","","0","0.0","0.0","","0.00","","0","","","","0","0.0","0","0","0","0","0","0.0","0","","0","0.000","0","","0","","0","","0","0","0.0","0","0.0","","","100.0","","","","0.00","","0.0","0.0","0.0","0.00","0.0"
"316","Michael Mayer","LV","TE","13","2025","3","100.0","5.0","5","100.0","1","0.1","100.0","0.33","0","","0","0.0","0.0","","0.00","","0","","","","0","0.0","0","0","0","0","0","0.0","0","","0","0.000","0","","1","100.0","0","","1","0","0.0","0","39.6","100.0","-6.5","100.0","","","","0.00","","0.0","1.5","0.1","0.49","1.5"
"317","Nick Westbrook-Ikhine","MIA","WR","15","2025","13","76.5","0.0","0","0.0","0","0.0","0.0","","0","","0","0.0","0.0","","0.00","","0","","","","0","0.0","0","0","0","0","0","0.0","0","","0","0.000","0","","0","","0","","0","0","0.0","0","0.0","","","100.0","","","","0.00","","0.0","1.6","0.1","0.13","1.6"
"318","Luke Farrell","SF","TE","17","2025","1","100.0","0.0","0","0.0","0","0.0","0.0","","0","","0","0.0","0.0","","0.00","","0","","","","0","0.0","0","0","0","0","0","0.0","0","","0","0.000","0","","0","","0","","0","0","0.0","0","0.0","","","100.0","","","","0.00","","0.0","0.0","0.0","0.00","0.0"
"319","Greg Dulcich","MIA","TE","10","2025","2","66.7","0.0","0","0.0","0","0.0","0.0","","0","","0","0.0","0.0","","0.00","","0","","","","0","0.0","0","0","0","0","0","0.0","0","","0","0.000","0","","0","","0","","0","0","0.0","0","0.0","","","100.0","","","","0.00","","0.0","0.0","0.0","0.00","0.0"
"320","Jake Ferguson","DAL","TE","17","2025","5","100.0","0.0","0","0.0","0","0.0","0.0","","0","","0","0.0","0.0","","0.00","","0","","","","0","0.0","0","0","0","0","0","0.0","0","","0","0.000","0","","0","","0","","0","0","0.0","0","0.0","","","100.0","","","","0.00","","0.0","0.0","0.0","0.00","0.0"
"321","Tahj Brooks","CIN","RB","12","2025","1","100.0","0.0","0","0.0","0","0.0","0.0","","0","","0","0.0","0.0","","0.00","","0","","","","0","0.0","0","0","0","0","0","0.0","0","","0","0.000","0","","0","","0","","0","0","0.0","0","0.0","","","100.0","","","","0.00","","0.0","0.0","0.0","0.00","0.0"
"322","Jalen Tolbert","DAL","WR","13","2025","23","88.5","14.6","73","39.0","5","0.4","20.8","0.22","0","","0","0.0","0.0","","0.00","","0","","","","0","0.0","1","2","0","1","3","20.0","0","","0","0.000","1","20.0","3","60.0","0","","2","0","0.0","0","0.0","22.7","-9.3","100.0","","","","0.00","","0.0","12.7","1.0","0.55","12.7"
"323","Jaret Patterson","LAC","RB","6","2025","1","100.0","0.0","0","0.0","0","0.0","0.0","","0","","0","0.0","0.0","","0.00","","0","","","","0","0.0","0","0","0","0","0","0.0","0","","0","0.000","0","","0","","0","","0","0","0.0","0","0.0","","","100.0","","","","0.00","","0.0","0.0","0.0","0.00","0.0"
"324","Tay Martin","WAS","WR","3","2025","4","100.0","0.0","0","0.0","0","0.0","0.0","","0","","0","0.0","0.0","","0.00","","0","","","","0","0.0","0","0","0","0","0","0.0","0","","0","0.000","0","","0","","0","","0","0","0.0","0","0.0","","","100.0","","","","0.00","","0.0","0.0","0.0","0.00","0.0"
"325","Savion Williams","GB","WR","12","2025","2","100.0","0.0","0","0.0","0","0.0","0.0","","0","","0","0.0","0.0","","0.00","","0","","","","0","0.0","0","0","0","0","0","0.0","0","","0","0.000","0","","0","","0","","0","0","0.0","0","0.0","","","100.0","","","","0.00","","0.0","0.0","0.0","0.00","0.0"
"326","Luke Schoonmaker","DAL","TE","17","2025","2","66.7","0.0","0","0.0","0","0.0","0.0","","0","","0","0.0","0.0","","0.00","","0","","","","0","0.0","0","0","0","0","0","0.0","0","","0","0.000","0","","0","","0","","0","0","0.0","0","0.0","","","100.0","","","","0.00","","0.0","0.0","0.0","0.00","0.0"
"327","David Moore","CAR","WR","4","2025","4","100.0","0.0","0","0.0","0","0.0","0.0","","0","","0","0.0","0.0","","0.00","","0","","","","0","0.0","0","0","0","0","0","0.0","0","","0","0.000","0","","0","","0","","0","0","0.0","0","0.0","","","100.0","","","","0.00","","0.0","0.0","0.0","0.00","0.0"
"328","Devin Duvernay","CHI","WR","17","2025","2","66.7","5.0","5","27.8","1","0.1","33.3","0.50","0","","0","0.0","0.0","","0.00","","0","","","","0","0.0","0","0","0","0","0","0.0","0","","0","0.000","0","","0","","0","","0","0","0.0","0","39.6","33.3","-6.4","100.0","","","","0.00","","0.0","3.1","0.2","1.55","3.1"
"329","Beaux Collins","NYG","WR","9","2025","6","100.0","4.0","8","200.0","2","0.2","66.7","0.33","0","","0","0.0","0.0","","0.00","","0","","","","0","0.0","0","0","0","0","2","100.0","0","","0","0.000","1","50.0","1","50.0","0","","0","0","0.0","0","0.0","66.7","-5.9","100.0","","","","0.00","","0.0","3.0","0.3","0.50","3.0"
"330","Kameron Johnson","TB","WR","17","2025","5","83.3","4.5","9","29.0","2","0.1","40.0","0.40","1","50.0","0","0.0","0.0","","0.00","","1","1.00","","","0","0.0","0","0","0","0","2","40.0","0","","0","0.000","1","50.0","2","100.0","1","50.0","0","0","0.0","0","56.3","40.0","-6.8","100.0","","","","0.20","0.1","1.0","2.8","0.2","0.56","2.8"
"331","Isiah Pacheco","KC","RB","13","2025","5","100.0","0.0","0","0.0","0","0.0","0.0","","0","","0","0.0","0.0","","0.00","","0","","","","0","0.0","0","0","0","0","0","0.0","0","","0","0.000","0","","0","","0","","0","0","0.0","0","0.0","","","100.0","","","","0.00","","0.0","0.0","0.0","0.00","0.0"
"332","D'Andre Swift","CHI","RB","16","2025","5","100.0","7.5","15","39.5","2","0.1","50.0","0.40","0","","0","0.0","0.0","","0.00","","0","","","","0","0.0","0","0","0","0","1","50.0","0","","0","0.000","1","50.0","1","50.0","0","","0","0","0.0","0","39.6","50.0","-7.3","100.0","","","","0.00","","0.0","2.8","0.2","0.57","2.8"
"333","Tucker Fisk","LAC","TE","10","2025","1","50.0","0.0","0","0.0","0","0.0","0.0","","0","","0","0.0","0.0","","0.00","","0","","","","0","0.0","0","0","0","0","0","0.0","0","","0","0.000","0","","0","","0","","0","0","0.0","0","0.0","","","100.0","","","","0.00","","0.0","0.0","0.0","0.00","0.0"
"334","Bhayshul Tuten","JAX","RB","15","2025","2","100.0","0.0","0","0.0","0","0.0","0.0","","0","","0","0.0","0.0","","0.00","","0","","","","0","0.0","0","0","0","0","0","0.0","0","","0","0.000","0","","0","","0","","0","0","0.0","0","0.0","","","100.0","","","","0.00","","0.0","0.0","0.0","0.00","0.0"
"335","Ja'Corey Brooks","WAS","WR","1","2025","1","100.0","0.0","0","0.0","0","0.0","0.0","","0","","0","0.0","0.0","","0.00","","0","","","","0","0.0","0","0","0","0","0","0.0","0","","0","0.000","0","","0","","0","","0","0","0.0","0","0.0","","","100.0","","","","0.00","","0.0","0.0","0.0","0.00","0.0"
"336","Woody Marks","HST","RB","16","2025","4","100.0","0.0","0","0.0","0","0.0","0.0","","0","","0","0.0","0.0","","0.00","","0","","","","0","0.0","0","0","0","0","0","0.0","0","","0","0.000","0","","0","","0","","0","0","0.0","0","0.0","","","100.0","","","","0.00","","0.0","0.0","0.0","0.00","0.0"
"337","Jack Stoll","NO","TE","15","2025","1","100.0","0.0","0","0.0","0","0.0","0.0","","0","","0","0.0","0.0","","0.00","","0","","","","0","0.0","0","0","0","0","0","0.0","0","","0","0.000","0","","0","","0","","0","0","0.0","0","0.0","","","100.0","","","","0.00","","0.0","0.0","0.0","0.00","0.0"
"338","Tyler Lockett","TEN, LV","WR","17","2025","17","94.4","0.0","0","0.0","0","0.0","0.0","","0","","0","0.0","0.0","","0.00","","0","","","","0","0.0","0","0","0","0","0","0.0","0","","0","0.000","0","","0","","0","","0","0","0.0","0","0.0","","","100.0","","","","0.00","","0.0","1.6","0.1","0.09","1.6"
"339","Jaylen Warren","PIT","RB","16","2025","3","100.0","0.0","0","0.0","0","0.0","0.0","","0","","0","0.0","0.0","","0.00","","0","","","","0","0.0","0","0","0","0","0","0.0","0","","0","0.000","0","","0","","0","","0","0","0.0","0","0.0","","","100.0","","","","0.00","","0.0","0.0","0.0","0.00","0.0"
"340","Jayden Reed","GB","WR","7","2025","10","100.0","0.0","0","0.0","0","0.0","0.0","","0","","0","0.0","0.0","","0.00","","0","","","","0","0.0","0","0","0","0","0","0.0","0","","0","0.000","0","","0","","0","","0","0","0.0","0","0.0","","","100.0","","","","0.00","","0.0","0.0","0.0","0.00","0.0"
"341","Dylan Sampson","CLV","RB","15","2025","1","50.0","0.0","0","0.0","0","0.0","0.0","","0","","0","0.0","0.0","","0.00","","0","","","","0","0.0","0","0","0","0","0","0.0","0","","0","0.000","0","","0","","0","","0","0","0.0","0","0.0","","","100.0","","","","0.00","","0.0","0.0","0.0","0.00","0.0"
"342","Javonte Williams","DAL","RB","16","2025","1","100.0","0.0","0","0.0","0","0.0","0.0","","0","","0","0.0","0.0","","0.00","","0","","","","0","0.0","0","0","0","0","0","0.0","0","","0","0.000","0","","0","","0","","0","0","0.0","0","0.0","","","100.0","","","","0.00","","0.0","0.0","0.0","0.00","0.0"
"343","Jahmyr Gibbs","DET","RB","17","2025","3","100.0","0.0","0","0.0","0","0.0","0.0","","0","","0","0.0","0.0","","0.00","","0","","","","0","0.0","0","0","0","0","0","0.0","0","","0","0.000","0","","0","","0","","0","0","0.0","0","0.0","","","100.0","","","","0.00","","0.0","0.0","0.0","0.00","0.0"
"344","Alex Bachman","LV","WR","13","2025","1","100.0","5.0","5","100.0","1","0.1","100.0","1.00","0","","0","0.0","0.0","","0.00","","0","","","","0","0.0","0","0","0","0","0","0.0","0","","0","0.000","0","","0","","0","","0","0","0.0","0","39.6","100.0","-6.4","100.0","","","","0.00","","0.0","1.4","0.1","1.37","1.4"
"345","Bam Knight","ARZ","RB","12","2025","1","100.0","0.0","0","0.0","0","0.0","0.0","","0","","0","0.0","0.0","","0.00","","0","","","","0","0.0","0","0","0","0","0","0.0","0","","0","0.000","0","","0","","0","","0","0","0.0","0","0.0","","","100.0","","","","0.00","","0.0","0.0","0.0","0.00","0.0"
"346","Terrance Ferguson","LA","TE","13","2025","11","91.7","0.0","0","0.0","0","0.0","0.0","","0","","0","0.0","0.0","","0.00","","0","","","","0","0.0","0","0","0","0","0","0.0","0","","0","0.000","0","","0","","0","","0","0","0.0","0","0.0","","","100.0","","","","0.00","","0.0","0.0","0.0","0.00","0.0"
"347","Jake Bobo","SEA","WR","11","2025","3","100.0","0.0","0","0.0","0","0.0","0.0","","0","","0","0.0","0.0","","0.00","","0","","","","0","0.0","0","0","0","0","0","0.0","0","","0","0.000","0","","0","","0","","0","0","0.0","0","0.0","","","100.0","","","","0.00","","0.0","0.0","0.0","0.00","0.0"
"348","Cade Stover","HST","TE","9","2025","4","100.0","0.0","0","0.0","0","0.0","0.0","","0","","0","0.0","0.0","","0.00","","0","","","","0","0.0","0","0","0","0","0","0.0","0","","0","0.000","0","","0","","0","","0","0","0.0","0","0.0","","","100.0","","","","0.00","","0.0","0.0","0.0","0.00","0.0"
"349","Tyler Higbee","LA","TE","10","2025","7","100.0","10.0","10","12.5","1","0.1","14.3","0.14","0","","0","0.0","0.0","","0.00","","0","","","","0","0.0","0","0","0","0","1","16.7","0","","0","0.000","0","","0","","0","","0","0","0.0","0","39.6","14.3","-7.8","100.0","","","","0.00","","0.0","1.3","0.1","0.18","1.3"
"350","David Martin-Robinson","TEN","TE","15","2025","1","100.0","0.0","0","0.0","0","0.0","0.0","","0","","0","0.0","0.0","","0.00","","0","","","","0","0.0","0","0","0","0","0","0.0","0","","0","0.000","0","","0","","0","","0","0","0.0","0","0.0","","","100.0","","","","0.00","","0.0","0.0","0.0","0.00","0.0"
"351","Greg Dortch","ARZ","WR","12","2025","7","87.5","0.0","0","0.0","0","0.0","0.0","","0","","0","0.0","0.0","","0.00","","0","","","","0","0.0","0","0","0","0","0","0.0","0","","0","0.000","0","","0","","0","","0","0","0.0","0","0.0","","","100.0","","","","0.00","","0.0","0.0","0.0","0.00","0.0"
"352","Noah Fant","CIN","TE","15","2025","5","100.0","0.0","0","0.0","0","0.0","0.0","","0","","0","0.0","0.0","","0.00","","0","","","","0","0.0","0","0","0","0","0","0.0","0","","0","0.000","0","","0","","0","","0","0","0.0","0","0.0","","","100.0","","","","0.00","","0.0","0.0","0.0","0.00","0.0"
"353","Chase Brown","CIN","RB","17","2025","4","100.0","2.0","2","7.4","1","0.1","33.3","0.25","0","","0","0.0","0.0","","0.00","","0","","","","0","0.0","1","0","0","0","1","50.0","0","","0","0.000","1","100.0","1","100.0","0","","0","0","0.0","0","39.6","33.3","-6.4","100.0","","","","0.00","","0.0","1.6","0.1","0.41","1.6"
"354","Johnny Mundt","JAX","TE","16","2025","4","100.0","6.0","6","18.8","1","0.1","25.0","0.25","0","","0","0.0","0.0","","0.00","","0","","","","0","0.0","0","0","0","0","1","25.0","0","","0","0.000","0","","0","","0","","0","0","0.0","0","39.6","25.0","-7.1","100.0","","","","0.00","","0.0","1.5","0.1","0.38","1.5"
"355","Brycen Tremayne","CAR","WR","16","2025","14","100.0","16.0","16","18.8","1","0.1","7.7","0.07","0","","0","0.0","0.0","","0.00","","0","","","","0","0.0","0","0","0","0","1","10.0","0","","0","0.000","0","","1","100.0","0","","0","0","0.0","0","39.6","10.0","-10.1","100.0","","","","0.00","","0.0","3.4","0.2","0.24","3.4"
"356","Ray-Ray McCloud","ATL, NYG","WR","6","2025","13","92.9","17.0","17","30.4","1","0.2","7.7","0.08","0","","0","0.0","0.0","","0.00","","0","","","","0","0.0","0","0","0","0","1","12.5","0","","0","0.000","0","","0","","0","","0","0","0.0","0","0.0","10.0","-11.7","100.0","","","","0.00","","0.0","3.6","0.6","0.28","3.6"
"357","Josiah Deguara","ARZ","TE","12","2025","1","100.0","0.0","0","0.0","0","0.0","0.0","","0","","0","0.0","0.0","","0.00","","0","","","","0","0.0","0","0","0","0","0","0.0","0","","0","0.000","0","","0","","0","","0","0","0.0","0","0.0","","","100.0","","","","0.00","","0.0","0.0","0.0","0.00","0.0"
"358","Daniel Bellinger","NYG","TE","16","2025","8","88.9","0.0","0","0.0","0","0.0","0.0","","0","","0","0.0","0.0","","0.00","","0","","","","0","0.0","0","0","0","0","0","0.0","0","","0","0.000","0","","0","","0","","0","0","0.0","0","0.0","","","100.0","","","","0.00","","0.0","0.0","0.0","0.00","0.0"
"359","Justice Hill","BLT","RB","10","2025","1","100.0","0.0","0","0.0","0","0.0","0.0","","0","","0","0.0","0.0","","0.00","","0","","","","0","0.0","0","0","0","0","0","0.0","0","","0","0.000","0","","0","","0","","0","0","0.0","0","0.0","","","100.0","","","","0.00","","0.0","0.0","0.0","0.00","0.0"
"360","Scott Miller","PIT","WR","13","2025","14","100.0","25.0","25","26.9","1","0.1","7.7","0.07","0","","0","0.0","0.0","","0.00","","0","","","","0","0.0","0","1","0","1","1","11.1","0","","0","0.000","0","","0","","0","","0","0","0.0","0","39.6","7.7","-11.5","100.0","","","","0.00","","0.0","3.4","0.3","0.24","3.4"
"361","Jordan Mason","MIN","RB","16","2025","1","100.0","0.0","0","0.0","0","0.0","0.0","","0","","0","0.0","0.0","","0.00","","0","","","","0","0.0","0","0","0","0","0","0.0","0","","0","0.000","0","","0","","0","","0","0","0.0","0","0.0","","","100.0","","","","0.00","","0.0","0.0","0.0","0.00","0.0"
"362","John Bates","WAS","TE","15","2025","3","100.0","0.0","0","0.0","0","0.0","0.0","","0","","0","0.0","0.0","","0.00","","0","","","","0","0.0","0","0","0","0","0","0.0","0","","0","0.000","0","","0","","0","","0","0","0.0","0","0.0","","","100.0","","","","0.00","","0.0","0.0","0.0","0.00","0.0"
"363","Emanuel Wilson","GB","RB","17","2025","2","100.0","0.0","0","0.0","0","0.0","0.0","","0","","0","0.0","0.0","","0.00","","0","","","","0","0.0","0","0","0","0","0","0.0","0","","0","0.000","0","","0","","0","","0","0","0.0","0","0.0","","","100.0","","","","0.00","","0.0","0.0","0.0","0.00","0.0"
"364","Brock Wright","DET","TE","11","2025","2","100.0","0.0","0","0.0","0","0.0","0.0","","0","","0","0.0","0.0","","0.00","","0","","","","0","0.0","0","0","0","0","0","0.0","0","","0","0.000","0","","0","","0","","0","0","0.0","0","0.0","","","100.0","","","","0.00","","0.0","0.0","0.0","0.00","0.0"
"365","De'Von Achane","MIA","RB","16","2025","4","100.0","0.0","0","0.0","0","0.0","0.0","","0","","0","0.0","0.0","","0.00","","0","","","","0","0.0","0","0","0","0","0","0.0","0","","0","0.000","0","","0","","0","","0","0","0.0","0","0.0","","","100.0","","","","0.00","","0.0","0.0","0.0","0.00","0.0"
"366","Malik Turner","SF","WR","3","2025","3","100.0","0.0","0","0.0","0","0.0","0.0","","0","","0","0.0","0.0","","0.00","","0","","","","0","0.0","0","0","0","0","0","0.0","0","","0","0.000","0","","0","","0","","0","0","0.0","0","0.0","","","100.0","","","","0.00","","0.0","0.0","0.0","0.00","0.0"
"367","Theo Wease","MIA","WR","3","2025","3","75.0","0.0","0","0.0","0","0.0","0.0","","0","","0","0.0","0.0","","0.00","","0","","","","0","0.0","0","0","0","0","0","0.0","0","","0","0.000","0","","0","","0","","0","0","0.0","0","0.0","","","100.0","","","","0.00","","0.0","0.0","0.0","0.00","0.0"
"368","Ronnie Bell","NO","WR","2","2025","2","100.0","0.0","0","0.0","0","0.0","0.0","","0","","0","0.0","0.0","","0.00","","0","","","","0","0.0","0","0","0","0","0","0.0","0","","0","0.000","0","","0","","0","","0","0","0.0","0","0.0","","","100.0","","","","0.00","","0.0","0.0","0.0","0.00","0.0"
"369","Brashard Smith","KC","RB","17","2025","2","100.0","0.0","0","0.0","0","0.0","0.0","","0","","0","0.0","0.0","","0.00","","0","","","","0","0.0","0","0","0","0","0","0.0","0","","0","0.000","0","","0","","0","","0","0","0.0","0","0.0","","","100.0","","","","0.00","","0.0","0.0","0.0","0.00","0.0"
"370","Chris Brooks","GB","RB","17","2025","1","100.0","0.0","0","0.0","0","0.0","0.0","","0","","0","0.0","0.0","","0.00","","0","","","","0","0.0","0","0","0","0","0","0.0","0","","0","0.000","0","","0","","0","","0","0","0.0","0","0.0","","","100.0","","","","0.00","","0.0","0.0","0.0","0.00","0.0"
"371","Tyler Johnson","NYJ","WR","12","2025","12","85.7","0.0","0","0.0","0","0.0","0.0","","0","","0","0.0","0.0","","0.00","","0","","","","0","0.0","0","0","0","0","0","0.0","0","","0","0.000","0","","0","","0","","0","0","0.0","0","0.0","","","100.0","","","","0.00","","0.0","0.0","0.0","0.00","0.0"
"372","Quintin Morris","JAX","TE","13","2025","3","75.0","0.0","0","0.0","0","0.0","0.0","","0","","0","0.0","0.0","","0.00","","0","","","","0","0.0","0","0","0","0","0","0.0","0","","0","0.000","0","","0","","0","","0","0","0.0","0","0.0","","","100.0","","","","0.00","","0.0","0.0","0.0","0.00","0.0"
"373","Cedrick Wilson","MIA","WR","10","2025","4","80.0","0.0","0","0.0","0","0.0","0.0","","0","","0","0.0","0.0","","0.00","","0","","","","0","0.0","0","0","0","0","0","0.0","0","","0","0.000","0","","0","","0","","0","0","0.0","0","0.0","","","100.0","","","","0.00","","0.0","0.0","0.0","0.00","0.0"
"374","Kylen Granson","PHI","TE","17","2025","3","75.0","31.0","31","49.2","1","0.1","25.0","0.33","0","","0","0.0","0.0","","0.00","","0","","","","0","0.0","0","0","0","1","0","0.0","0","","0","0.000","1","100.0","1","100.0","0","","1","0","0.0","0","39.6","33.3","-15.0","100.0","","","","0.00","","0.0","2.0","0.1","0.67","2.0"
"375","Elijah Arroyo","SEA","TE","13","2025","4","66.7","9.0","9","30.0","1","0.1","16.7","0.25","0","","0","0.0","0.0","","0.00","","0","","","","0","0.0","0","0","0","0","1","16.7","0","","0","0.000","0","","0","","0","","0","0","0.0","0","39.6","16.7","-7.3","100.0","","","","0.00","","0.0","1.3","0.1","0.32","1.3"
"376","Malik Washington","MIA","WR","17","2025","17","94.4","8.0","8","14.5","1","0.1","6.7","0.06","0","","0","0.0","0.0","","0.00","","0","","","","0","0.0","0","0","0","0","1","11.1","0","","0","0.000","0","","0","","0","","0","0","0.0","0","39.6","8.3","-7.5","100.0","","","","0.00","","0.0","1.3","0.1","0.08","1.3"