"Player Details","","","","","","Receiving","","","","","","","","","","","","","","","","","","","","","","","Advanced","","","","","","","","","","","","","","","","","","","","","","","","","","","FPTS","","","","","",""
"Rank","Name","Team","POS","G","Season","RTE","RTE %","aDOT","AY","AY Share","TGT","TGT/G","TGT %","TPRR","REC","CR %","YDS","RecYDS/G","TM YDS %","YPRR","YPT","YPR","YAC","YAC/REC","YACO","YACO/REC","TD","TM TD %","i20 TGT","EZTGT","EZTD","DP TGT","1READ","1READ %","MTF","MTF/REC","1D","1D/RR","DRP","DRP %","CTGT","CTGT %","DESIGN","DESIGN %","CT","CC","CC %","HERO","RATE","THREAT","YPTOE","WIDE RTE %","SLOT RTE %","INLINE RTE %","BACK RTE %","FP/RR","FP/G","FP","XFP","XFP/G","XFP/RR","RecXFP"
"1","Puka Nacua","LA","WR","16","2025","95","94.1","8.6","386","46.8","45","2.8","45.0","0.47","36","80.0","453","28.3","54.0","4.77","10.07","12.58","203","5.64","99","2.75","3","100.0","5","0","0","6","38","57.6","6","0.17","18","0.189","2","4.4","39","86.7","12","26.7","4","3","75.0","3","121.6","46.9","2.5","100.0","","","","1.05","6.2","99.3","75.2","4.7","0.79","75.2"
"2","Jaylen Waddle","MIA","WR","16","2025","119","95.2","15.6","562","55.1","36","2.3","30.5","0.30","22","61.1","422","26.4","44.3","3.55","11.72","19.18","122","5.55","34","1.55","2","50.0","1","2","1","6","33","41.3","3","0.14","19","0.160","4","11.1","27","75.0","0","","5","4","80.0","1","80.8","31.6","2.2","100.0","","","","0.64","4.8","76.2","68.2","4.3","0.57","68.2"
"3","Jaxon Smith-Njigba","SEA","WR","17","2025","120","100.0","13.0","480","49.9","37","2.2","33.3","0.31","26","70.3","406","23.9","35.6","3.38","10.97","15.62","118","4.54","45","1.73","3","37.5","6","4","2","10","30","44.1","2","0.08","18","0.150","1","2.7","29","78.4","4","10.8","3","0","0.0","2","122.1","37.4","2.1","100.0","","","","0.71","5.0","84.6","72.3","4.3","0.60","72.3"
"4","George Pickens","DAL","WR","17","2025","123","96.1","14.1","492","45.3","35","2.1","28.7","0.28","26","74.3","385","22.6","38.0","3.13","11.00","14.81","114","4.38","69","2.65","2","50.0","2","4","1","8","27","36.0","6","0.23","21","0.171","2","5.7","30","85.7","0","","10","8","80.0","1","117.0","29.9","2.1","100.0","","","","0.62","4.5","76.5","67.1","3.9","0.55","67.1"
"5","Justin Jefferson","MIN","WR","17","2025","115","96.6","10.2","397","47.6","39","2.3","37.1","0.34","29","74.4","378","22.2","48.5","3.29","9.69","13.03","147","5.07","87","3.00","0","0.0","1","1","0","6","31","46.3","6","0.21","17","0.148","2","5.1","32","82.1","8","20.5","5","4","80.0","1","64.9","40.2","1.3","100.0","","","","0.58","3.9","66.8","65.1","3.8","0.57","65.1"
"6","Nico Collins","HST","WR","15","2025","113","95.8","14.2","510","51.9","36","2.4","34.6","0.32","22","61.1","352","23.5","41.5","3.12","9.78","16.00","106","4.82","33","1.50","2","66.7","2","1","1","10","30","43.5","2","0.09","13","0.115","1","2.8","25","69.4","1","2.8","4","2","50.0","1","112.3","35.6","0.9","100.0","","","","0.60","4.5","68.2","66.9","4.5","0.59","66.9"
"7","Ja'Marr Chase","CIN","WR","16","2025","97","99.0","9.7","466","68.8","48","3.0","52.7","0.49","31","64.6","322","20.1","49.3","3.32","6.71","10.39","139","4.48","41","1.32","2","66.7","3","1","1","6","44","69.8","5","0.16","15","0.155","2","4.2","36","75.0","7","14.6","7","3","42.9","0","71.7","56.5","-1.3","100.0","","","","0.78","4.7","75.2","83.9","5.2","0.86","83.9"
"8","Jameson Williams","DET","WR","17","2025","137","93.2","13.2","423","43.3","32","1.9","23.5","0.23","21","65.6","310","18.2","29.1","2.26","9.69","14.76","106","5.05","40","1.90","1","16.7","2","2","0","6","25","29.4","5","0.24","15","0.109","1","3.1","23","71.9","3","9.4","2","1","50.0","0","94.5","26.4","0.7","100.0","","","","0.42","3.4","58.0","58.2","3.4","0.42","58.2"
"9","Chris Olave","NO","WR","16","2025","113","95.0","13.2","541","54.8","41","2.6","37.3","0.36","27","65.9","306","19.1","42.4","2.71","7.46","11.33","71","2.63","7","0.26","1","100.0","1","1","0","9","37","46.3","1","0.04","13","0.115","2","4.9","30","73.2","2","4.9","1","0","0.0","1","86.0","38.7","-1.2","100.0","","","","0.56","4.0","63.6","73.3","4.6","0.65","73.3"
"10","Michael Wilson","ARZ","WR","17","2025","137","96.5","11.3","473","51.7","42","2.5","32.6","0.31","25","59.5","304","17.9","37.5","2.22","7.24","12.16","115","4.60","47","1.88","1","25.0","3","3","1","7","32","38.1","2","0.08","15","0.109","1","2.4","28","66.7","1","2.4","7","4","57.1","1","79.9","34.1","-0.9","100.0","","","","0.45","3.6","61.4","73.2","4.3","0.53","73.2"
"11","Tetairoa McMillan","CAR","WR","17","2025","137","95.1","13.7","492","57.7","36","2.1","27.9","0.26","18","50.0","304","17.9","35.4","2.22","8.44","16.89","74","4.11","13","0.72","1","33.3","2","3","0","10","23","33.3","0","","15","0.109","8","22.2","30","83.3","1","2.8","6","1","16.7","0","76.6","32.1","-0.6","100.0","","","","0.40","3.2","54.4","62.9","3.7","0.46","62.9"
"12","A.J. Brown","PHI","WR","15","2025","121","91.7","13.4","456","42.4","34","2.3","30.1","0.28","24","70.6","304","20.3","32.3","2.51","8.94","12.67","63","2.63","38","1.58","2","50.0","3","1","1","8","27","37.0","2","0.08","15","0.124","3","8.8","29","85.3","2","5.9","7","5","71.4","1","93.3","31.2","0.1","100.0","","","","0.55","4.4","66.4","60.0","4.0","0.50","60.0"
"13","Alec Pierce","IND","WR","15","2025","117","96.7","21.0","505","46.4","24","1.6","22.0","0.21","13","54.2","303","20.2","31.1","2.59","12.63","23.31","51","3.92","20","1.54","0","0.0","1","1","0","8","20","24.4","0","","12","0.103","0","","16","66.7","0","","7","3","42.9","1","64.6","23.3","1.6","100.0","","","","0.37","2.9","43.3","50.8","3.4","0.43","50.8"
"14","Courtland Sutton","DEN","WR","17","2025","165","92.2","13.9","554","40.8","40","2.4","25.0","0.24","22","55.0","299","17.6","26.5","1.81","7.48","13.59","51","2.32","29","1.32","1","33.3","3","1","0","7","35","33.0","2","0.09","14","0.085","3","7.5","31","77.5","0","","9","4","44.4","0","77.0","26.0","-1.6","100.0","","","","0.35","3.4","57.9","69.9","4.1","0.42","69.9"
"15","DeVonta Smith","PHI","WR","17","2025","66","95.7","21.6","368","53.4","17","1.0","28.3","0.26","12","70.6","291","17.1","55.9","4.41","17.12","24.25","59","4.92","15","1.25","1","100.0","0","1","0","7","15","36.6","0","","12","0.182","0","","13","76.5","1","5.9","5","4","80.0","1","132.6","32.1","6.5","100.0","","","","0.71","2.8","47.1","40.9","2.4","0.62","40.9"
"16","Drake London","ATL","WR","12","2025","79","84.0","11.6","312","55.0","27","2.3","30.0","0.34","17","63.0","289","24.1","44.1","3.66","10.70","17.00","87","5.12","26","1.53","1","50.0","1","0","0","3","22","36.7","0","","11","0.139","0","","20","74.1","0","","6","3","50.0","2","111.5","33.3","2.3","100.0","","","","0.66","4.3","51.9","45.9","3.8","0.58","45.9"
"17","Terry McLaurin","WAS","WR","10","2025","60","95.2","13.7","274","66.5","20","2.0","41.7","0.33","17","85.0","277","27.7","61.0","4.62","13.85","16.29","52","3.06","21","1.24","0","0.0","0","0","0","2","16","51.6","2","0.12","15","0.250","0","","19","95.0","0","","5","3","60.0","0","118.8","45.5","4.6","100.0","","","","0.75","4.5","44.7","35.8","3.6","0.60","35.8"
"18","Darius Slayton","NYG","WR","14","2025","85","92.4","12.6","252","42.2","20","1.4","26.7","0.24","16","80.0","259","18.5","38.0","3.05","12.95","16.19","105","6.56","39","2.44","0","0.0","0","1","0","6","18","29.5","3","0.19","10","0.118","1","5.0","19","95.0","0","","5","3","60.0","1","118.8","27.4","4.6","100.0","","","","0.49","3.0","41.9","35.4","2.5","0.42","35.4"
"19","Kayshon Boutte","NE","WR","14","2025","110","94.8","13.6","285","38.7","21","1.5","21.4","0.19","17","81.0","253","18.1","30.4","2.30","12.05","14.88","21","1.24","10","0.59","1","33.3","0","1","1","3","17","27.4","0","","15","0.136","0","","19","90.5","0","","5","3","60.0","0","132.7","23.1","2.9","100.0","","","","0.44","3.5","48.3","39.9","2.8","0.36","39.9"
"20","DK Metcalf","PIT","WR","15","2025","89","90.8","8.2","269","64.5","33","2.2","37.1","0.37","22","66.7","251","16.7","42.2","2.82","7.61","11.41","160","7.27","43","1.95","1","33.3","4","1","1","6","29","46.8","5","0.23","12","0.135","2","6.1","26","78.8","4","12.1","4","1","25.0","0","74.2","39.3","0.2","100.0","","","","0.60","3.5","53.1","54.2","3.6","0.61","54.2"
"21","Davante Adams","LA","WR","14","2025","95","88.0","13.6","367","40.6","27","1.9","26.0","0.28","17","63.0","242","17.3","27.4","2.55","8.96","14.24","24","1.41","12","0.71","2","50.0","3","2","2","4","20","26.7","0","","15","0.158","5","18.5","24","88.9","0","","3","1","33.3","0","116.6","27.0","-0.5","100.0","","","","0.56","3.8","53.2","51.0","3.6","0.54","51.0"
"22","Troy Franklin","DEN","WR","17","2025","88","96.7","13.1","289","42.8","22","1.3","25.6","0.25","17","77.3","240","14.1","33.8","2.73","10.91","14.12","78","4.59","26","1.53","0","0.0","3","0","0","4","18","33.3","4","0.24","9","0.102","2","9.1","19","86.4","3","13.6","1","1","100.0","0","111.9","27.5","2.0","100.0","","","","0.47","2.4","41.0","38.4","2.3","0.44","38.4"
"23","Luther Burden","CHI","WR","15","2025","48","94.1","9.4","150","43.5","16","1.1","34.8","0.33","12","75.0","228","15.2","58.9","4.75","14.25","19.00","101","8.42","40","3.33","1","50.0","0","0","0","2","14","46.7","6","0.50","7","0.146","1","6.3","14","87.5","3","18.8","1","0","0.0","0","137.5","39.0","6.5","100.0","","","","0.85","2.7","40.8","26.1","1.7","0.54","26.1"
"24","Quentin Johnston","LAC","WR","14","2025","107","97.3","12.6","289","37.5","23","1.6","24.7","0.21","14","60.9","219","15.6","31.5","2.05","9.52","15.64","76","5.43","30","2.14","1","20.0","1","0","0","6","19","33.3","5","0.36","6","0.056","3","13.0","19","82.6","5","21.7","4","1","25.0","0","88.9","27.1","1.2","100.0","","","","0.39","3.0","41.9","38.6","2.8","0.36","38.6"
"25","Amon-Ra St. Brown","DET","WR","17","2025","80","92.0","11.2","247","48.4","22","1.3","27.5","0.28","14","63.6","218","12.8","36.6","2.73","9.91","15.57","87","6.21","15","1.07","0","0.0","1","0","0","2","18","36.0","1","0.07","11","0.138","2","9.1","17","77.3","1","4.5","2","1","50.0","0","77.5","31.4","1.3","100.0","","","","0.45","2.1","35.8","36.6","2.2","0.46","36.6"
"26","Tre Tucker","LV","WR","17","2025","138","96.5","9.2","267","31.5","29","1.7","22.7","0.21","20","69.0","217","12.8","23.2","1.57","7.48","10.85","69","3.45","23","1.15","1","50.0","3","1","1","3","23","25.8","3","0.15","10","0.072","2","6.9","24","82.8","4","13.8","5","3","60.0","1","87.9","24.4","-0.3","100.0","","","","0.35","2.8","47.7","54.5","3.2","0.39","54.5"
"27","Romeo Doubs","GB","WR","16","2025","94","95.9","16.5","297","45.3","18","1.1","20.2","0.19","12","66.7","215","13.4","33.2","2.29","11.94","17.92","41","3.42","21","1.75","1","33.3","3","1","1","4","15","30.0","0","","9","0.096","1","5.6","15","83.3","0","","7","3","42.9","0","125.9","22.2","2.4","100.0","","","","0.42","2.5","39.5","35.4","2.2","0.38","35.4"
"28","Emeka Egbuka","TB","WR","17","2025","99","93.4","10.7","322","55.5","30","1.8","32.6","0.30","17","56.7","212","12.5","33.4","2.14","7.07","12.47","83","4.88","19","1.12","1","50.0","2","2","1","5","26","40.0","1","0.06","7","0.071","2","6.7","19","63.3","4","13.3","4","4","100.0","0","76.0","33.7","-1.4","100.0","","","","0.45","2.6","44.2","53.7","3.2","0.54","53.7"
"29","Marvin Harrison","ARZ","WR","12","2025","96","94.1","15.7","313","54.9","20","1.7","23.8","0.21","11","55.0","206","17.2","33.1","2.15","10.30","18.73","46","4.18","34","3.09","0","0.0","4","4","0","6","17","32.1","2","0.18","9","0.094","1","5.0","13","65.0","0","","2","1","50.0","2","90.8","26.3","0.8","100.0","","","","0.33","2.6","31.6","38.6","3.2","0.40","38.6"
"30","Brian Thomas","JAX","WR","14","2025","125","94.0","15.2","502","46.7","33","2.4","27.0","0.26","17","51.5","205","14.6","28.4","1.64","6.21","12.06","76","4.47","10","0.59","1","33.3","3","2","0","10","29","34.9","1","0.06","9","0.072","2","6.1","26","78.8","0","","8","1","12.5","0","81.0","28.9","-3.0","100.0","","","","0.35","3.1","43.5","61.4","4.4","0.49","61.4"
"31","Stefon Diggs","NE","WR","17","2025","56","93.3","9.4","132","23.6","14","0.8","26.9","0.25","14","100.0","195","11.5","32.6","3.48","13.93","13.93","63","4.50","26","1.86","1","25.0","2","0","0","2","8","20.5","4","0.29","9","0.161","0","","14","100.0","0","","2","2","100.0","1","142.6","28.6","6.3","100.0","","","","0.71","2.3","39.5","22.2","1.3","0.40","22.2"
"32","Jerry Jeudy","CLV","WR","17","2025","121","91.0","14.1","367","52.8","26","1.5","21.7","0.21","13","50.0","193","11.4","27.9","1.60","7.42","14.85","75","5.77","7","0.54","2","50.0","0","2","1","7","21","28.4","1","0.08","5","0.041","1","3.8","16","61.5","1","3.8","2","1","50.0","0","84.3","24.1","-1.4","100.0","","","","0.36","2.5","43.3","49.4","2.9","0.41","49.4"
"33","DJ Moore","CHI","WR","17","2025","123","92.5","14.5","289","27.2","20","1.2","16.8","0.16","13","65.0","193","11.4","22.7","1.57","9.65","14.85","49","3.77","9","0.69","0","0.0","2","1","0","6","14","20.0","0","","8","0.065","2","10.0","17","85.0","3","15.0","5","3","60.0","1","75.6","18.7","0.4","100.0","","","","0.26","1.9","32.3","36.6","2.2","0.30","36.6"
"34","Ricky Pearsall","SF","WR","9","2025","65","94.2","14.5","218","43.5","15","1.7","24.6","0.23","10","66.7","192","21.3","35.8","2.95","12.80","19.20","36","3.60","7","0.70","0","0.0","1","1","0","4","13","31.7","0","","9","0.138","1","6.7","11","73.3","1","6.7","2","2","100.0","0","109.7","27.3","3.5","100.0","","","","0.45","3.2","29.2","33.3","3.7","0.51","33.3"
"35","Cooper Kupp","SEA","WR","16","2025","73","94.8","8.3","99","17.2","12","0.8","16.9","0.16","10","83.3","185","11.6","23.9","2.53","15.42","18.50","113","11.30","68","6.80","0","0.0","2","1","0","0","7","15.2","5","0.50","6","0.082","1","8.3","12","100.0","1","8.3","2","0","0.0","0","118.8","18.5","7.8","100.0","","","","0.38","1.7","27.5","22.3","1.4","0.30","22.3"
"36","Parker Washington","JAX","WR","16","2025","58","90.6","14.5","261","52.8","18","1.1","31.0","0.31","12","66.7","182","11.4","46.0","3.14","10.11","15.17","20","1.67","8","0.67","1","100.0","1","1","1","4","15","40.5","1","0.08","10","0.172","1","5.6","14","77.8","0","","3","2","66.7","1","95.1","32.7","1.0","100.0","","","","0.62","2.3","36.2","38.1","2.4","0.66","38.1"
"37","Khalil Shakir","BUF","WR","16","2025","39","95.1","1.2","16","10.3","13","0.8","35.1","0.33","10","76.9","182","11.4","46.7","4.67","14.00","18.20","136","13.60","101","10.10","2","50.0","0","0","0","0","11","45.8","7","0.70","6","0.154","1","7.7","11","84.6","6","46.2","0","0","0.0","0","157.9","37.1","7.7","100.0","","","","1.03","2.5","40.2","21.6","1.4","0.55","21.6"
"38","Jauan Jennings","SF","WR","15","2025","109","93.2","10.7","213","30.8","20","1.3","19.8","0.18","12","60.0","174","11.6","20.1","1.60","8.70","14.50","38","3.17","15","1.25","0","0.0","1","1","0","1","18","26.5","1","0.08","10","0.092","3","15.0","16","80.0","0","","6","4","66.7","0","48.8","21.3","0.1","100.0","","","","0.26","1.9","28.4","39.0","2.6","0.36","39.0"
"39","Zay Flowers","BLT","WR","17","2025","86","97.7","12.3","234","37.0","19","1.1","27.1","0.22","14","73.7","166","9.8","32.0","1.93","8.74","11.86","25","1.79","12","0.86","0","0.0","0","0","0","2","17","37.0","3","0.21","9","0.105","0","","15","78.9","1","5.3","4","4","100.0","0","99.9","28.8","-0.2","100.0","","","","0.36","1.8","30.6","36.0","2.1","0.42","36.0"
"40","Michael Pittman","IND","WR","17","2025","103","96.3","8.1","178","21.7","22","1.3","22.2","0.21","17","77.3","157","9.2","17.2","1.52","7.14","9.24","64","3.76","24","1.41","0","0.0","0","0","0","2","18","25.0","3","0.18","6","0.058","1","4.5","19","86.4","1","4.5","1","0","0.0","1","77.3","23.4","-0.3","100.0","","","","0.32","1.9","32.7","32.7","1.9","0.32","32.7"
"41","Jayden Higgins","HST","WR","17","2025","76","95.0","9.3","176","28.7","19","1.1","27.9","0.25","13","68.4","157","9.2","26.6","2.07","8.26","12.08","49","3.77","11","0.85","0","0.0","0","0","0","1","11","24.4","1","0.08","9","0.118","0","","14","73.7","0","","1","0","0.0","0","93.5","29.2","0.6","100.0","","","","0.38","1.7","28.7","31.5","1.9","0.41","31.5"
"42","Mack Hollins","NE","WR","15","2025","87","94.6","14.1","226","39.0","16","1.1","21.1","0.18","12","75.0","155","10.3","25.1","1.78","9.69","12.92","28","2.33","6","0.50","0","0.0","1","0","0","3","14","29.2","0","","6","0.069","1","6.3","13","81.3","0","","1","1","100.0","0","104.9","22.9","0.9","100.0","","","","0.32","1.8","27.5","28.3","1.9","0.33","28.3"
"43","Xavier Worthy","KC","WR","14","2025","84","92.3","19.4","369","55.6","19","1.4","24.4","0.23","11","57.9","155","11.1","22.6","1.85","8.16","14.09","55","5.00","15","1.36","0","0.0","1","1","0","6","16","32.7","1","0.09","8","0.095","1","5.3","12","63.2","1","5.3","0","0","0.0","0","62.4","26.4","-1.8","100.0","","","","0.32","1.9","26.5","39.6","2.8","0.47","39.6"
"44","Adonai Mitchell","NYJ, IND","WR","16","2025","73","88.0","16.6","283","58.6","17","1.1","24.3","0.23","9","52.9","154","9.6","32.8","2.11","9.06","17.11","63","7.00","40","4.44","0","0.0","2","1","0","5","16","30.8","3","0.33","3","0.041","1","5.9","10","58.8","0","","3","3","100.0","1","59.4","26.2","-0.3","100.0","","","","0.32","1.5","23.4","33.5","2.1","0.46","33.5"
"45","CeeDee Lamb","DAL","WR","14","2025","58","98.3","13.9","194","42.4","14","1.0","25.9","0.24","10","71.4","152","10.9","37.7","2.62","10.86","15.20","42","4.20","9","0.90","1","33.3","1","1","1","3","10","32.3","0","","6","0.103","1","7.1","12","85.7","0","","3","2","66.7","0","130.7","26.9","1.8","100.0","","","","0.54","2.2","31.2","26.3","1.9","0.45","26.3"
"46","Elic Ayomanor","TEN","WR","16","2025","125","89.3","14.1","310","37.8","22","1.4","17.6","0.18","11","50.0","151","9.4","21.4","1.21","6.86","13.73","27","2.45","13","1.18","0","0.0","1","1","0","4","16","20.5","0","","8","0.064","4","18.2","15","68.2","0","","2","2","100.0","1","72.3","19.6","-2.1","100.0","","","","0.21","1.6","26.1","38.1","2.4","0.30","38.1"
"47","Keenan Allen","LAC","WR","17","2025","57","98.3","9.4","159","30.7","17","1.0","34.0","0.30","13","76.5","149","8.8","30.7","2.61","8.76","11.46","42","3.23","14","1.08","2","50.0","2","2","2","2","14","43.8","2","0.15","7","0.123","0","","13","76.5","1","5.9","2","2","100.0","0","117.0","36.2","0.9","100.0","","","","0.70","2.3","39.9","32.4","1.9","0.57","32.4"
"48","Kendrick Bourne","SF","WR","16","2025","78","98.7","12.1","157","29.0","13","0.8","17.8","0.17","9","69.2","149","9.3","24.2","1.91","11.46","16.56","50","5.56","41","4.56","0","0.0","0","0","0","2","11","20.4","1","0.11","7","0.090","2","15.4","11","84.6","0","","4","3","75.0","0","75.5","18.8","2.7","100.0","","","","0.31","1.5","23.9","19.2","1.2","0.25","19.2"
"49","Jakobi Meyers","LV, JAX","WR","16","2025","74","97.4","10.3","165","29.6","16","1.0","23.5","0.22","12","75.0","145","9.1","26.5","1.96","9.06","12.08","30","2.50","14","1.17","1","33.3","2","2","1","0","11","24.4","2","0.17","7","0.095","1","6.3","14","87.5","1","6.3","4","2","50.0","0","123.2","24.6","0.8","100.0","","","","0.44","2.0","32.5","29.1","1.8","0.39","29.1"
"50","Darnell Mooney","ATL","WR","15","2025","72","87.8","11.8","235","47.5","20","1.3","26.0","0.28","12","60.0","141","9.4","23.9","1.96","7.05","11.75","11","0.92","6","0.50","0","0.0","2","0","0","2","18","36.0","1","0.08","8","0.111","1","5.0","14","70.0","1","5.0","2","1","50.0","0","81.5","29.0","-1.7","100.0","","","","0.36","1.7","26.1","36.5","2.4","0.51","36.5"
"51","Wan'Dale Robinson","NYG","WR","16","2025","57","98.3","10.2","153","36.3","15","0.9","30.6","0.26","10","66.7","138","8.6","29.2","2.42","9.20","13.80","32","3.20","3","0.30","1","25.0","0","1","1","3","12","36.4","0","","6","0.105","1","6.7","12","80.0","2","13.3","4","1","25.0","0","90.4","32.6","1.4","100.0","","","","0.52","1.9","29.8","24.3","1.5","0.43","24.3"
"52","Rome Odunze","CHI","WR","12","2025","73","88.0","11.9","203","35.6","17","1.4","23.3","0.23","10","58.8","134","11.2","26.2","1.84","7.88","13.40","68","6.80","20","2.00","2","50.0","3","3","1","3","12","27.9","1","0.10","9","0.123","1","5.9","12","70.6","0","","2","0","0.0","0","123.2","25.0","-0.5","100.0","","","","0.48","3.0","35.4","32.5","2.7","0.44","32.5"
"53","Christian Watson","GB","WR","10","2025","46","100.0","11.1","133","35.1","12","1.2","31.6","0.26","9","75.0","127","12.7","32.3","2.76","10.58","14.11","21","2.33","3","0.33","0","0.0","0","0","0","1","10","41.7","0","","7","0.152","1","8.3","12","100.0","0","","4","3","75.0","0","108.7","32.4","1.9","100.0","","","","0.47","2.2","21.7","21.5","2.1","0.47","21.5"
"54","Keon Coleman","BUF","WR","13","2025","87","90.6","8.6","164","29.3","19","1.5","23.8","0.22","13","68.4","119","9.2","17.7","1.37","6.26","9.15","40","3.08","5","0.38","0","0.0","1","0","0","3","15","32.6","0","","8","0.092","1","5.3","15","78.9","1","5.3","5","2","40.0","0","85.2","24.4","-1.4","100.0","","","","0.27","1.8","23.9","35.0","2.7","0.40","35.0"
"55","Mike Evans","TB","WR","8","2025","55","93.2","17.4","278","69.7","16","2.0","32.7","0.29","9","56.3","113","14.1","36.5","2.05","7.06","12.56","6","0.67","3","0.33","0","0.0","0","1","0","5","11","37.9","1","0.11","6","0.109","1","6.3","12","75.0","0","","6","3","50.0","0","78.4","34.0","-2.3","100.0","","","","0.37","2.5","20.3","29.6","3.7","0.54","29.6"
"56","Dyami Brown","JAX","WR","14","2025","58","86.6","17.4","209","40.9","12","0.9","19.4","0.21","7","58.3","112","8.0","27.3","1.93","9.33","16.00","12","1.71","15","2.14","0","0.0","0","0","0","4","11","22.9","0","","6","0.103","2","16.7","10","83.3","0","","3","1","33.3","0","89.6","20.3","-0.3","100.0","","","","0.31","1.3","18.2","22.5","1.6","0.39","22.5"
"57","Jordan Addison","MIN","WR","14","2025","75","80.6","15.2","228","37.1","15","1.1","17.6","0.20","6","40.0","102","7.3","15.5","1.36","6.80","17.00","23","3.83","9","1.50","0","0.0","0","0","0","4","12","21.8","0","","5","0.067","2","13.3","9","60.0","1","6.7","1","0","0.0","0","63.8","19.5","-2.6","100.0","","","","0.22","1.2","16.2","26.7","1.9","0.36","26.7"
"58","Tyreek Hill","MIA","WR","4","2025","13","100.0","12.8","64","61.5","5","1.3","41.7","0.38","5","100.0","101","25.3","70.6","7.77","20.20","20.20","37","7.40","11","2.20","0","0.0","0","0","0","1","4","50.0","1","0.20","5","0.385","0","","5","100.0","0","","0","0","0.0","0","118.8","45.5","12.3","100.0","","","","1.16","3.8","15.1","8.2","2.0","0.63","8.2"
"59","Tee Higgins","CIN","WR","15","2025","92","93.9","8.5","110","17.8","13","0.9","14.1","0.14","10","76.9","99","6.6","17.3","1.08","7.62","9.90","19","1.90","13","1.30","0","0.0","2","0","0","0","11","19.3","1","0.10","4","0.043","0","","12","92.3","0","","5","2","40.0","0","97.9","14.8","0.0","100.0","","","","0.22","1.3","19.9","20.0","1.3","0.22","20.0"
"60","Marquise Brown","KC","WR","16","2025","57","87.7","10.6","117","36.8","11","0.7","18.6","0.19","8","72.7","98","6.1","19.6","1.72","8.91","12.25","37","4.63","14","1.75","0","0.0","0","0","0","1","8","21.1","1","0.13","6","0.105","1","9.1","10","90.9","1","9.1","1","0","0.0","1","99.8","20.4","0.7","100.0","","","","0.31","1.1","17.8","20.4","1.3","0.36","20.4"
"61","Xavier Hutchinson","HST","WR","17","2025","86","92.5","9.2","120","22.2","13","0.8","15.5","0.15","6","46.2","97","5.7","14.4","1.13","7.46","16.17","37","6.17","3","0.50","0","0.0","1","1","0","0","11","19.6","1","0.17","5","0.058","0","","8","61.5","0","","3","2","66.7","0","71.6","16.0","-0.5","100.0","","","","0.18","0.9","15.7","22.2","1.3","0.26","22.2"
"62","Isaac TeSlaa","DET","WR","17","2025","58","96.7","14.7","103","21.3","7","0.4","13.2","0.12","5","71.4","95","5.6","19.3","1.64","13.57","19.00","19","3.80","11","2.20","1","50.0","2","2","1","1","6","17.1","0","","5","0.086","0","","5","71.4","0","","0","0","0.0","2","153.3","14.3","4.1","100.0","","","","0.35","1.2","20.5","13.4","0.8","0.23","13.4"
"63","Tyquan Thornton","KC","WR","14","2025","34","87.2","32.2","161","44.4","5","0.4","16.1","0.15","3","60.0","95","6.8","29.1","2.79","19.00","31.67","8","2.67","1","0.33","1","50.0","0","1","1","4","4","21.1","0","","3","0.088","1","20.0","4","80.0","0","","0","0","0.0","0","143.8","17.2","6.6","100.0","","","","0.54","1.3","18.5","8.9","0.6","0.26","8.9"
"64","Ladd McConkey","LAC","WR","16","2025","52","89.7","12.8","102","32.9","8","0.5","16.0","0.15","6","75.0","94","5.9","21.8","1.81","11.75","15.67","22","3.67","5","0.83","0","0.0","0","0","0","1","3","10.3","0","","4","0.077","0","","6","75.0","0","","0","0","0.0","0","74.0","17.4","2.6","100.0","","","","0.30","1.0","15.4","12.2","0.8","0.23","12.2"
"65","KaVontae Turpin","DAL","WR","15","2025","15","100.0","11.1","78","57.8","7","0.5","46.7","0.47","6","85.7","93","6.2","66.9","6.20","13.29","15.50","45","7.50","5","0.83","0","0.0","0","0","0","1","6","60.0","1","0.17","4","0.267","0","","6","85.7","1","14.3","0","0","0.0","0","118.8","50.0","5.5","100.0","","","","1.02","1.0","15.3","12.0","0.8","0.80","12.0"
"66","Rashid Shaheed","SEA, NO","WR","18","2025","100","99.0","12.3","185","26.4","15","0.8","17.6","0.15","9","60.0","90","5.0","13.7","0.90","6.00","10.00","5","0.56","3","0.33","0","0.0","0","1","0","2","11","22.0","0","","4","0.040","1","6.7","10","66.7","0","","1","1","100.0","0","49.3","18.3","-3.0","100.0","","","","0.18","1.0","18.0","24.0","1.3","0.24","24.0"
"67","Calvin Ridley","TEN","WR","7","2025","34","89.5","9.8","128","52.5","13","1.9","37.1","0.38","6","46.2","86","12.3","40.8","2.53","6.62","14.33","32","5.33","3","0.50","0","0.0","0","0","0","0","13","46.4","0","","5","0.147","3","23.1","10","76.9","0","","2","0","0.0","0","68.1","39.4","-1.5","100.0","","","","0.43","2.1","14.6","19.9","2.8","0.59","19.9"
"68","Demarcus Robinson","SF","WR","14","2025","44","97.8","18.3","128","36.1","7","0.5","15.9","0.16","5","71.4","82","5.9","19.3","1.86","11.71","16.40","9","1.80","3","0.60","0","0.0","1","0","0","3","4","13.8","0","","4","0.091","1","14.3","6","85.7","0","","2","1","50.0","0","110.4","16.3","2.1","100.0","","","","0.30","0.9","13.2","14.0","1.0","0.32","14.0"
"69","Chris Godwin","TB","WR","9","2025","40","93.0","9.1","73","24.6","8","0.9","20.0","0.20","5","62.5","82","9.1","25.9","2.05","10.25","16.40","61","12.20","11","2.20","0","0.0","1","0","0","1","4","17.4","1","0.20","2","0.050","0","","6","75.0","0","","3","2","66.7","0","96.9","21.1","3.1","100.0","","","","0.33","1.5","13.2","12.3","1.4","0.31","12.3"
"70","Jack Bech","LV","WR","16","2025","31","96.9","9.5","57","31.5","6","0.4","19.4","0.19","6","100.0","81","5.1","35.7","2.61","13.50","13.50","24","4.00","7","1.17","0","0.0","1","0","0","1","5","26.3","0","","3","0.097","0","","6","100.0","0","","1","1","100.0","0","118.8","20.7","5.7","100.0","","","","0.45","0.9","14.1","10.9","0.7","0.35","10.9"
"71","Jalen Tolbert","DAL","WR","13","2025","45","97.8","23.4","187","35.2","8","0.6","17.4","0.18","4","50.0","81","6.2","20.1","1.80","10.13","20.25","2","0.50","","","1","25.0","1","2","1","4","5","15.6","0","","4","0.089","0","","5","62.5","0","","0","0","0.0","1","125.5","17.4","-0.9","100.0","","","","0.40","1.4","18.1","17.3","1.3","0.38","17.3"
"72","Brycen Tremayne","CAR","WR","16","2025","19","90.5","12.4","62","43.4","5","0.3","27.8","0.26","4","80.0","79","4.9","51.0","4.16","15.80","19.75","30","7.50","6","1.50","0","0.0","0","0","0","1","3","30.0","0","","4","0.211","0","","5","100.0","0","","2","1","50.0","0","118.8","31.3","7.1","100.0","","","","0.63","0.7","11.9","7.8","0.5","0.41","7.8"
"73","Deebo Samuel","WAS","WR","16","2025","47","97.9","12.1","97","36.7","8","0.5","22.2","0.17","6","75.0","78","4.9","21.8","1.66","9.75","13.00","15","2.50","5","0.83","1","50.0","0","1","1","1","5","26.3","0","","3","0.064","1","12.5","8","100.0","0","","5","4","80.0","0","144.8","25.0","1.1","100.0","","","","0.42","1.2","19.8","18.3","1.1","0.39","18.3"
"74","Andrei Iosivas","CIN","WR","17","2025","56","94.9","9.9","79","19.5","8","0.5","14.3","0.14","7","87.5","77","4.5","16.8","1.38","9.63","11.00","25","3.57","3","0.43","0","0.0","0","0","0","1","4","13.3","3","0.43","6","0.107","0","","7","87.5","1","12.5","2","1","50.0","0","106.8","16.0","1.4","100.0","","","","0.26","0.9","14.7","15.4","0.9","0.28","15.4"
"75","Brock Bowers","LV","TE","12","2025","31","96.9","9.5","76","87.4","8","0.7","26.7","0.26","7","87.5","75","6.3","38.9","2.42","9.38","10.71","12","1.71","11","1.57","0","0.0","1","1","0","0","8","40.0","0","","4","0.129","0","","7","87.5","0","","4","3","75.0","0","105.7","28.6","0.8","100.0","","","","0.47","1.2","14.5","14.2","1.2","0.46","14.2"
"76","Tre Harris","LAC","WR","17","2025","45","95.7","17.4","122","37.3","7","0.4","16.3","0.16","5","71.4","74","4.4","17.9","1.64","10.57","14.80","16","3.20","7","1.40","0","0.0","0","0","0","3","7","25.0","0","","4","0.089","0","","5","71.4","1","14.3","3","3","100.0","0","105.7","17.1","1.3","100.0","","","","0.28","0.7","12.4","11.8","0.7","0.26","11.8"
"77","Tory Horton","SEA","WR","8","2025","35","94.6","13.3","133","36.2","10","1.3","27.0","0.29","6","60.0","74","9.3","17.6","2.11","7.40","12.33","18","3.00","7","1.17","3","75.0","2","3","2","2","8","33.3","3","0.50","3","0.086","1","10.0","7","70.0","0","","2","1","50.0","0","122.5","28.6","-1.3","100.0","","","","0.90","3.9","31.4","21.2","2.7","0.61","21.2"
"78","Josh Palmer","BUF","WR","12","2025","62","98.4","13.4","134","41.6","10","0.8","20.4","0.16","5","50.0","73","6.1","14.4","1.18","7.30","14.60","31","6.20","","","0","0.0","0","0","0","1","7","23.3","0","","4","0.065","0","","5","50.0","0","","1","1","100.0","0","74.2","21.7","-1.9","100.0","","","","0.20","1.0","12.3","17.5","1.5","0.28","17.5"
"79","DeAndre Hopkins","BLT","WR","17","2025","33","97.1","10.7","107","46.1","10","0.6","37.0","0.30","5","50.0","71","4.2","47.7","2.15","7.10","14.20","33","6.60","35","7.00","0","0.0","1","1","0","2","10","43.5","0","","3","0.091","1","10.0","7","70.0","0","","3","1","33.3","0","73.3","37.0","-1.0","100.0","","","","0.37","0.7","12.1","16.8","1.0","0.51","16.8"
"80","Tyler Johnson","NYJ","WR","12","2025","33","89.2","19.3","77","34.2","4","0.3","13.8","0.12","3","75.0","71","5.9","31.4","2.15","17.75","23.67","22","7.33","11","3.67","0","0.0","0","0","0","2","1","5.0","1","0.33","3","0.091","0","","3","75.0","0","","1","1","100.0","0","116.7","14.8","7.4","100.0","","","","0.31","0.8","10.1","8.6","0.7","0.26","8.6"
"81","Colston Loveland","CHI","TE","16","2025","35","89.7","10.9","109","36.8","10","0.6","26.3","0.29","5","50.0","69","4.3","25.5","1.97","6.90","13.80","21","4.20","11","2.20","0","0.0","0","0","0","0","7","35.0","0","","2","0.057","0","","5","50.0","0","","0","0","0.0","0","72.5","28.6","-1.8","100.0","","","","0.34","0.7","11.9","16.2","1.0","0.46","16.2"
"82","Rashee Rice","KC","WR","8","2025","39","97.5","4.4","44","18.7","10","1.3","33.3","0.26","7","70.0","66","8.3","31.4","1.69","6.60","9.43","41","5.86","12","1.71","1","100.0","1","0","0","0","7","36.8","2","0.29","4","0.103","1","10.0","9","90.0","2","20.0","1","0","0.0","0","121.2","35.7","0.2","100.0","","","","0.50","2.5","19.6","15.1","1.9","0.39","15.1"
"83","Devontez Walker","BLT","WR","11","2025","13","92.9","31.0","62","44.3","2","0.2","18.2","0.15","2","100.0","64","5.8","30.6","4.92","32.00","32.00","2","1.00","1","0.50","0","0.0","0","0","0","2","2","25.0","0","","2","0.154","0","","2","100.0","0","","0","0","0.0","0","118.8","18.2","22.4","100.0","","","","0.65","0.8","8.4","4.3","0.4","0.33","4.3"
"84","Van Jefferson","TEN","WR","16","2025","87","87.0","11.2","123","22.3","11","0.7","12.4","0.13","6","54.5","63","3.9","10.8","0.72","5.73","10.50","25","4.17","10","1.67","0","0.0","0","0","0","2","7","12.5","0","","3","0.034","1","9.1","7","63.6","0","","1","0","0.0","0","71.4","13.8","-2.0","100.0","","","","0.14","0.8","12.3","18.7","1.2","0.22","18.7"
"85","Gabe Davis","BUF","WR","6","2025","34","91.9","13.2","66","31.3","5","0.8","15.2","0.15","3","60.0","62","10.3","15.4","1.82","12.40","20.67","15","5.00","8","2.67","0","0.0","0","0","0","0","3","15.8","0","","3","0.088","0","","3","60.0","0","","0","0","0.0","0","64.2","15.6","2.8","100.0","","","","0.27","1.5","9.2","9.0","1.5","0.26","9.0"
"86","Luke McCaffrey","WAS","WR","9","2025","28","100.0","15.5","31","25.6","2","0.2","9.1","0.07","2","100.0","60","6.7","27.5","2.14","30.00","30.00","29","14.50","","","1","50.0","0","0","0","0","1","10.0","0","","2","0.071","0","","2","100.0","0","","0","0","0.0","1","158.3","10.5","19.3","100.0","","","","0.50","1.6","14.0","4.0","0.4","0.14","4.0"
"87","Cody White","SEA","WR","9","2025","9","100.0","17.0","17","26.6","1","0.1","12.5","0.11","1","100.0","60","6.7","45.8","6.67","60.00","60.00","43","43.00","39","39.00","1","100.0","0","0","0","0","1","33.3","1","1.00","1","0.111","0","","1","100.0","0","","1","1","100.0","0","158.3","16.7","48.3","100.0","","","","1.44","1.4","13.0","1.9","0.2","0.21","1.9"
"88","Malik Washington","MIA","WR","17","2025","58","93.5","6.2","68","16.3","11","0.6","19.3","0.19","9","81.8","60","3.5","12.2","1.03","5.45","6.67","49","5.44","14","1.56","0","0.0","1","0","0","1","10","24.4","1","0.11","2","0.034","1","9.1","10","90.9","5","45.5","1","0","0.0","0","89.4","20.0","-1.5","100.0","","","","0.26","0.9","15.0","17.3","1.0","0.30","17.3"
"89","Darren Waller","MIA","TE","9","2025","21","100.0","14.6","73","35.1","5","0.6","26.3","0.24","3","60.0","58","6.4","45.7","2.76","11.60","19.33","16","5.33","7","2.33","0","0.0","0","0","0","1","4","28.6","0","","3","0.143","0","","3","60.0","0","","0","0","0.0","0","100.4","27.8","1.8","100.0","","","","0.42","1.0","8.8","7.6","0.8","0.36","7.6"
"90","Kyle Williams","NE","WR","17","2025","55","94.8","18.5","111","22.8","6","0.4","11.8","0.11","3","50.0","56","3.3","9.5","1.02","9.33","18.67","12","4.00","4","1.33","1","50.0","0","1","1","3","4","13.3","0","","2","0.036","0","","4","66.7","0","","0","0","0.0","0","122.2","12.2","-0.6","100.0","","","","0.27","0.9","14.6","12.0","0.7","0.22","12.0"
"91","Curtis Samuel","BUF","WR","6","2025","20","87.0","23.5","94","39.5","4","0.7","19.0","0.20","3","75.0","55","9.2","23.7","2.75","13.75","18.33","5","1.67","1","0.33","0","0.0","0","0","0","2","1","9.1","0","","3","0.150","0","","3","75.0","0","","1","1","100.0","0","116.7","19.0","2.3","100.0","","","","0.43","1.4","8.5","7.6","1.3","0.38","7.6"
"92","Mitchell Tinsley","CIN","WR","17","2025","32","88.9","18.4","92","38.0","5","0.3","13.9","0.16","3","60.0","55","3.2","16.7","1.72","11.00","18.33","3","1.00","3","1.00","0","0.0","0","0","0","2","4","15.4","0","","3","0.094","1","20.0","4","80.0","0","","1","1","100.0","0","97.9","15.2","0.7","100.0","","","","0.27","0.5","8.5","12.5","0.7","0.39","12.5"
"93","Malik Nabers","NYG","WR","4","2025","21","95.5","14.3","100","47.8","7","1.8","38.9","0.33","4","57.1","54","13.5","33.5","2.57","7.71","13.50","4","1.00","1","0.25","0","0.0","0","0","0","2","7","41.2","0","","2","0.095","1","14.3","5","71.4","0","","0","0","0.0","0","81.8","38.9","-1.1","100.0","","","","0.45","2.4","9.4","12.3","3.1","0.59","12.3"
"94","Olamide Zaccheaus","CHI","WR","16","2025","56","90.3","8.1","97","21.0","12","0.8","21.1","0.21","8","66.7","52","3.3","10.0","0.93","4.33","6.50","12","1.50","3","0.38","0","0.0","2","1","0","1","7","21.9","0","","1","0.018","1","8.3","9","75.0","1","8.3","3","3","100.0","0","75.7","22.6","-3.1","100.0","","","","0.24","0.8","13.2","20.1","1.3","0.36","20.1"
"95","John Metchie","PHI, NYJ","WR","16","2025","49","92.5","3.5","39","15.4","11","0.7","25.6","0.22","9","81.8","52","3.3","21.6","1.06","4.73","5.78","32","3.56","7","0.78","0","0.0","1","0","0","0","10","32.3","1","0.11","1","0.020","0","","9","81.8","4","36.4","0","0","0.0","0","86.4","28.2","-1.7","100.0","","","","0.29","0.9","14.2","16.5","1.0","0.34","16.5"
"96","Juwan Johnson","NO","TE","17","2025","26","92.9","7.3","44","16.1","6","0.4","25.0","0.23","6","100.0","51","3.0","27.0","1.96","8.50","8.50","7","1.17","2","0.33","0","0.0","0","0","0","0","5","26.3","1","0.17","4","0.154","0","","6","100.0","0","","2","2","100.0","0","102.1","25.0","0.9","100.0","","","","0.43","0.7","11.1","9.0","0.5","0.35","9.0"
"97","Arian Smith","NYJ","WR","16","2025","45","91.8","16.0","112","43.2","7","0.4","17.5","0.16","4","57.1","50","3.1","19.2","1.11","7.14","12.50","29","7.25","16","4.00","0","0.0","0","2","0","3","6","19.4","1","0.25","3","0.067","0","","6","85.7","0","","2","1","50.0","0","79.5","17.9","-2.1","100.0","","","","0.20","0.6","9.0","12.5","0.8","0.28","12.5"
"98","Travis Kelce","KC","TE","17","2025","32","82.1","3.8","19","6.3","5","0.3","16.1","0.16","5","100.0","50","2.9","16.9","1.56","10.00","10.00","31","6.20","6","1.20","0","0.0","0","0","0","0","3","15.8","2","0.40","3","0.094","0","","5","100.0","1","20.0","0","0","0.0","0","108.3","17.2","3.7","100.0","","","","0.31","0.6","10.0","7.4","0.4","0.23","7.4"
"99","Tyrell Shavers","BUF","WR","17","2025","47","85.5","12.8","77","33.3","6","0.4","12.5","0.13","4","66.7","50","2.9","15.4","1.06","8.33","12.50","17","4.25","2","0.50","0","0.0","0","0","0","1","3","11.5","0","","2","0.043","0","","4","66.7","0","","1","0","0.0","0","92.4","13.6","-0.3","100.0","","","","0.19","0.5","9.0","9.7","0.6","0.21","9.7"
"100","Dontayvion Wicks","GB","WR","14","2025","27","84.4","5.8","35","40.7","6","0.4","21.4","0.22","6","100.0","49","3.5","24.5","1.81","8.17","8.17","14","2.33","2","0.33","0","0.0","0","0","0","0","5","38.5","0","","2","0.074","0","","6","100.0","0","","1","1","100.0","0","100.7","24.0","1.1","100.0","","","","0.40","0.8","10.9","8.4","0.6","0.31","8.4"
"101","Rashod Bateman","BLT","WR","13","2025","72","96.0","18.0","198","32.6","11","0.8","18.0","0.15","4","36.4","49","3.8","8.6","0.68","4.45","12.25","5","1.25","","","1","100.0","2","1","1","4","8","18.6","0","","3","0.042","0","","4","36.4","0","","1","1","100.0","0","43.4","18.6","-5.6","100.0","","","","0.21","1.1","14.9","20.6","1.6","0.29","20.6"
"102","Lil'Jordan Humphrey","DEN, NYG","WR","10","2025","25","78.1","15.5","62","28.6","4","0.4","13.3","0.16","2","50.0","49","4.9","20.5","1.96","12.25","24.50","5","2.50","4","2.00","0","0.0","0","0","0","1","1","5.9","0","","2","0.080","0","","2","50.0","0","","1","1","100.0","0","94.8","14.8","3.6","100.0","","","","0.28","0.7","6.9","6.0","0.6","0.24","6.0"
"103","Matthew Golden","GB","WR","14","2025","45","97.8","8.6","60","16.9","7","0.5","17.9","0.16","5","71.4","48","3.4","14.2","1.07","6.86","9.60","14","2.80","1","0.20","0","0.0","0","0","0","1","5","20.8","1","0.20","2","0.044","0","","6","85.7","1","14.3","1","0","0.0","0","90.2","18.4","-0.7","100.0","","","","0.22","0.7","9.8","10.6","0.8","0.24","10.6"
"104","Dareke Young","SEA","WR","9","2025","7","100.0","23.5","47","123.7","2","0.2","28.6","0.29","2","100.0","48","5.3","59.3","6.86","24.00","24.00","1","0.50","1","0.50","0","0.0","0","0","0","1","2","50.0","0","","2","0.286","0","","2","100.0","0","","1","1","100.0","1","118.8","28.6","12.6","100.0","","","","0.97","0.8","6.8","4.1","0.5","0.58","4.1"
"105","Theo Wease","MIA","WR","3","2025","11","91.7","12.8","64","67.4","5","1.7","41.7","0.45","3","60.0","48","16.0","51.6","4.36","9.60","16.00","14","4.67","5","1.67","0","0.0","0","0","0","0","5","50.0","0","","3","0.273","0","","4","80.0","0","","1","0","0.0","0","92.1","41.7","0.5","100.0","","","","0.71","2.6","7.8","8.2","2.7","0.74","8.2"
"106","Tez Johnson","TB","WR","16","2025","55","90.2","8.4","67","18.3","8","0.5","14.5","0.15","6","75.0","48","3.0","12.7","0.87","6.00","8.00","10","1.67","3","0.50","1","100.0","1","1","1","0","6","15.0","0","","4","0.073","0","","7","87.5","1","12.5","2","1","50.0","0","129.2","15.1","-1.9","100.0","","","","0.31","1.1","16.8","13.5","0.8","0.25","13.5"
"107","Tim Patrick","JAX","WR","16","2025","28","82.4","11.8","47","23.5","4","0.3","14.3","0.14","3","75.0","47","2.9","23.5","1.68","11.75","15.67","18","6.00","2","0.67","1","50.0","1","1","0","0","2","11.8","0","","2","0.071","1","25.0","4","100.0","1","25.0","2","1","50.0","0","153.1","15.4","2.5","100.0","","","","0.49","0.9","13.7","9.3","0.6","0.33","9.3"
"108","Jalen McMillan","TB","WR","4","2025","23","82.1","8.2","41","22.8","5","1.3","20.8","0.22","4","80.0","47","11.8","33.3","2.04","9.40","11.75","10","2.50","","","0","0.0","0","0","0","0","3","17.6","1","0.25","2","0.087","1","20.0","5","100.0","1","20.0","1","1","100.0","0","105.8","21.7","1.5","100.0","","","","0.38","2.2","8.7","7.7","1.9","0.34","7.7"
"109","Malik Heath","GB","WR","11","2025","22","84.6","17.7","53","55.8","3","0.3","12.5","0.14","2","66.7","46","4.2","25.8","2.09","15.33","23.00","1","0.50","1","0.50","0","0.0","0","0","0","1","3","23.1","0","","1","0.045","1","33.3","3","100.0","0","","0","0","0.0","1","109.7","14.3","5.4","100.0","","","","0.30","0.6","6.6","5.0","0.5","0.23","5.0"
"110","Sterling Shepard","TB","WR","13","2025","47","94.0","12.7","114","36.4","9","0.7","20.9","0.19","4","44.4","46","3.5","19.8","0.98","5.11","11.50","39","9.75","21","5.25","0","0.0","0","0","0","2","6","22.2","0","","2","0.043","0","","6","66.7","2","22.2","2","0","0.0","0","60.4","20.9","-3.2","100.0","","","","0.18","0.7","8.6","17.2","1.3","0.37","17.2"
"111","Chris Moore","WAS","WR","14","2025","72","93.5","11.1","89","20.4","8","0.6","12.3","0.11","4","50.0","45","3.2","11.2","0.63","5.63","11.25","8","2.00","5","1.25","0","0.0","0","0","0","1","8","21.1","0","","3","0.042","0","","5","62.5","0","","3","1","33.3","0","67.2","13.6","-2.9","100.0","","","","0.12","0.6","8.5","12.3","0.9","0.17","12.3"
"112","Tyler Lockett","TEN, LV","WR","17","2025","33","100.0","7.5","60","76.9","8","0.5","30.8","0.24","6","75.0","44","2.6","28.4","1.33","5.50","7.33","12","2.00","4","0.67","0","0.0","0","0","0","0","6","35.3","0","","1","0.030","0","","7","87.5","0","","1","0","0.0","0","87.5","32.0","-1.8","100.0","","","","0.32","0.6","10.4","14.1","0.8","0.43","14.1"
"113","Garrett Wilson","NYJ","WR","7","2025","47","97.9","14.1","99","31.9","7","1.0","18.4","0.15","4","57.1","43","6.1","16.0","0.91","6.14","10.75","2","0.50","","","0","0.0","0","0","0","2","6","25.0","1","0.25","1","0.021","0","","4","57.1","0","","0","0","0.0","0","75.3","20.6","-2.4","100.0","","","","0.18","1.2","8.3","13.0","1.9","0.28","13.0"
"114","Xavier Legette","CAR","WR","15","2025","74","94.9","6.9","76","15.1","11","0.7","15.7","0.15","7","63.6","43","2.9","8.5","0.58","3.91","6.14","19","2.71","11","1.57","0","0.0","1","0","0","1","8","22.9","0","","3","0.041","1","9.1","8","72.7","2","18.2","1","1","100.0","0","33.5","17.2","-3.5","100.0","","","","0.15","0.8","11.3","17.4","1.2","0.24","17.4"
"115","JuJu Smith-Schuster","KC","WR","17","2025","42","82.4","3.5","21","6.9","6","0.4","14.3","0.14","4","66.7","43","2.5","15.2","1.02","7.17","10.75","26","6.50","14","3.50","0","0.0","1","0","0","0","4","14.8","1","0.25","1","0.024","0","","5","83.3","0","","1","0","0.0","0","87.5","15.4","1.4","100.0","","","","0.20","0.5","8.3","10.0","0.6","0.24","10.0"
"116","Brenton Strange","JAX","TE","12","2025","16","88.9","3.5","21","40.4","6","0.5","46.2","0.38","5","83.3","43","3.6","52.4","2.69","7.17","8.60","28","5.60","10","2.00","0","0.0","1","0","0","0","3","37.5","3","0.60","1","0.063","1","16.7","6","100.0","0","","1","1","100.0","0","96.5","46.2","0.9","100.0","","","","0.58","0.8","9.3","9.2","0.8","0.58","9.2"
"117","Jalen Nailor","MIN","WR","17","2025","40","87.0","14.5","29","10.7","2","0.1","5.6","0.05","2","100.0","42","2.5","15.1","1.05","21.00","21.00","13","6.50","5","2.50","0","0.0","0","0","0","0","1","3.8","0","","2","0.050","0","","2","100.0","0","","0","0","0.0","0","118.8","5.9","10.6","100.0","","","","0.16","0.4","6.2","3.7","0.2","0.09","3.7"
"118","Harold Fannin","CLV","TE","16","2025","12","85.7","6.0","30","47.6","5","0.3","38.5","0.42","3","60.0","40","2.5","41.2","3.33","8.00","13.33","20","6.67","4","1.33","1","100.0","1","0","0","1","5","50.0","0","","2","0.167","0","","4","80.0","1","20.0","1","0","0.0","0","125.0","41.7","0.9","100.0","","","","1.08","0.8","13.0","7.3","0.5","0.61","7.3"
"119","Darnell Washington","PIT","TE","16","2025","11","91.7","8.3","25","208.3","3","0.2","27.3","0.27","3","100.0","40","2.5","44.0","3.64","13.33","13.33","15","5.00","9","3.00","0","0.0","1","0","0","0","3","50.0","0","","3","0.273","0","","3","100.0","0","","1","1","100.0","0","118.8","27.3","5.4","100.0","","","","0.64","0.4","7.0","4.8","0.3","0.43","4.8"
"120","Jahan Dotson","PHI","WR","17","2025","58","87.9","5.0","25","5.6","5","0.3","8.8","0.09","4","80.0","40","2.4","9.5","0.69","8.00","10.00","15","3.75","5","1.25","0","0.0","0","0","0","0","1","3.1","0","","2","0.034","0","","4","80.0","0","","0","0","0.0","0","100.0","9.4","2.6","100.0","","","","0.14","0.5","8.0","5.6","0.3","0.10","5.6"
"121","Marquez Valdes-Scantling","SF, PIT","WR","10","2025","39","95.1","10.2","61","28.8","6","0.6","15.0","0.15","5","83.3","40","4.0","16.3","1.03","6.67","8.00","15","3.00","7","1.40","1","100.0","1","1","1","1","6","22.2","0","","2","0.051","0","","5","83.3","2","33.3","1","1","100.0","0","134.0","15.8","-1.6","100.0","","","","0.38","1.5","15.0","10.4","1.0","0.27","10.4"
"122","Dont'e Thornton","LV","WR","15","2025","46","95.8","17.5","140","41.1","8","0.5","20.0","0.17","3","37.5","40","2.7","13.9","0.87","5.00","13.33","13","4.33","11","3.67","0","0.0","0","0","0","3","8","26.7","0","","3","0.065","0","","4","50.0","1","12.5","1","0","0.0","0","14.6","22.2","-5.4","100.0","","","","0.15","0.5","7.0","13.3","0.9","0.29","13.3"
"123","Kyle Pitts","ATL","TE","17","2025","36","92.3","6.7","47","19.6","7","0.4","19.4","0.19","5","71.4","39","2.3","10.6","1.08","5.57","7.80","18","3.60","7","1.40","0","0.0","1","0","0","1","6","24.0","0","","2","0.056","0","","6","85.7","2","28.6","1","0","0.0","0","45.2","21.2","-2.1","100.0","","","","0.25","0.5","8.9","12.9","0.8","0.36","12.9"
"124","Treylon Burks","WAS","WR","8","2025","33","91.7","11.0","33","19.5","3","0.4","10.0","0.09","3","100.0","38","4.8","18.2","1.15","12.67","12.67","5","1.67","3","1.00","0","0.0","0","0","0","0","1","6.7","1","0.33","3","0.091","0","","3","100.0","0","","1","1","100.0","0","118.8","12.0","4.2","100.0","","","","0.21","0.9","6.8","5.5","0.7","0.17","5.5"
"125","Kalif Raymond","DET","WR","15","2025","33","86.8","0.5","2","1.9","4","0.3","11.4","0.12","4","100.0","37","2.5","16.8","1.12","9.25","9.25","35","8.75","7","1.75","0","0.0","0","0","0","0","3","13.6","0","","1","0.030","0","","4","100.0","3","75.0","0","0","0.0","0","105.2","12.1","3.1","100.0","","","","0.23","0.5","7.7","5.8","0.4","0.17","5.8"
"126","Kevin Austin","NO","WR","8","2025","28","82.4","10.3","31","11.9","3","0.4","10.7","0.11","3","100.0","37","4.6","14.9","1.32","12.33","12.33","6","2.00","2","0.67","0","0.0","0","0","0","0","2","9.5","1","0.33","2","0.071","0","","3","100.0","0","","0","0","0.0","0","118.1","10.7","3.7","100.0","","","","0.24","0.8","6.7","5.2","0.6","0.18","5.2"
"127","Allen Lazard","NYJ","WR","10","2025","37","97.4","8.1","57","21.9","7","0.7","21.9","0.19","5","71.4","37","3.7","21.1","1.00","5.29","7.40","21","4.20","7","1.40","0","0.0","2","1","0","1","5","23.8","0","","1","0.027","0","","5","71.4","1","14.3","0","0","0.0","0","83.6","25.0","-1.9","100.0","","","","0.24","0.9","8.7","13.7","1.4","0.37","13.7"
"128","Shedrick Jackson","LV","WR","5","2025","3","100.0","18.5","37","100.0","2","0.4","100.0","0.67","2","100.0","36","7.2","100.0","12.00","18.00","18.00","1","0.50","1","0.50","1","100.0","0","1","1","1","1","100.0","0","","1","0.333","0","","2","100.0","0","","0","0","0.0","0","158.3","100.0","8.3","100.0","","","","3.87","2.3","11.6","3.7","0.7","1.24","3.7"
"129","Dallas Goedert","PHI","TE","15","2025","14","100.0","8.0","24","20.2","3","0.2","30.0","0.21","2","66.7","36","2.4","64.3","2.57","12.00","18.00","23","11.50","11","5.50","0","0.0","0","0","0","0","2","50.0","0","","1","0.071","0","","2","66.7","1","33.3","0","0","0.0","0","107.6","33.3","3.1","100.0","","","","0.40","0.4","5.6","4.8","0.3","0.34","4.8"
"130","Terrance Ferguson","LA","TE","13","2025","13","92.9","20.0","20","23.0","1","0.1","7.1","0.08","1","100.0","36","2.8","22.6","2.77","36.00","36.00","16","16.00","3","3.00","0","0.0","0","0","0","1","1","10.0","0","","1","0.077","0","","1","100.0","0","","0","0","0.0","0","118.8","7.1","24.2","100.0","","","","0.35","0.4","4.6","1.6","0.1","0.12","1.6"
"131","Ryan Flournoy","DAL","WR","15","2025","34","91.9","13.0","91","28.4","7","0.5","20.6","0.21","4","57.1","36","2.4","11.7","1.06","5.14","9.00","6","1.50","6","1.50","1","33.3","2","2","1","1","4","18.2","0","","4","0.118","0","","6","85.7","0","","2","0","0.0","0","71.1","21.9","-3.7","100.0","","","","0.40","0.9","13.6","15.0","1.0","0.44","15.0"
"132","Efton Chism","NE","WR","8","2025","10","83.3","19.0","19","19.0","1","0.1","8.3","0.10","1","100.0","35","4.4","27.6","3.50","35.00","35.00","16","16.00","2","2.00","0","0.0","0","0","0","0","1","11.1","0","","1","0.100","0","","1","100.0","0","","0","0","0.0","0","118.8","8.3","23.1","100.0","","","","0.45","0.6","4.5","1.7","0.2","0.17","1.7"
"133","Jalen Coker","CAR","WR","11","2025","33","94.3","11.5","46","30.1","4","0.4","12.9","0.12","3","75.0","34","3.1","16.3","1.03","8.50","11.33","5","1.67","4","1.33","0","0.0","0","0","0","1","4","25.0","0","","2","0.061","0","","3","75.0","0","","1","1","100.0","0","100.0","15.4","-0.2","100.0","","","","0.19","0.6","6.4","5.9","0.5","0.18","5.9"
"134","Isaiah Bond","CLV","WR","16","2025","49","96.1","10.0","40","13.9","4","0.3","9.1","0.08","2","50.0","33","2.1","13.1","0.67","8.25","16.50","18","9.00","4","2.00","0","0.0","0","0","0","1","3","14.3","1","0.50","1","0.020","0","","2","50.0","2","50.0","0","0","0.0","0","78.1","10.3","-0.7","100.0","","","","0.11","0.3","5.3","7.2","0.4","0.15","7.2"
"135","Isaiah Hodgins","NYG","WR","7","2025","30","90.9","10.3","31","15.0","3","0.4","10.0","0.10","3","100.0","33","4.7","12.2","1.10","11.00","11.00","2","0.67","","","0","0.0","0","0","0","0","1","4.3","0","","3","0.100","0","","3","100.0","0","","1","1","100.0","0","112.5","10.7","2.7","100.0","","","","0.21","0.9","6.3","9.3","1.3","0.31","9.3"
"136","Sam LaPorta","DET","TE","9","2025","15","100.0","14.0","14","21.2","1","0.1","7.7","0.07","1","100.0","32","3.6","38.6","2.13","32.00","32.00","18","18.00","5","5.00","0","0.0","0","0","0","0","1","10.0","1","1.00","1","0.067","0","","1","100.0","0","","0","0","0.0","0","118.8","7.7","21.7","100.0","","","","0.28","0.5","4.2","1.8","0.2","0.12","1.8"
"137","Brandin Cooks","NO, BUF","WR","15","2025","58","89.2","18.0","72","28.5","4","0.3","7.8","0.07","3","75.0","32","2.1","10.7","0.55","8.00","10.67","0","","1","0.33","0","0.0","0","0","0","1","3","8.1","0","","2","0.034","0","","3","75.0","0","","1","1","100.0","0","97.9","7.8","-1.9","100.0","","","","0.11","0.4","6.2","7.9","0.5","0.14","7.9"
"138","DeMario Douglas","NE","WR","17","2025","19","100.0","2.6","13","11.1","5","0.3","31.3","0.26","4","80.0","31","1.8","23.3","1.63","6.20","7.75","34","8.50","3","0.75","0","0.0","0","0","0","0","4","36.4","0","","2","0.105","0","","4","80.0","2","40.0","0","0","0.0","0","92.5","33.3","0.0","100.0","","","","0.37","0.4","7.1","8.0","0.5","0.42","8.0"
"139","Josh Reynolds","NYJ","WR","5","2025","36","97.3","11.2","56","24.0","5","1.0","16.7","0.14","3","60.0","31","6.2","13.9","0.86","6.20","10.33","5","1.67","5","1.67","0","0.0","0","0","0","1","5","27.8","0","","2","0.056","0","","3","60.0","0","","2","2","100.0","1","38.3","20.8","-2.2","100.0","","","","0.17","1.2","6.1","7.3","1.5","0.20","7.3"
"140","Josh Jacobs","GB","RB","15","2025","3","75.0","1.0","1","12.5","1","0.1","25.0","0.33","1","100.0","29","1.9","65.9","9.67","29.00","29.00","28","28.00","2","2.00","0","0.0","0","0","0","0","0","0.0","0","","1","0.333","0","","1","100.0","0","","0","0","0.0","0","118.8","25.0","23.3","100.0","","","","1.30","0.3","3.9","3.0","0.2","1.01","3.0"
"141","Trey McBride","ARZ","TE","17","2025","23","95.8","11.2","56","78.9","5","0.3","27.8","0.22","3","60.0","29","1.7","24.4","1.26","5.80","9.67","7","2.33","1","0.33","0","0.0","1","1","0","0","5","62.5","0","","1","0.043","0","","3","60.0","0","","1","1","100.0","0","76.3","35.7","-3.4","100.0","","","","0.26","0.3","5.9","10.3","0.6","0.45","10.3"
"142","Darius Cooper","PHI","WR","13","2025","15","83.3","12.0","24","22.6","2","0.2","13.3","0.13","2","100.0","29","2.2","28.4","1.93","14.50","14.50","5","2.50","3","1.50","0","0.0","0","0","0","0","2","22.2","0","","2","0.133","0","","2","100.0","0","","0","0","0.0","0","118.8","16.7","5.8","100.0","","","","0.33","0.4","4.9","6.5","0.5","0.43","6.5"
"143","Cedric Tillman","CLV","WR","13","2025","62","91.2","12.1","97","27.6","8","0.6","12.7","0.13","4","50.0","28","2.2","10.1","0.45","3.50","7.00","5","1.25","2","0.50","0","0.0","0","1","0","2","5","13.2","0","","1","0.016","0","","6","75.0","0","","2","1","50.0","0","58.3","14.5","-4.5","100.0","","","","0.11","0.5","6.8","14.7","1.1","0.24","14.7"
"144","Bijan Robinson","ATL","RB","17","2025","16","100.0","4.0","24","22.2","6","0.4","40.0","0.38","5","83.3","28","1.6","28.0","1.75","4.67","5.60","33","6.60","10","2.00","0","0.0","0","0","0","1","6","50.0","1","0.20","0","0.000","0","","6","100.0","4","66.7","1","0","0.0","0","86.1","42.9","-3.4","100.0","","","","0.49","0.5","7.8","9.7","0.6","0.61","9.7"
"145","Noah Brown","WAS","WR","4","2025","13","81.3","10.8","43","67.2","4","1.0","28.6","0.31","2","50.0","27","6.8","27.3","2.08","6.75","13.50","6","3.00","2","1.00","0","0.0","1","0","0","0","3","30.0","0","","1","0.077","0","","3","75.0","0","","1","0","0.0","0","71.9","28.6","-1.6","100.0","","","","0.36","1.2","4.7","6.1","1.5","0.47","6.1"
"146","Devaughn Vele","NO","WR","13","2025","39","92.9","13.0","26","12.1","2","0.2","5.6","0.05","2","100.0","27","2.1","13.1","0.69","13.50","13.50","1","0.50","-1","-0.50","0","0.0","0","0","0","0","2","7.4","0","","2","0.051","0","","2","100.0","0","","1","1","100.0","0","118.8","6.3","4.6","100.0","","","","0.12","0.4","4.7","3.3","0.3","0.09","3.3"
"147","Ashton Dulin","IND","WR","12","2025","19","100.0","10.5","21","21.6","2","0.2","11.8","0.11","2","100.0","27","2.3","18.1","1.42","13.50","13.50","6","3.00","5","2.50","0","0.0","1","0","0","1","2","13.3","1","0.50","1","0.053","0","","2","100.0","1","50.0","1","1","100.0","0","118.8","11.8","6.5","100.0","","","","0.25","0.4","4.7","3.7","0.3","0.20","3.7"
"148","Adam Thielen","PIT, MIN","WR","16","2025","31","88.6","5.6","39","24.5","7","0.4","21.9","0.23","4","57.1","27","1.7","12.6","0.87","3.86","6.75","8","2.00","4","1.00","0","0.0","0","0","0","0","4","22.2","0","","2","0.065","1","14.3","5","71.4","0","","3","2","66.7","0","65.8","23.3","-2.1","100.0","","","","0.22","0.4","6.7","9.1","0.6","0.29","9.1"
"149","Zay Jones","ARZ","WR","8","2025","33","89.2","11.3","34","20.4","3","0.4","9.4","0.09","2","66.7","27","3.4","10.5","0.82","9.00","13.50","3","1.50","1","0.50","0","0.0","1","0","0","1","3","17.6","0","","1","0.030","0","","2","66.7","0","","0","0","0.0","0","55.6","11.1","0.9","100.0","","","","0.14","0.6","4.7","5.6","0.7","0.17","5.6"
"150","Nick Westbrook-Ikhine","MIA","WR","15","2025","40","80.0","4.3","34","12.9","8","0.5","17.4","0.20","4","50.0","27","1.8","9.6","0.68","3.38","6.75","11","2.75","6","1.50","0","0.0","2","0","0","0","5","16.7","1","0.25","3","0.075","2","25.0","6","75.0","1","12.5","0","0","0.0","0","57.8","18.2","-2.9","100.0","","","","0.17","0.4","6.7","15.0","1.0","0.37","15.0"
"151","Ben Skowronek","PIT","WR","16","2025","14","93.3","9.0","18","54.5","2","0.1","14.3","0.14","2","100.0","26","1.6","34.2","1.86","13.00","13.00","8","4.00","3","1.50","0","0.0","0","0","0","0","1","12.5","0","","2","0.143","0","","2","100.0","0","","0","0","0.0","0","118.8","14.3","5.4","100.0","","","","0.33","0.3","4.6","3.0","0.2","0.21","3.0"
"152","Konata Mumpfield","LA","WR","17","2025","42","89.4","12.8","51","14.8","4","0.2","8.7","0.10","3","75.0","26","1.5","7.6","0.62","6.50","8.67","12","4.00","5","1.67","0","0.0","0","0","0","1","2","7.4","0","","2","0.048","0","","3","75.0","1","25.0","1","1","100.0","0","91.7","9.1","-2.3","100.0","","","","0.13","0.3","5.6","8.6","0.5","0.20","8.6"
"153","Elijah Higgins","ARZ","TE","17","2025","7","100.0","4.5","9","36.0","2","0.1","33.3","0.29","2","100.0","26","1.5","41.3","3.71","13.00","13.00","17","8.50","11","5.50","0","0.0","0","0","0","0","0","0.0","1","0.50","1","0.143","0","","2","100.0","0","","1","1","100.0","0","118.8","33.3","6.7","100.0","","","","0.66","0.3","4.6","3.0","0.2","0.43","3.0"
"154","Pat Bryant","DEN","WR","15","2025","45","95.7","5.0","35","12.2","7","0.5","15.6","0.16","4","57.1","25","1.7","11.4","0.56","3.57","6.25","13","3.25","10","2.50","0","0.0","1","0","0","0","6","20.0","0","","3","0.067","0","","4","57.1","0","","2","2","100.0","0","25.0","16.3","-2.8","100.0","","","","0.14","0.4","6.5","10.1","0.7","0.22","10.1"
"155","Jonathan Mingo","DAL","WR","6","2025","7","100.0","15.5","31","35.2","2","0.3","28.6","0.29","1","50.0","25","4.2","67.6","3.57","12.50","25.00","4","4.00","","","0","0.0","0","0","0","1","1","20.0","0","","1","0.143","0","","1","50.0","0","","0","0","0.0","0","95.8","33.3","3.1","100.0","","","","0.50","0.6","3.5","3.2","0.5","0.46","3.2"
"156","Calvin Austin","PIT","WR","14","2025","27","90.0","4.8","19","20.4","4","0.3","13.8","0.15","2","50.0","23","1.6","13.1","0.85","5.75","11.50","15","7.50","9","4.50","0","0.0","0","0","0","0","4","19.0","1","0.50","1","0.037","2","50.0","4","100.0","1","25.0","1","1","100.0","0","28.1","16.0","-0.8","100.0","","","","0.16","0.3","4.3","5.6","0.4","0.21","5.6"
"157","Skyy Moore","SF","WR","17","2025","12","85.7","22.0","22","13.8","1","0.1","7.7","0.08","1","100.0","23","1.4","12.9","1.92","23.00","23.00","1","1.00","","","0","0.0","0","0","0","1","1","12.5","0","","1","0.083","0","","1","100.0","0","","0","0","0.0","0","118.8","7.7","11.1","100.0","","","","0.28","0.2","3.3","1.7","0.1","0.14","1.7"
"158","Zach Ertz","WAS","TE","13","2025","17","94.4","13.8","55","64.7","4","0.3","33.3","0.24","2","50.0","23","1.8","57.5","1.35","5.75","11.50","6","3.00","2","1.00","0","0.0","0","1","0","1","2","33.3","1","0.50","1","0.059","0","","2","50.0","0","","1","1","100.0","0","28.1","40.0","-4.0","100.0","","","","0.25","0.3","4.3","6.9","0.5","0.41","6.9"
"159","Tay Martin","WAS","WR","3","2025","4","80.0","9.0","18","60.0","2","0.7","50.0","0.50","2","100.0","23","7.7","109.5","5.75","11.50","11.50","5","2.50","3","1.50","0","0.0","0","0","0","0","2","50.0","0","","1","0.250","0","","2","100.0","0","","0","0","0.0","0","114.6","50.0","3.9","100.0","","","","1.08","1.4","4.3","2.6","0.9","0.66","2.6"
"160","Chimere Dike","TEN","WR","17","2025","37","90.2","8.0","48","19.4","6","0.4","16.7","0.16","5","83.3","23","1.4","9.3","0.62","3.83","4.60","19","3.80","3","0.60","0","0.0","1","0","0","1","4","15.4","0","","2","0.054","0","","5","83.3","2","33.3","0","0","0.0","0","82.6","18.2","-3.1","100.0","","","","0.20","0.4","7.3","15.1","0.9","0.41","15.1"
"161","Christian McCaffrey","SF","RB","17","2025","7","100.0","3.0","6","16.7","2","0.1","33.3","0.29","2","100.0","22","1.3","35.5","3.14","11.00","11.00","16","8.00","13","6.50","0","0.0","0","0","0","0","2","40.0","1","0.50","2","0.286","0","","2","100.0","0","","0","0","0.0","0","112.5","33.3","4.5","100.0","","","","0.60","0.2","4.2","2.8","0.2","0.41","2.8"
"162","Greg Dortch","ARZ","WR","12","2025","19","100.0","-0.3","-1","-0.8","3","0.3","16.7","0.16","3","100.0","22","1.8","21.6","1.16","7.33","7.33","23","7.67","5","1.67","0","0.0","1","0","0","0","2","14.3","1","0.33","1","0.053","0","","3","100.0","2","66.7","0","0","0.0","0","97.2","16.7","1.9","100.0","","","","0.27","0.4","5.2","4.4","0.4","0.23","4.4"
"163","Nikko Remigio","KC","WR","14","2025","1","50.0","18.0","18","120.0","1","0.1","50.0","1.00","1","100.0","21","1.5","70.0","21.00","21.00","21.00","3","3.00","1","1.00","0","0.0","0","0","0","0","0","0.0","0","","1","1.000","0","","1","100.0","0","","0","0","0.0","0","118.8","50.0","10.1","100.0","","","","3.10","0.2","3.1","1.9","0.1","1.86","1.9"
"164","Michael Bandy","DEN","WR","4","2025","1","100.0","7.0","7","100.0","1","0.3","100.0","1.00","1","100.0","20","5.0","100.0","20.00","20.00","20.00","13","13.00","","","1","100.0","1","0","0","0","0","0.0","0","","1","1.000","0","","1","100.0","0","","0","0","0.0","0","158.3","100.0","12.9","100.0","","","","9.00","2.3","9.0","1.3","0.3","1.30","1.3"
"165","Jared Wayne","HST","WR","1","2025","5","83.3","8.0","16","61.5","2","2.0","40.0","0.40","2","100.0","20","20.0","133.3","4.00","10.00","10.00","4","2.00","3","1.50","0","0.0","0","0","0","0","2","50.0","0","","1","0.200","0","","2","100.0","0","","0","0","0.0","0","108.3","50.0","2.4","100.0","","","","0.80","4.0","4.0","3.3","3.3","0.66","3.3"
"166","Dylan Drummond","ATL","WR","9","2025","14","93.3","9.5","38","36.2","4","0.4","30.8","0.29","2","50.0","19","2.1","18.6","1.36","4.75","9.50","3","1.50","2","1.00","0","0.0","2","1","0","0","1","12.5","0","","1","0.071","1","25.0","4","100.0","0","","3","1","33.3","0","63.5","33.3","-3.2","100.0","","","","0.28","0.4","3.9","6.7","0.7","0.48","6.7"
"167","James Proche","TEN","WR","9","2025","23","79.3","15.0","60","39.7","4","0.4","15.4","0.17","2","50.0","19","2.1","15.1","0.83","4.75","9.50","2","1.00","","","0","0.0","0","0","0","1","2","13.3","0","","1","0.043","0","","2","50.0","0","","0","0","0.0","1","63.5","17.4","-4.3","100.0","","","","0.17","0.4","3.9","6.6","0.7","0.29","6.6"
"168","Jimmy Horn","CAR","WR","13","2025","3","75.0","8.0","16","64.0","2","0.2","50.0","0.67","2","100.0","19","1.5","100.0","6.33","9.50","9.50","3","1.50","1","0.50","0","0.0","0","0","0","0","1","33.3","0","","1","0.333","0","","2","100.0","0","","0","0","0.0","0","106.3","50.0","1.9","100.0","","","","1.30","0.3","3.9","3.3","0.3","1.10","3.3"
"169","Gunner Olszewski","NYG","WR","16","2025","8","88.9","3.0","3","3.8","1","0.1","12.5","0.13","1","100.0","19","1.2","18.3","2.38","19.00","19.00","16","16.00","3","3.00","0","0.0","0","0","0","0","0","0.0","0","","1","0.125","0","","1","100.0","0","","0","0","0.0","0","118.8","12.5","13.6","100.0","","","","0.36","0.2","2.9","1.4","0.1","0.17","1.4"
"170","Omarion Hampton","LAC","RB","9","2025","2","100.0","5.0","5","100.0","1","0.1","100.0","0.50","1","100.0","19","2.1","100.0","9.50","19.00","19.00","14","14.00","10","10.00","0","0.0","0","0","0","0","1","100.0","0","","0","0.000","0","","1","100.0","0","","0","0","0.0","0","118.8","100.0","11.8","100.0","","","","1.45","0.3","2.9","1.3","0.1","0.67","1.3"
"171","Tahj Washington","MIA","WR","6","2025","7","100.0","19.0","19","46.3","1","0.2","14.3","0.14","1","100.0","19","3.2","63.3","2.71","19.00","19.00","0","","","","0","0.0","0","0","0","0","1","20.0","0","","1","0.143","0","","1","100.0","0","","0","0","0.0","0","118.8","16.7","7.1","100.0","","","","0.41","0.5","2.9","3.9","0.7","0.56","3.9"
"172","Tyler Warren","IND","TE","17","2025","20","95.2","1.8","9","5.2","5","0.3","26.3","0.25","4","80.0","19","1.1","16.4","0.95","3.80","4.75","20","5.00","7","1.75","0","0.0","2","1","0","0","5","33.3","0","","2","0.100","0","","4","80.0","2","40.0","0","0","0.0","0","82.5","27.8","-2.9","100.0","","","","0.30","0.3","5.9","9.4","0.6","0.47","9.4"
"173","Bo Melton","GB","WR","9","2025","6","85.7","13.3","40","97.6","3","0.3","42.9","0.50","1","33.3","18","2.0","50.0","3.00","6.00","18.00","1","1.00","1","1.00","0","0.0","0","0","0","0","2","50.0","0","","1","0.167","0","","1","33.3","0","","1","1","100.0","0","54.9","42.9","-3.4","100.0","","","","0.47","0.3","2.8","4.7","0.5","0.79","4.7"
"174","Oronde Gadsden","LAC","TE","15","2025","14","87.5","9.2","46","43.8","5","0.3","33.3","0.36","2","40.0","18","1.2","34.0","1.29","3.60","9.00","8","4.00","1","0.50","0","0.0","0","0","0","0","2","25.0","0","","1","0.071","1","20.0","3","60.0","0","","0","0","0.0","0","10.8","35.7","-4.1","100.0","","","","0.27","0.3","3.8","8.5","0.6","0.60","8.5"
"175","Robbie Chosen","WAS","WR","3","2025","13","86.7","8.0","16","22.2","2","0.7","16.7","0.15","2","100.0","18","6.0","17.1","1.38","9.00","9.00","2","1.00","1","0.50","0","0.0","0","0","0","0","2","20.0","0","","1","0.077","0","","2","100.0","0","","0","0","0.0","0","104.2","16.7","1.8","100.0","","","","0.29","1.3","3.8","6.8","2.3","0.52","6.8"
"176","Dalton Kincaid","BUF","TE","12","2025","11","78.6","6.5","13","22.4","2","0.2","16.7","0.18","2","100.0","17","1.4","21.8","1.55","8.50","8.50","4","2.00","1","0.50","0","0.0","0","0","0","0","2","33.3","0","","1","0.091","0","","2","100.0","1","50.0","1","1","100.0","0","102.1","20.0","-0.5","100.0","","","","0.34","0.3","3.7","3.3","0.3","0.30","3.3"
"177","Cade Otton","TB","TE","16","2025","27","96.4","7.3","29","12.3","4","0.3","16.7","0.15","1","25.0","17","1.1","8.2","0.63","4.25","17.00","21","21.00","4","4.00","0","0.0","0","0","0","1","2","12.5","1","1.00","1","0.037","0","","3","75.0","1","25.0","2","0","0.0","0","44.8","18.2","-3.5","100.0","","","","0.10","0.2","2.7","6.4","0.4","0.24","6.4"
"178","Chuba Hubbard","CAR","RB","15","2025","14","93.3","6.0","12","14.1","2","0.1","20.0","0.14","1","50.0","16","1.1","37.2","1.14","8.00","16.00","11","11.00","9","9.00","0","0.0","0","0","0","0","1","14.3","1","1.00","1","0.071","0","","1","50.0","0","","0","0","0.0","0","77.1","22.2","0.7","100.0","","","","0.19","0.2","2.6","4.7","0.3","0.34","4.7"
"179","KhaDarel Hodge","ATL","WR","11","2025","4","80.0","12.0","12","200.0","1","0.1","20.0","0.25","1","100.0","16","1.5","35.6","4.00","16.00","16.00","4","4.00","4","4.00","0","0.0","0","0","0","0","0","0.0","1","1.00","1","0.250","0","","1","100.0","0","","0","0","0.0","0","118.8","20.0","7.0","100.0","","","","0.65","0.2","2.6","1.7","0.2","0.42","1.7"
"180","Ian Thomas","LV","TE","15","2025","4","80.0","1.5","3","20.0","2","0.1","66.7","0.50","2","100.0","15","1.0","51.7","3.75","7.50","7.50","12","6.00","9","4.50","0","0.0","0","0","0","0","1","50.0","1","0.50","1","0.250","0","","2","100.0","0","","0","0","0.0","0","97.9","66.7","1.4","100.0","","","","0.88","0.2","3.5","2.9","0.2","0.71","2.9"
"181","Rhamondre Stevenson","NE","RB","14","2025","3","100.0","12.0","12","40.0","1","0.1","50.0","0.33","1","100.0","15","1.1","41.7","5.00","15.00","15.00","3","3.00","2","2.00","0","0.0","1","0","0","0","1","50.0","0","","1","0.333","0","","1","100.0","0","","0","0","0.0","0","118.8","50.0","5.6","100.0","","","","0.83","0.2","2.5","1.6","0.1","0.53","1.6"
"182","Mason Tipton","NO","WR","13","2025","34","89.5","7.5","15","5.4","2","0.2","6.3","0.06","2","100.0","15","1.2","9.0","0.44","7.50","7.50","0","","1","0.50","0","0.0","0","0","0","0","2","10.0","0","","1","0.029","0","","2","100.0","0","","0","0","0.0","0","97.9","6.9","0.6","100.0","","","","0.10","0.3","3.5","6.7","0.5","0.20","6.7"
"183","Dawson Knox","BUF","TE","17","2025","15","93.8","14.0","14","29.8","1","0.1","8.3","0.07","1","100.0","15","0.9","16.0","1.00","15.00","15.00","1","1.00","1","1.00","0","0.0","0","0","0","0","0","0.0","0","","0","0.000","0","","1","100.0","0","","1","1","100.0","0","118.8","8.3","4.7","100.0","","","","0.17","0.1","2.5","1.7","0.1","0.12","1.7"
"184","Josh Downs","IND","WR","16","2025","15","88.2","10.3","41","39.0","4","0.3","25.0","0.27","2","50.0","15","0.9","14.9","1.00","3.75","7.50","2","1.00","","","0","0.0","1","0","0","1","4","33.3","0","","1","0.067","1","25.0","3","75.0","0","","0","0","0.0","0","59.4","26.7","-4.3","100.0","","","","0.23","0.2","3.5","6.5","0.4","0.43","6.5"
"185","Theo Johnson","NYG","TE","15","2025","17","94.4","15.3","46","28.8","3","0.2","17.6","0.18","1","33.3","15","1.0","8.8","0.88","5.00","15.00","0","","","","1","100.0","2","2","1","0","2","18.2","0","","1","0.059","0","","2","66.7","0","","2","1","50.0","0","90.3","20.0","-5.6","100.0","","","","0.50","0.6","8.5","8.7","0.6","0.51","8.7"
"186","Hunter Renfrow","CAR","WR","6","2025","9","100.0","10.0","20","31.7","2","0.3","25.0","0.22","1","50.0","15","2.5","30.6","1.67","7.50","15.00","2","2.00","1","1.00","0","0.0","0","0","0","0","2","50.0","0","","1","0.111","0","","1","50.0","0","","0","0","0.0","0","75.0","25.0","-0.5","100.0","","","","0.28","0.4","2.5","4.9","0.8","0.55","4.9"
"187","Mark Andrews","BLT","TE","17","2025","17","89.5","6.5","13","7.8","2","0.1","14.3","0.12","2","100.0","15","0.9","8.4","0.88","7.50","7.50","2","1.00","2","1.00","0","0.0","0","0","0","0","2","15.4","0","","1","0.059","0","","2","100.0","0","","1","1","100.0","0","97.9","14.3","0.5","100.0","","","","0.21","0.2","3.5","4.5","0.3","0.27","4.5"
"188","Jaylin Noel","HST","WR","17","2025","16","94.1","1.7","5","7.4","3","0.2","20.0","0.19","3","100.0","15","0.9","17.2","0.94","5.00","5.00","10","3.33","1","0.33","0","0.0","0","0","0","0","3","30.0","0","","0","0.000","0","","3","100.0","1","33.3","0","0","0.0","0","87.5","21.4","-0.6","100.0","","","","0.28","0.3","4.5","4.6","0.3","0.29","4.6"
"189","Anthony Firkser","DET","TE","7","2025","6","100.0","13.0","13","31.0","1","0.1","16.7","0.17","1","100.0","14","2.0","32.6","2.33","14.00","14.00","1","1.00","","","0","0.0","1","0","0","0","1","25.0","0","","1","0.167","0","","1","100.0","0","","0","0","0.0","0","118.8","16.7","4.0","100.0","","","","0.40","0.3","2.4","1.6","0.2","0.27","1.6"
"190","Marvin Mims","DEN","WR","15","2025","58","92.1","17.4","87","14.8","5","0.3","8.9","0.09","2","40.0","14","0.9","3.2","0.24","2.80","7.00","5","2.50","1","0.50","0","0.0","0","0","0","1","5","13.2","0","","1","0.017","1","20.0","3","60.0","0","","0","0","0.0","0","47.9","9.3","-6.0","100.0","","","","0.06","0.2","3.4","8.5","0.6","0.15","8.5"
"191","Xavier Smith","LA","WR","16","2025","13","100.0","4.0","8","6.3","2","0.1","15.4","0.15","2","100.0","13","0.8","9.0","1.00","6.50","6.50","5","2.50","2","1.00","0","0.0","0","0","0","0","1","11.1","0","","1","0.077","0","","2","100.0","0","","0","0","0.0","0","93.8","15.4","0.6","100.0","","","","0.25","0.2","3.3","2.7","0.2","0.21","2.7"
"192","Scott Miller","PIT","WR","13","2025","25","92.6","1.5","3","3.3","2","0.2","8.3","0.08","2","100.0","13","1.0","10.6","0.52","6.50","6.50","10","5.00","6","3.00","0","0.0","0","0","0","0","1","6.7","1","0.50","0","0.000","0","","2","100.0","0","","1","1","100.0","0","93.8","8.7","0.4","100.0","","","","0.13","0.3","3.3","2.7","0.2","0.11","2.7"
"193","Michael Mayer","LV","TE","13","2025","4","100.0","4.0","4","25.0","1","0.1","25.0","0.25","1","100.0","13","1.0","48.1","3.25","13.00","13.00","9","9.00","2","2.00","0","0.0","0","0","0","0","1","25.0","0","","1","0.250","0","","1","100.0","0","","0","0","0.0","0","118.8","25.0","6.9","100.0","","","","0.58","0.2","2.3","1.3","0.1","0.33","1.3"
"194","Tyjae Spears","TEN","RB","13","2025","1","100.0","-6.0","-6","100.0","1","0.1","100.0","1.00","1","100.0","12","0.9","100.0","12.00","12.00","12.00","18","18.00","10","10.00","0","0.0","0","0","0","0","1","100.0","3","3.00","0","0.000","0","","1","100.0","1","100.0","0","0","0.0","0","116.7","100.0","6.9","100.0","","","","2.20","0.2","2.2","1.4","0.1","1.39","1.4"
"195","Evan Engram","DEN","TE","16","2025","17","94.4","6.0","18","12.6","3","0.2","17.6","0.18","2","66.7","12","0.8","9.6","0.71","4.00","6.00","9","4.50","1","0.50","0","0.0","0","0","0","0","0","0.0","0","","0","0.000","1","33.3","3","100.0","0","","0","0","0.0","0","74.3","17.6","-3.4","100.0","","","","0.19","0.2","3.2","4.3","0.3","0.25","4.3"
"196","Daniel Bellinger","NYG","TE","16","2025","9","90.0","2.0","2","3.6","1","0.1","12.5","0.11","1","100.0","12","0.8","12.9","1.33","12.00","12.00","10","10.00","2","2.00","0","0.0","0","0","0","0","0","0.0","0","","1","0.111","0","","1","100.0","0","","0","0","0.0","0","116.7","12.5","5.6","100.0","","","","0.24","0.1","2.2","1.4","0.1","0.16","1.4"
"197","Jahdae Walker","CHI","WR","7","2025","16","94.1","8.0","8","10.1","1","0.1","6.7","0.06","1","100.0","11","1.6","9.8","0.69","11.00","11.00","3","3.00","","","0","0.0","0","0","0","0","1","12.5","0","","0","0.000","0","","1","100.0","0","","0","0","0.0","0","112.5","7.7","3.5","100.0","","","","0.13","0.3","2.1","1.7","0.2","0.10","1.7"
"198","Austin Hooper","NE","TE","16","2025","11","100.0","9.0","18","32.1","2","0.1","22.2","0.18","2","100.0","11","0.7","26.2","1.00","5.50","5.50","2","1.00","","","1","50.0","1","1","1","0","2","40.0","0","","1","0.091","0","","2","100.0","0","","1","1","100.0","1","129.2","22.2","-2.4","100.0","","","","0.83","0.6","9.1","4.4","0.3","0.40","4.4"
"199","Christian Kirk","HST","WR","13","2025","12","92.3","3.0","3","5.2","1","0.1","7.7","0.08","1","100.0","11","0.8","12.5","0.92","11.00","11.00","8","8.00","5","5.00","0","0.0","0","0","0","0","0","0.0","1","1.00","1","0.083","0","","1","100.0","0","","0","0","0.0","0","112.5","8.3","5.6","100.0","","","","0.18","0.2","2.1","1.5","0.1","0.12","1.5"
"200","David Sills","ATL","WR","17","2025","52","86.7","13.7","41","11.4","3","0.2","5.3","0.06","1","33.3","11","0.6","2.7","0.21","3.67","11.00","-1","-1.00","-1","-1.00","0","0.0","1","0","0","1","2","5.3","0","","1","0.019","0","","2","66.7","0","","1","0","0.0","0","45.1","5.7","-5.2","100.0","","","","0.04","0.1","2.1","5.3","0.3","0.10","5.3"
"201","Brashard Smith","KC","RB","17","2025","6","100.0","-2.5","-5","500.0","2","0.1","50.0","0.33","2","100.0","11","0.6","61.1","1.83","5.50","5.50","16","8.00","3","1.50","0","0.0","1","0","0","0","2","66.7","0","","0","0.000","0","","2","100.0","2","100.0","0","0","0.0","0","89.6","66.7","-0.7","100.0","","","","0.52","0.2","3.1","2.8","0.2","0.46","2.8"
"202","Jaylin Lane","WAS","WR","15","2025","30","81.1","15.0","105","57.4","7","0.5","24.1","0.23","2","28.6","11","0.7","6.4","0.37","1.57","5.50","0","","","","0","0.0","0","1","0","2","3","15.8","0","","1","0.033","0","","2","28.6","1","14.3","0","0","0.0","0","0.0","25.0","-7.8","100.0","","","","0.10","0.2","3.1","10.8","0.7","0.36","10.8"
"203","Rico Dowdle","CAR","RB","17","2025","11","100.0","1.0","1","2.3","1","0.1","9.1","0.09","1","100.0","11","0.6","9.8","1.00","11.00","11.00","10","10.00","","","0","0.0","0","0","0","0","1","16.7","0","","0","0.000","0","","1","100.0","0","","0","0","0.0","0","112.5","10.0","5.3","100.0","","","","0.19","0.1","2.1","1.3","0.1","0.12","1.3"
"204","George Kittle","SF","TE","11","2025","6","100.0","11.5","23","31.1","2","0.2","33.3","0.33","1","50.0","10","0.9","31.3","1.67","5.00","10.00","-1","-1.00","-1","-1.00","0","0.0","0","0","0","0","2","50.0","0","","1","0.167","0","","1","50.0","0","","1","1","100.0","0","64.6","33.3","-3.7","100.0","","","","0.33","0.2","2.0","3.3","0.3","0.55","3.3"
"205","Cole Kmet","CHI","TE","16","2025","26","92.9","12.5","50","29.8","4","0.3","16.0","0.15","1","25.0","10","0.6","6.0","0.38","2.50","10.00","5","5.00","1","1.00","0","0.0","0","0","0","0","3","18.8","0","","1","0.038","1","25.0","2","50.0","0","","0","0","0.0","0","39.6","16.7","-6.5","100.0","","","","0.08","0.1","2.0","7.2","0.5","0.28","7.2"
"206","Quentin Skinner","NYJ","WR","1","2025","3","75.0","4.0","4","0.0","1","1.0","25.0","0.33","1","100.0","10","10.0","76.9","3.33","10.00","10.00","6","6.00","1","1.00","0","0.0","0","0","0","0","1","33.3","0","","1","0.333","0","","1","100.0","0","","0","0","0.0","0","108.3","25.0","4.0","100.0","","","","0.67","2.0","2.0","1.3","1.3","0.45","1.3"
"207","Kenneth Gainwell","PIT","RB","17","2025","5","100.0","4.0","4","9.8","1","0.1","25.0","0.20","1","100.0","10","0.6","100.0","2.00","10.00","10.00","6","6.00","1","1.00","0","0.0","0","0","0","0","1","33.3","0","","1","0.200","0","","1","100.0","0","","0","0","0.0","0","108.3","25.0","3.3","100.0","","","","0.40","0.1","2.0","1.5","0.1","0.30","1.5"
"208","Dalton Schultz","HST","TE","17","2025","11","84.6","16.5","33","23.6","2","0.1","15.4","0.18","1","50.0","9","0.5","5.4","0.82","4.50","9.00","3","3.00","","","0","0.0","0","0","0","1","2","25.0","0","","0","0.000","0","","1","50.0","0","","0","0","0.0","0","62.5","15.4","-5.8","100.0","","","","0.17","0.1","1.9","3.4","0.2","0.30","3.4"
"209","Hunter Henry","NE","TE","17","2025","22","91.7","8.0","8","6.0","1","0.1","5.3","0.05","1","100.0","9","0.5","7.0","0.41","9.00","9.00","1","1.00","","","0","0.0","1","0","0","0","0","0.0","0","","1","0.045","0","","1","100.0","0","","1","1","100.0","0","104.2","5.3","1.3","100.0","","","","0.09","0.1","1.9","1.7","0.1","0.08","1.7"
"210","Jamari Thrash","CLV","WR","9","2025","11","91.7","15.0","45","47.4","3","0.3","27.3","0.27","1","33.3","9","1.0","16.7","0.82","3.00","9.00","0","","-1","-1.00","0","0.0","0","0","0","1","2","22.2","0","","0","0.000","1","33.3","2","66.7","0","","1","0","0.0","0","42.4","30.0","-5.9","100.0","","","","0.17","0.2","1.9","4.2","0.5","0.38","4.2"
"211","Jordan Whittington","LA","WR","17","2025","22","91.7","3.3","10","8.3","3","0.2","14.3","0.14","2","66.7","9","0.5","6.8","0.41","3.00","4.50","11","5.50","3","1.50","0","0.0","0","0","0","0","3","18.8","0","","1","0.045","0","","2","66.7","2","66.7","0","0","0.0","0","70.1","15.0","-4.1","100.0","","","","0.13","0.2","2.9","4.8","0.3","0.22","4.8"
"212","Tutu Atwell","LA","WR","10","2025","21","100.0","17.5","70","44.3","4","0.4","22.2","0.19","1","25.0","9","0.9","9.4","0.43","2.25","9.00","-4","-4.00","","","0","0.0","0","0","0","1","3","27.3","0","","0","0.000","0","","1","25.0","0","","0","0","0.0","1","0.0","25.0","-8.5","100.0","","","","0.09","0.2","1.9","6.2","0.6","0.30","6.2"
"213","De'Von Achane","MIA","RB","16","2025","12","100.0","6.0","24","42.9","4","0.3","36.4","0.33","2","50.0","9","0.6","31.0","0.75","2.25","4.50","3","1.50","2","1.00","0","0.0","0","0","0","0","2","28.6","0","","1","0.083","0","","2","50.0","0","","0","0","0.0","0","16.7","36.4","-5.3","100.0","","","","0.24","0.2","2.9","6.1","0.4","0.51","6.1"
"214","Johnny Mundt","JAX","TE","16","2025","3","100.0","3.0","3","10.7","1","0.1","33.3","0.33","1","100.0","9","0.6","60.0","3.00","9.00","9.00","6","6.00","3","3.00","0","0.0","0","0","0","0","0","0.0","0","","1","0.333","0","","1","100.0","0","","0","0","0.0","0","104.2","33.3","2.7","100.0","","","","0.63","0.1","1.9","1.3","0.1","0.43","1.3"
"215","RJ Harvey","DEN","RB","17","2025","11","100.0","1.5","3","4.8","2","0.1","18.2","0.18","2","100.0","9","0.5","14.5","0.82","4.50","4.50","6","3.00","3","1.50","0","0.0","0","0","0","0","2","18.2","0","","0","0.000","0","","2","100.0","1","50.0","0","0","0.0","0","85.4","18.2","-2.4","100.0","","","","0.26","0.2","2.9","2.8","0.2","0.25","2.8"
"216","Isaiah Williams","NYJ","WR","15","2025","14","100.0","-4.0","-4","-9.5","1","0.1","10.0","0.07","1","100.0","9","0.6","12.2","0.64","9.00","9.00","13","13.00","1","1.00","0","0.0","0","0","0","0","1","10.0","1","1.00","0","0.000","0","","1","100.0","1","100.0","0","0","0.0","0","104.2","10.0","4.5","100.0","","","","0.14","0.1","1.9","1.3","0.1","0.09","1.3"
"217","Ashton Jeanty","LV","RB","17","2025","6","100.0","-1.0","-1","-6.7","1","0.1","20.0","0.17","1","100.0","8","0.5","21.6","1.33","8.00","8.00","9","9.00","3","3.00","0","0.0","0","0","0","0","1","25.0","0","","1","0.167","0","","1","100.0","0","","0","0","0.0","0","100.0","25.0","2.2","100.0","","","","0.30","0.1","1.8","1.5","0.1","0.24","1.5"
"218","Dylan Sampson","CLV","RB","15","2025","4","100.0","4.0","4","25.0","1","0.1","25.0","0.25","1","100.0","8","0.5","32.0","2.00","8.00","8.00","4","4.00","","","0","0.0","0","0","0","0","1","25.0","0","","1","0.250","0","","1","100.0","0","","0","0","0.0","0","100.0","25.0","1.3","100.0","","","","0.45","0.1","1.8","1.5","0.1","0.38","1.5"
"219","Jonnu Smith","PIT","TE","17","2025","15","100.0","3.5","7","10.0","2","0.1","15.4","0.13","1","50.0","8","0.5","18.2","0.53","4.00","8.00","11","11.00","1","1.00","0","0.0","1","0","0","0","2","25.0","0","","0","0.000","0","","1","50.0","1","50.0","0","0","0.0","0","60.4","16.7","-2.8","100.0","","","","0.12","0.1","1.8","2.8","0.2","0.19","2.8"
"220","D'Andre Swift","CHI","RB","16","2025","7","100.0","7.0","7","19.4","1","0.1","16.7","0.14","1","100.0","8","0.5","29.6","1.14","8.00","8.00","1","1.00","","","0","0.0","0","0","0","0","0","0.0","0","","0","0.000","0","","1","100.0","0","","0","0","0.0","0","100.0","20.0","0.6","100.0","","","","0.26","0.1","1.8","1.3","0.1","0.19","1.3"
"221","Jake Ferguson","DAL","TE","17","2025","7","100.0","12.0","12","22.2","1","0.1","16.7","0.14","1","100.0","8","0.5","21.6","1.14","8.00","8.00","0","","","","1","100.0","1","1","1","0","1","33.3","0","","1","0.143","0","","1","100.0","0","","1","1","100.0","0","139.6","20.0","-0.7","100.0","","","","1.11","0.5","7.8","3.1","0.2","0.45","3.1"
"222","Tom Kennedy","DET","WR","6","2025","3","100.0","5.0","5","29.4","1","0.2","33.3","0.33","1","100.0","7","1.2","100.0","2.33","7.00","7.00","2","2.00","","","0","0.0","0","0","0","0","0","0.0","0","","1","0.333","0","","1","100.0","0","","0","0","0.0","0","95.8","50.0","0.6","100.0","","","","0.57","0.3","1.7","1.6","0.3","0.53","1.6"
"223","Nick Chubb","HST","RB","15","2025","2","100.0","7.0","7","77.8","1","0.1","50.0","0.50","1","100.0","7","0.5","100.0","3.50","7.00","7.00","0","","","","0","0.0","0","0","0","0","1","50.0","0","","0","0.000","0","","1","100.0","0","","0","0","0.0","0","95.8","50.0","-0.4","100.0","","","","0.85","0.1","1.7","1.9","0.1","0.95","1.9"
"224","Jonathan Taylor","IND","RB","17","2025","8","100.0","3.0","3","9.4","1","0.1","14.3","0.13","1","100.0","7","0.4","14.6","0.88","7.00","7.00","4","4.00","1","1.00","0","0.0","0","0","0","0","1","16.7","0","","0","0.000","0","","1","100.0","0","","0","0","0.0","0","95.8","16.7","0.5","100.0","","","","0.21","0.1","1.7","1.4","0.1","0.17","1.4"
"225","Beaux Collins","NYG","WR","9","2025","10","90.9","5.0","5","8.2","1","0.1","11.1","0.10","1","100.0","7","0.8","11.1","0.70","7.00","7.00","2","2.00","1","1.00","0","0.0","0","0","0","0","1","16.7","0","","0","0.000","0","","1","100.0","0","","0","0","0.0","0","95.8","12.5","0.6","100.0","","","","0.17","0.2","1.7","1.4","0.2","0.14","1.4"
"226","Taysom Hill","NO","TE","13","2025","9","100.0","4.5","9","14.3","2","0.2","25.0","0.22","1","50.0","6","0.5","21.4","0.67","3.00","6.00","9","9.00","2","2.00","0","0.0","0","0","0","0","2","33.3","0","","0","0.000","0","","1","50.0","1","50.0","0","0","0.0","0","56.3","28.6","-4.3","100.0","","","","0.18","0.1","1.6","3.2","0.2","0.36","3.2"
"227","Isaiah Likely","BLT","TE","14","2025","4","100.0","4.0","4","10.8","1","0.1","25.0","0.25","1","100.0","6","0.4","60.0","1.50","6.00","6.00","2","2.00","1","1.00","0","0.0","0","0","0","0","0","0.0","0","","0","0.000","0","","1","100.0","0","","0","0","0.0","0","91.7","25.0","-0.1","100.0","","","","0.40","0.1","1.6","1.3","0.1","0.34","1.3"
"228","Xavier Weaver","ARZ","WR","9","2025","45","91.8","16.5","33","12.6","2","0.2","4.5","0.04","1","50.0","6","0.7","2.0","0.13","3.00","6.00","1","1.00","","","0","0.0","0","0","0","1","2","6.9","0","","0","0.000","0","","1","50.0","0","","0","0","0.0","0","56.3","4.7","-5.7","100.0","","","","0.04","0.2","1.6","3.7","0.4","0.08","3.7"
"229","TreVeyon Henderson","NE","RB","17","2025","9","100.0","5.0","5","16.7","1","0.1","20.0","0.11","1","100.0","6","0.4","10.7","0.67","6.00","6.00","1","1.00","","","0","0.0","0","0","0","0","1","20.0","0","","0","0.000","0","","1","100.0","0","","0","0","0.0","0","91.7","20.0","-1.2","100.0","","","","0.18","0.1","1.6","1.5","0.1","0.16","1.5"
"230","Rachaad White","TB","RB","17","2025","3","100.0","0.0","0","0.0","1","0.1","33.3","0.33","1","100.0","6","0.4","16.7","2.00","6.00","6.00","6","6.00","2","2.00","0","0.0","0","0","0","0","0","0.0","0","","1","0.333","0","","1","100.0","0","","0","0","0.0","0","91.7","33.3","0.2","100.0","","","","0.53","0.1","1.6","1.4","0.1","0.47","1.4"
"231","Travis Hunter","JAX","WR","7","2025","35","94.6","15.2","76","22.4","5","0.7","15.2","0.14","3","60.0","6","0.9","5.3","0.17","1.20","2.00","-29","-9.67","1","0.33","0","0.0","0","1","0","2","3","13.0","0","","1","0.029","0","","5","100.0","1","20.0","2","0","0.0","0","64.6","15.6","-7.9","100.0","","","","0.10","0.5","3.6","9.0","1.3","0.26","9.0"
"232","Tylan Wallace","BLT","WR","14","2025","11","91.7","7.0","14","22.6","2","0.1","20.0","0.18","1","50.0","6","0.4","16.7","0.55","3.00","6.00","7","7.00","1","1.00","0","0.0","1","1","0","0","2","28.6","0","","0","0.000","0","","1","50.0","1","50.0","0","0","0.0","0","56.3","25.0","-5.3","100.0","","","","0.15","0.1","1.6","4.8","0.3","0.44","4.8"
"233","Elijah Moore","BUF","WR","9","2025","23","95.8","5.5","11","15.3","2","0.2","11.1","0.09","1","50.0","5","0.6","3.8","0.22","2.50","5.00","7","7.00","4","4.00","0","0.0","0","0","0","0","1","10.0","1","1.00","0","0.000","0","","2","100.0","1","50.0","0","0","0.0","0","56.3","11.8","-4.7","100.0","","","","0.07","0.2","1.5","3.3","0.4","0.14","3.3"
"234","Dee Eskridge","MIA","WR","13","2025","11","91.7","2.0","2","3.4","1","0.1","9.1","0.09","1","100.0","5","0.4","12.2","0.45","5.00","5.00","3","3.00","2","2.00","0","0.0","0","0","0","0","1","14.3","0","","1","0.091","0","","1","100.0","0","","0","0","0.0","0","87.5","9.1","-0.3","100.0","","","","0.14","0.1","1.5","1.5","0.1","0.14","1.5"
"235","Breece Hall","NYJ","RB","16","2025","2","100.0","5.0","5","50.0","1","0.1","50.0","0.50","1","100.0","5","0.3","100.0","2.50","5.00","5.00","0","","","","0","0.0","0","0","0","0","1","50.0","0","","0","0.000","0","","1","100.0","0","","0","0","0.0","0","87.5","50.0","-2.2","100.0","","","","0.75","0.1","1.5","1.5","0.1","0.73","1.5"
"236","Ke'Shawn Williams","PIT, CIN","WR","11","2025","2","100.0","4.0","4","36.4","1","0.1","50.0","0.50","1","100.0","5","0.5","27.8","2.50","5.00","5.00","1","1.00","1","1.00","0","0.0","0","0","0","0","1","50.0","0","","0","0.000","0","","1","100.0","0","","1","1","100.0","0","87.5","50.0","-1.0","100.0","","","","0.75","0.1","1.5","1.4","0.1","0.71","1.4"
"237","David Moore","CAR","WR","4","2025","13","100.0","5.0","5","4.7","1","0.3","8.3","0.08","1","100.0","5","1.3","10.4","0.38","5.00","5.00","0","","","","0","0.0","0","0","0","0","1","10.0","0","","0","0.000","0","","1","100.0","0","","1","1","100.0","0","87.5","8.3","-1.4","100.0","","","","0.12","0.4","1.5","1.2","0.3","0.10","1.2"
"238","Greg Dulcich","MIA","TE","10","2025","9","90.0","5.0","15","38.5","3","0.3","33.3","0.33","1","33.3","4","0.4","9.3","0.44","1.33","4.00","7","7.00","2","2.00","0","0.0","1","0","0","0","3","33.3","0","","0","0.000","0","","2","66.7","1","33.3","1","0","0.0","0","42.4","33.3","-5.9","100.0","","","","0.16","0.1","1.4","6.3","0.6","0.70","6.3"
"239","Chig Okonkwo","TEN","TE","17","2025","21","87.5","-2.0","-2","-3.4","1","0.1","5.6","0.05","1","100.0","4","0.2","3.9","0.19","4.00","4.00","6","6.00","","","0","0.0","0","0","0","0","1","12.5","0","","0","0.000","0","","1","100.0","1","100.0","0","0","0.0","0","83.3","5.9","-0.9","100.0","","","","0.07","0.1","1.4","1.8","0.1","0.08","1.8"
"240","Deven Thompkins","ATL","WR","7","2025","2","100.0","-5.0","-5","-35.7","1","0.1","50.0","0.50","1","100.0","4","0.6","13.3","2.00","4.00","4.00","9","9.00","1","1.00","0","0.0","0","0","0","0","1","50.0","0","","0","0.000","0","","1","100.0","1","100.0","0","0","0.0","0","83.3","50.0","-0.2","100.0","","","","0.70","0.2","1.4","1.3","0.2","0.65","1.3"
"241","Jahmyr Gibbs","DET","RB","17","2025","6","100.0","-0.5","-1","-2.8","2","0.1","50.0","0.33","1","50.0","4","0.2","16.7","0.67","2.00","4.00","1","1.00","","","0","0.0","0","0","0","0","2","50.0","0","","0","0.000","0","","1","50.0","1","50.0","0","0","0.0","0","56.3","50.0","-4.0","100.0","","","","0.23","0.1","1.4","2.9","0.2","0.49","2.9"
"242","Jeremy Ruckert","NYJ","TE","17","2025","8","88.9","3.0","3","8.3","1","0.1","12.5","0.13","1","100.0","4","0.2","6.5","0.50","4.00","4.00","1","1.00","1","1.00","0","0.0","0","0","0","0","0","0.0","0","","1","0.125","0","","1","100.0","0","","1","1","100.0","0","83.3","16.7","-2.3","100.0","","","","0.18","0.1","1.4","1.4","0.1","0.17","1.4"
"243","Braxton Berrios","HST","WR","4","2025","3","100.0","4.0","4","28.6","1","0.3","33.3","0.33","1","100.0","4","1.0","25.0","1.33","4.00","4.00","0","","","","0","0.0","0","0","0","0","1","33.3","0","","0","0.000","0","","1","100.0","0","","0","0","0.0","0","83.3","33.3","-2.0","100.0","","","","0.47","0.4","1.4","1.3","0.3","0.44","1.3"
"244","Roman Wilson","PIT","WR","13","2025","16","84.2","20.0","40","31.5","2","0.2","10.5","0.13","1","50.0","4","0.3","4.6","0.25","2.00","4.00","5","5.00","1","1.00","0","0.0","0","0","0","1","2","14.3","0","","0","0.000","0","","2","100.0","0","","1","0","0.0","0","56.3","11.1","-8.6","100.0","","","","0.03","0.0","0.4","2.1","0.2","0.13","2.1"
"245","Saquon Barkley","PHI","RB","16","2025","9","100.0","3.0","3","5.9","1","0.1","12.5","0.11","1","100.0","3","0.2","5.8","0.33","3.00","3.00","0","","","","0","0.0","1","0","0","0","1","14.3","0","","1","0.111","0","","1","100.0","0","","0","0","0.0","0","79.2","12.5","-3.5","100.0","","","","0.14","0.1","1.3","1.3","0.1","0.15","1.3"
"246","Derius Davis","LAC","WR","11","2025","9","100.0","13.0","26","22.8","2","0.2","33.3","0.22","1","50.0","3","0.3","37.5","0.33","1.50","3.00","7","7.00","-1","-1.00","0","0.0","0","0","0","1","2","50.0","0","","0","0.000","0","","1","50.0","1","50.0","0","0","0.0","0","56.3","33.3","-5.3","100.0","","","","0.14","0.1","1.3","4.5","0.4","0.50","4.5"
"247","Alex Bachman","LV","WR","13","2025","5","100.0","3.0","3","9.1","1","0.1","20.0","0.20","1","100.0","3","0.2","5.2","0.60","3.00","3.00","0","","","","0","0.0","0","0","0","0","1","25.0","0","","1","0.200","0","","1","100.0","0","","0","0","0.0","0","79.2","20.0","-2.4","100.0","","","","0.26","0.1","1.3","1.4","0.1","0.28","1.4"
"248","Carter Runyon","LV","TE","10","2025","1","100.0","-3.0","-3","100.0","1","0.1","100.0","1.00","1","100.0","3","0.3","100.0","3.00","3.00","3.00","6","6.00","1","1.00","0","0.0","0","0","0","0","1","100.0","0","","0","0.000","0","","1","100.0","1","100.0","0","0","0.0","0","79.2","100.0","-2.9","100.0","","","","1.30","0.1","1.3","1.5","0.2","1.51","1.5"
"249","Malachi Corley","CLV","WR","13","2025","7","87.5","-1.0","-1","-1.2","1","0.1","14.3","0.14","1","100.0","2","0.2","3.3","0.29","2.00","2.00","3","3.00","1","1.00","0","0.0","0","0","0","0","1","16.7","0","","0","0.000","0","","1","100.0","1","100.0","0","0","0.0","0","79.2","14.3","-4.2","100.0","","","","0.17","0.1","1.2","1.5","0.1","0.22","1.5"
"250","Bam Knight","ARZ","RB","12","2025","4","100.0","1.0","1","25.0","1","0.1","33.3","0.25","1","100.0","1","0.1","10.0","0.25","1.00","1.00","0","","","","0","0.0","0","0","0","0","0","0.0","0","","0","0.000","0","","1","100.0","0","","0","0","0.0","0","79.2","33.3","-4.7","100.0","","","","0.28","0.1","1.1","1.4","0.1","0.35","1.4"
"251","Dare Ogunbowale","HST","RB","17","2025","1","100.0","4.0","4","100.0","1","0.1","100.0","1.00","1","100.0","1","0.1","100.0","1.00","1.00","1.00","-3","-3.00","-6","-6.00","0","0.0","0","0","0","0","0","0.0","0","","0","0.000","0","","1","100.0","0","","0","0","0.0","0","79.2","100.0","-5.7","100.0","","","","0.10","0.0","0.1","1.4","0.1","1.43","1.4"
"252","Tony Pollard","TEN","RB","17","2025","6","75.0","-6.0","-6","-28.6","1","0.1","14.3","0.17","1","100.0","-1","-0.1","-3.3","-0.17","-1.00","-1.00","5","5.00","2","2.00","0","0.0","0","0","0","0","1","16.7","0","","0","0.000","0","","1","100.0","1","100.0","0","0","0.0","0","79.2","14.3","-6.1","100.0","","","","0.15","0.1","0.9","2.5","0.1","0.42","2.5"
"253","Ray-Ray McCloud","ATL, NYG","WR","6","2025","35","97.2","0.5","1","0.4","2","0.3","6.1","0.06","1","50.0","-7","-1.2","-3.4","-0.20","-3.50","-7.00","0","","1","1.00","0","0.0","0","0","0","0","1","5.3","0","","0","0.000","0","","1","50.0","1","50.0","0","0","0.0","0","56.3","6.1","-8.5","100.0","","","","0.01","0.1","0.3","2.6","0.4","0.07","2.6"
"254","Ben Yurosek","MIN","TE","12","2025","1","100.0","0.0","0","0.0","0","0.0","0.0","","0","","0","0.0","0.0","","0.00","","0","","","","0","0.0","0","0","0","0","0","0.0","0","","0","0.000","0","","0","","0","","0","0","0.0","0","0.0","","","100.0","","","","0.00","","0.0","0.0","0.0","0.00","0.0"
"255","Tai Felton","MIN","WR","14","2025","2","50.0","0.0","0","0.0","0","0.0","0.0","","0","","0","0.0","0.0","","0.00","","0","","","","0","0.0","0","0","0","0","0","0.0","0","","0","0.000","0","","0","","0","","0","0","0.0","0","0.0","","","100.0","","","","0.00","","0.0","0.0","0.0","0.00","0.0"
"256","Jordan Watkins","SF","WR","4","2025","3","100.0","0.0","0","0.0","0","0.0","0.0","","0","","0","0.0","0.0","","0.00","","0","","","","0","0.0","0","0","0","0","0","0.0","0","","0","0.000","0","","0","","0","","0","0","0.0","0","0.0","","","100.0","","","","0.00","","0.0","0.0","0.0","0.00","0.0"
"257","Hassan Haskins","LAC","RB","11","2025","2","100.0","0.0","0","0.0","0","0.0","0.0","","0","","0","0.0","0.0","","0.00","","0","","","","0","0.0","0","0","0","0","0","0.0","0","","0","0.000","0","","0","","0","","0","0","0.0","0","0.0","","","100.0","","","","0.00","","0.0","0.0","0.0","0.00","0.0"
"258","Dalen Cambre","NYG","WR","6","2025","2","100.0","0.0","0","0.0","0","0.0","0.0","","0","","0","0.0","0.0","","0.00","","0","","","","0","0.0","0","0","0","0","0","0.0","0","","0","0.000","0","","0","","0","","0","0","0.0","0","0.0","","","100.0","","","","0.00","","0.0","0.0","0.0","0.00","0.0"
"259","Jerome Ford","CLV","RB","13","2025","3","100.0","0.0","0","0.0","0","0.0","0.0","","0","","0","0.0","0.0","","0.00","","0","","","","0","0.0","0","0","0","0","0","0.0","0","","0","0.000","0","","0","","0","","0","0","0.0","0","0.0","","","100.0","","","","0.00","","0.0","0.0","0.0","0.00","0.0"
"260","Ryan Miller","TB","WR","13","2025","2","66.7","15.0","15","125.0","1","0.1","33.3","0.50","0","","0","0.0","0.0","","0.00","","0","","","","0","0.0","0","0","0","0","0","0.0","0","","0","0.000","0","","0","","0","","0","0","0.0","0","39.6","33.3","-10.4","100.0","","","","0.00","","0.0","1.7","0.1","0.86","1.7"
"261","Jeff Wilson","MIA","RB","2","2025","1","100.0","0.0","0","0.0","0","0.0","0.0","","0","","0","0.0","0.0","","0.00","","0","","","","0","0.0","0","0","0","0","0","0.0","0","","0","0.000","0","","0","","0","","0","0","0.0","0","0.0","","","100.0","","","","0.00","","0.0","0.0","0.0","0.00","0.0"
"262","Jakobie Keeney-James","GB","WR","1","2025","5","100.0","0.0","0","0.0","0","0.0","0.0","","0","","0","0.0","0.0","","0.00","","0","","","","0","0.0","0","0","0","0","0","0.0","0","","0","0.000","0","","0","","0","","0","0","0.0","0","0.0","","","100.0","","","","0.00","","0.0","0.0","0.0","0.00","0.0"
"263","Jalin Hyatt","NYG","WR","8","2025","20","83.3","21.0","42","29.2","2","0.3","9.5","0.10","0","","0","0.0","0.0","","0.00","","0","","","","0","0.0","0","0","0","1","1","9.1","0","","0","0.000","0","","0","","0","","0","0","0.0","0","0.0","10.0","-10.5","100.0","","","","0.00","","0.0","2.9","0.4","0.14","2.9"
"264","Casey Washington","ATL","WR","7","2025","27","84.4","17.0","17","15.0","1","0.1","3.4","0.04","0","","0","0.0","0.0","","0.00","","0","","","","0","0.0","0","0","0","0","0","0.0","0","","0","0.000","0","","0","","0","","0","0","0.0","0","39.6","4.0","-11.7","100.0","","","","0.00","","0.0","1.5","0.2","0.06","1.5"
"265","Gage Larvadain","CLV","WR","13","2025","18","90.0","27.0","27","20.0","1","0.1","5.0","0.06","0","","0","0.0","0.0","","0.00","","0","","","","0","0.0","0","0","0","1","0","0.0","0","","0","0.000","0","","0","","0","","0","0","0.0","0","0.0","5.6","-11.9","100.0","","","","0.00","","0.0","1.1","0.1","0.06","1.1"
"266","Chris Rodriguez","WAS","RB","13","2025","1","100.0","0.0","0","0.0","0","0.0","0.0","","0","","0","0.0","0.0","","0.00","","0","","","","0","0.0","0","0","0","0","0","0.0","0","","0","0.000","0","","0","","0","","0","0","0.0","0","0.0","","","100.0","","","","0.00","","0.0","0.0","0.0","0.00","0.0"
"267","Jaydon Blue","DAL","RB","5","2025","1","100.0","0.0","0","0.0","0","0.0","0.0","","0","","0","0.0","0.0","","0.00","","0","","","","0","0.0","0","0","0","0","0","0.0","0","","0","0.000","0","","0","","0","","0","0","0.0","0","0.0","","","100.0","","","","0.00","","0.0","0.0","0.0","0.00","0.0"
"268","Audric Estime","NO","RB","6","2025","3","75.0","0.0","0","0.0","0","0.0","0.0","","0","","0","0.0","0.0","","0.00","","0","","","","0","0.0","0","0","0","0","0","0.0","0","","0","0.000","0","","0","","0","","0","0","0.0","0","0.0","","","100.0","","","","0.00","","0.0","0.0","0.0","0.00","0.0"
"269","Will Dissly","LAC","TE","9","2025","4","100.0","0.0","0","0.0","0","0.0","0.0","","0","","0","0.0","0.0","","0.00","","0","","","","0","0.0","0","0","0","0","0","0.0","0","","0","0.000","0","","0","","0","","0","0","0.0","0","0.0","","","100.0","","","","0.00","","0.0","0.0","0.0","0.00","0.0"
"270","Jackson Hawes","BUF","TE","17","2025","3","100.0","10.0","10","58.8","1","0.1","50.0","0.33","0","","0","0.0","0.0","","0.00","","0","","","","0","0.0","0","0","0","0","1","50.0","0","","0","0.000","0","","0","","0","","0","0","0.0","0","39.6","50.0","-7.8","100.0","","","","0.00","","0.0","1.7","0.1","0.56","1.7"
"271","Tyrone Tracy","NYG","RB","15","2025","7","100.0","0.0","0","0.0","0","0.0","0.0","","0","","0","0.0","0.0","","0.00","","0","","","","0","0.0","0","0","0","0","0","0.0","0","","0","0.000","0","","0","","0","","0","0","0.0","0","0.0","","","100.0","","","","0.00","","0.0","0.0","0.0","0.00","0.0"
"272","Drew Sample","CIN","TE","17","2025","5","71.4","0.0","0","0.0","0","0.0","0.0","","0","","0","0.0","0.0","","0.00","","0","","","","0","0.0","0","0","0","0","0","0.0","0","","0","0.000","0","","0","","0","","0","0","0.0","0","0.0","","","100.0","","","","0.00","","0.0","0.0","0.0","0.00","0.0"
"273","Jaleel McLaughlin","DEN","RB","8","2025","1","100.0","0.0","0","0.0","0","0.0","0.0","","0","","0","0.0","0.0","","0.00","","0","","","","0","0.0","0","0","0","0","0","0.0","0","","0","0.000","0","","0","","0","","0","0","0.0","0","0.0","","","100.0","","","","0.00","","0.0","0.0","0.0","0.00","0.0"
"274","Mitchell Evans","CAR","TE","17","2025","1","100.0","0.0","0","0.0","0","0.0","0.0","","0","","0","0.0","0.0","","0.00","","0","","","","0","0.0","0","0","0","0","0","0.0","0","","0","0.000","0","","0","","0","","0","0","0.0","0","0.0","","","100.0","","","","0.00","","0.0","0.0","0.0","0.00","0.0"
"275","AJ Barner","SEA","TE","17","2025","4","50.0","0.0","0","0.0","0","0.0","0.0","","0","","0","0.0","0.0","","0.00","","0","","","","0","0.0","0","0","0","0","0","0.0","0","","0","0.000","0","","0","","0","","0","0","0.0","0","0.0","","","100.0","","","","0.00","","0.0","0.0","0.0","0.00","0.0"
"276","Anthony Gould","IND","WR","11","2025","1","100.0","0.0","0","0.0","0","0.0","0.0","","0","","0","0.0","0.0","","0.00","","0","","","","0","0.0","0","0","0","0","0","0.0","0","","0","0.000","0","","0","","0","","0","0","0.0","0","0.0","","","100.0","","","","0.00","","0.0","0.0","0.0","0.00","0.0"
"277","Samori Toure","NO","WR","1","2025","1","100.0","0.0","0","0.0","0","0.0","0.0","","0","","0","0.0","0.0","","0.00","","0","","","","0","0.0","0","0","0","0","0","0.0","0","","0","0.000","0","","0","","0","","0","0","0.0","0","0.0","","","100.0","","","","0.00","","0.0","0.0","0.0","0.00","0.0"
"278","Kenneth Walker","SEA","RB","17","2025","7","100.0","0.0","0","0.0","0","0.0","0.0","","0","","0","0.0","0.0","","0.00","","0","","","","0","0.0","0","0","0","0","0","0.0","0","","0","0.000","0","","0","","0","","0","0","0.0","0","0.0","","","100.0","","","","0.00","","0.0","0.0","0.0","0.00","0.0"
"279","Mike Gesicki","CIN","TE","13","2025","10","90.9","15.0","15","22.4","1","0.1","10.0","0.10","0","","0","0.0","0.0","","0.00","","0","","","","0","0.0","0","0","0","0","1","16.7","0","","0","0.000","0","","0","","0","","0","0","0.0","0","0.0","10.0","-10.6","100.0","","","","0.00","","0.0","3.1","0.2","0.31","3.1"
"280","Chris Blair","ATL","WR","3","2025","1","50.0","0.0","0","0.0","0","0.0","0.0","","0","","0","0.0","0.0","","0.00","","0","","","","0","0.0","0","0","0","0","0","0.0","0","","0","0.000","0","","0","","0","","0","0","0.0","0","0.0","","","100.0","","","","0.00","","0.0","0.0","0.0","0.00","0.0"
"281","Ben Sims","GB, MIN","TE","9","2025","2","50.0","0.0","0","0.0","0","0.0","0.0","","0","","0","0.0","0.0","","0.00","","0","","","","0","0.0","0","0","0","0","0","0.0","0","","0","0.000","0","","0","","0","","0","0","0.0","0","0.0","","","100.0","","","","0.00","","0.0","0.0","0.0","0.00","0.0"
"282","Russell Gage","SF","WR","1","2025","3","100.0","0.0","0","0.0","0","0.0","0.0","","0","","0","0.0","0.0","","0.00","","0","","","","0","0.0","0","0","0","0","0","0.0","0","","0","0.000","0","","0","","0","","0","0","0.0","0","0.0","","","100.0","","","","0.00","","0.0","0.0","0.0","0.00","0.0"
"283","Moliki Matavao","NO","TE","6","2025","1","100.0","0.0","0","0.0","0","0.0","0.0","","0","","0","0.0","0.0","","0.00","","0","","","","0","0.0","0","0","0","0","0","0.0","0","","0","0.000","0","","0","","0","","0","0","0.0","0","0.0","","","100.0","","","","0.00","","0.0","0.0","0.0","0.00","0.0"
"284","Adam Trautman","DEN","TE","17","2025","4","57.1","0.0","0","0.0","0","0.0","0.0","","0","","0","0.0","0.0","","0.00","","0","","","","0","0.0","0","0","0","0","0","0.0","0","","0","0.000","0","","0","","0","","0","0","0.0","0","0.0","","","100.0","","","","0.00","","0.0","0.0","0.0","0.00","0.0"
"285","Kimani Vidal","LAC","RB","13","2025","2","100.0","22.0","22","100.0","1","0.1","100.0","0.50","0","","0","0.0","0.0","","0.00","","0","","","","0","0.0","0","0","0","1","1","100.0","0","","0","0.000","0","","0","","0","","0","0","0.0","0","39.6","100.0","-11.9","100.0","","","","0.00","","0.0","2.2","0.2","1.08","2.2"
"286","Ameer Abdullah","IND","RB","13","2025","2","100.0","0.0","0","0.0","0","0.0","0.0","","0","","0","0.0","0.0","","0.00","","0","","","","0","0.0","0","0","0","0","0","0.0","0","","0","0.000","0","","0","","0","","0","0","0.0","0","0.0","","","100.0","","","","0.00","","0.0","0.0","0.0","0.00","0.0"
"287","Ty Johnson","BUF","RB","17","2025","9","75.0","0.0","0","0.0","0","0.0","0.0","","0","","0","0.0","0.0","","0.00","","0","","","","0","0.0","0","0","0","0","0","0.0","0","","0","0.000","0","","0","","0","","0","0","0.0","0","0.0","","","100.0","","","","0.00","","0.0","0.0","0.0","0.00","0.0"
"288","Colby Parkinson","LA","TE","15","2025","13","100.0","0.0","0","0.0","0","0.0","0.0","","0","","0","0.0","0.0","","0.00","","0","","","","0","0.0","0","0","0","0","0","0.0","0","","0","0.000","0","","0","","0","","0","0","0.0","0","0.0","","","100.0","","","","0.00","","0.0","0.0","0.0","0.00","0.0"
"289","Luke Musgrave","GB","TE","17","2025","7","87.5","17.0","17","22.4","1","0.1","14.3","0.14","0","","0","0.0","0.0","","0.00","","0","","","","0","0.0","0","0","0","0","0","0.0","0","","0","0.000","0","","0","","0","","0","0","0.0","0","39.6","14.3","-11.7","100.0","","","","0.00","","0.0","2.2","0.1","0.32","2.2"
"290","Tanner Conner","MIA","TE","9","2025","4","100.0","0.0","0","0.0","0","0.0","0.0","","0","","0","0.0","0.0","","0.00","","0","","","","0","0.0","0","0","0","0","0","0.0","0","","0","0.000","0","","0","","0","","0","0","0.0","0","0.0","","","100.0","","","","0.00","","0.0","0.0","0.0","0.00","0.0"
"291","Tyler Goodson","IND","RB","11","2025","1","100.0","0.0","0","0.0","0","0.0","0.0","","0","","0","0.0","0.0","","0.00","","0","","","","0","0.0","0","0","0","0","0","0.0","0","","0","0.000","0","","0","","0","","0","0","0.0","0","0.0","","","100.0","","","","0.00","","0.0","0.0","0.0","0.00","0.0"
"292","Kareem Hunt","KC","RB","17","2025","2","100.0","0.0","0","0.0","0","0.0","0.0","","0","","0","0.0","0.0","","0.00","","0","","","","0","0.0","0","0","0","0","0","0.0","0","","0","0.000","0","","0","","0","","0","0","0.0","0","0.0","","","100.0","","","","0.00","","0.0","0.0","0.0","0.00","0.0"
"293","Tyler Conklin","LAC","TE","10","2025","4","100.0","0.0","0","0.0","0","0.0","0.0","","0","","0","0.0","0.0","","0.00","","0","","","","0","0.0","0","0","0","0","0","0.0","0","","0","0.000","0","","0","","0","","0","0","0.0","0","0.0","","","100.0","","","","0.00","","0.0","0.0","0.0","0.00","0.0"
"294","Jalen Brooks","ARZ, DAL","WR","6","2025","15","88.2","6.0","6","5.8","1","0.2","6.3","0.07","0","","0","0.0","0.0","","0.00","","0","","","","0","0.0","0","0","0","0","1","10.0","0","","0","0.000","0","","0","","0","","0","0","0.0","0","39.6","6.7","-6.9","100.0","","","","0.00","","0.0","1.4","0.2","0.09","1.4"
"295","Zach Charbonnet","SEA","RB","16","2025","1","100.0","0.0","0","0.0","0","0.0","0.0","","0","","0","0.0","0.0","","0.00","","0","","","","0","0.0","0","0","0","0","0","0.0","0","","0","0.000","0","","0","","0","","0","0","0.0","0","0.0","","","100.0","","","","0.00","","0.0","0.0","0.0","0.00","0.0"
"296","Jason Brownlee","KC","WR","6","2025","3","75.0","0.0","0","0.0","0","0.0","0.0","","0","","0","0.0","0.0","","0.00","","0","","","","0","0.0","0","0","0","0","0","0.0","0","","0","0.000","0","","0","","0","","0","0","0.0","0","0.0","","","100.0","","","","0.00","","0.0","0.0","0.0","0.00","0.0"
"297","KeAndre Lambert-Smith","LAC","WR","10","2025","16","100.0","28.7","86","74.1","3","0.3","27.3","0.19","0","","0","0.0","0.0","","0.00","","0","","","","0","0.0","0","0","0","2","3","33.3","0","","0","0.000","0","","0","","0","","0","0","0.0","0","39.6","30.0","-11.8","100.0","","","","0.00","","0.0","7.2","0.7","0.45","7.2"
"298","Devin Neal","NO","RB","9","2025","5","100.0","0.0","0","0.0","0","0.0","0.0","","0","","0","0.0","0.0","","0.00","","0","","","","0","0.0","0","0","0","0","0","0.0","0","","0","0.000","0","","0","","0","","0","0","0.0","0","0.0","","","100.0","","","","0.00","","0.0","0.0","0.0","0.00","0.0"
"299","Tanner Hudson","CIN","TE","13","2025","2","100.0","0.0","0","0.0","0","0.0","0.0","","0","","0","0.0","0.0","","0.00","","0","","","","0","0.0","0","0","0","0","0","0.0","0","","0","0.000","0","","0","","0","","0","0","0.0","0","0.0","","","100.0","","","","0.00","","0.0","0.0","0.0","0.00","0.0"
"300","Devin Singletary","NYG","RB","17","2025","7","100.0","-2.0","-2","-14.3","1","0.1","20.0","0.14","0","","0","0.0","0.0","","0.00","","0","","","","0","0.0","0","0","0","0","1","25.0","0","","0","0.000","1","100.0","1","100.0","0","","0","0","0.0","0","39.6","20.0","-6.2","100.0","","","","0.00","","0.0","1.5","0.1","0.21","1.5"
"301","Laquon Treadwell","IND","WR","9","2025","6","85.7","0.0","0","0.0","0","0.0","0.0","","0","","0","0.0","0.0","","0.00","","0","","","","0","0.0","0","0","0","0","0","0.0","0","","0","0.000","0","","0","","0","","0","0","0.0","0","0.0","","","100.0","","","","0.00","","0.0","0.0","0.0","0.00","0.0"
"302","Connor Heyward","PIT","TE","16","2025","1","100.0","0.0","0","0.0","0","0.0","0.0","","0","","0","0.0","0.0","","0.00","","0","","","","0","0.0","0","0","0","0","0","0.0","0","","0","0.000","0","","0","","0","","0","0","0.0","0","0.0","","","100.0","","","","0.00","","0.0","0.0","0.0","0.00","0.0"
"303","Robert Tonyan","KC","TE","16","2025","1","100.0","0.0","0","0.0","0","0.0","0.0","","0","","0","0.0","0.0","","0.00","","0","","","","0","0.0","0","0","0","0","0","0.0","0","","0","0.000","0","","0","","0","","0","0","0.0","0","0.0","","","100.0","","","","0.00","","0.0","0.0","0.0","0.00","0.0"
"304","Khalil Herbert","NYJ","RB","5","2025","1","100.0","0.0","0","0.0","0","0.0","0.0","","0","","0","0.0","0.0","","0.00","","0","","","","0","0.0","0","0","0","0","0","0.0","0","","0","0.000","0","","0","","0","","0","0","0.0","0","0.0","","","100.0","","","","0.00","","0.0","0.0","0.0","0.00","0.0"
"305","Josh Oliver","MIN","TE","15","2025","1","100.0","0.0","0","0.0","0","0.0","0.0","","0","","0","0.0","0.0","","0.00","","0","","","","0","0.0","0","0","0","0","0","0.0","0","","0","0.000","0","","0","","0","","0","0","0.0","0","0.0","","","100.0","","","","0.00","","0.0","0.0","0.0","0.00","0.0"
"306","Brandon Smith","NYJ","WR","1","2025","1","100.0","0.0","0","0.0","0","0.0","0.0","","0","","0","0.0","0.0","","0.00","","0","","","","0","0.0","0","0","0","0","0","0.0","0","","0","0.000","0","","0","","0","","0","0","0.0","0","0.0","","","100.0","","","","0.00","","0.0","0.0","0.0","0.00","0.0"
"307","Keaton Mitchell","BLT","RB","13","2025","1","100.0","0.0","0","0.0","0","0.0","0.0","","0","","0","0.0","0.0","","0.00","","0","","","","0","0.0","0","0","0","0","0","0.0","0","","0","0.000","0","","0","","0","","0","0","0.0","0","0.0","","","100.0","","","","0.00","","0.0","0.0","0.0","0.00","0.0"
"308","Keleki Latu","BUF","TE","5","2025","3","100.0","0.0","0","0.0","0","0.0","0.0","","0","","0","0.0","0.0","","0.00","","0","","","","0","0.0","0","0","0","0","0","0.0","0","","0","0.000","0","","0","","0","","0","0","0.0","0","0.0","","","100.0","","","","0.00","","0.0","0.0","0.0","0.00","0.0"
"309","Thomas Fidone","NYG","TE","2","2025","1","100.0","0.0","0","0.0","0","0.0","0.0","","0","","0","0.0","0.0","","0.00","","0","","","","0","0.0","0","0","0","0","0","0.0","0","","0","0.000","0","","0","","0","","0","0","0.0","0","0.0","","","100.0","","","","0.00","","0.0","0.0","0.0","0.00","0.0"
"310","Shane Zylstra","DET","TE","5","2025","4","100.0","0.0","0","0.0","0","0.0","0.0","","0","","0","0.0","0.0","","0.00","","0","","","","0","0.0","0","0","0","0","0","0.0","0","","0","0.000","0","","0","","0","","0","0","0.0","0","0.0","","","100.0","","","","0.00","","0.0","0.0","0.0","0.00","0.0"
"311","Tommy Tremble","CAR","TE","17","2025","10","100.0","0.0","0","0.0","0","0.0","0.0","","0","","0","0.0","0.0","","0.00","","0","","","","0","0.0","0","0","0","0","0","0.0","0","","0","0.000","0","","0","","0","","0","0","0.0","0","0.0","","","100.0","","","","0.00","","0.0","0.0","0.0","0.00","0.0"
"312","Antonio Gibson","NE","RB","5","2025","2","100.0","0.0","0","0.0","0","0.0","0.0","","0","","0","0.0","0.0","","0.00","","0","","","","0","0.0","0","0","0","0","0","0.0","0","","0","0.000","0","","0","","0","","0","0","0.0","0","0.0","","","100.0","","","","0.00","","0.0","0.0","0.0","0.00","0.0"
"313","Kyle Monangai","CHI","RB","17","2025","1","100.0","0.0","0","0.0","0","0.0","0.0","","0","","0","0.0","0.0","","0.00","","0","","","","0","0.0","0","0","0","0","0","0.0","0","","0","0.000","0","","0","","0","","0","0","0.0","0","0.0","","","100.0","","","","0.00","","0.0","0.0","0.0","0.00","0.0"
"314","Michael Carter","ARZ","RB","13","2025","4","100.0","0.0","0","0.0","0","0.0","0.0","","0","","0","0.0","0.0","","0.00","","0","","","","0","0.0","0","0","0","0","0","0.0","0","","0","0.000","0","","0","","0","","0","0","0.0","0","0.0","","","100.0","","","","0.00","","0.0","0.0","0.0","0.00","0.0"
"315","Simi Fehoko","ARZ","WR","7","2025","6","100.0","0.0","0","0.0","0","0.0","0.0","","0","","0","0.0","0.0","","0.00","","0","","","","0","0.0","0","0","0","0","0","0.0","0","","0","0.000","0","","0","","0","","0","0","0.0","0","0.0","","","100.0","","","","0.00","","0.0","0.0","0.0","0.00","0.0"
"316","Ollie Gordon","MIA","RB","17","2025","2","66.7","0.0","0","0.0","0","0.0","0.0","","0","","0","0.0","0.0","","0.00","","0","","","","0","0.0","0","0","0","0","0","0.0","0","","0","0.000","0","","0","","0","","0","0","0.0","0","0.0","","","100.0","","","","0.00","","0.0","0.0","0.0","0.00","0.0"
"317","T.J. Hockenson","MIN","TE","15","2025","10","71.4","7.0","7","9.1","1","0.1","8.3","0.10","0","","0","0.0","0.0","","0.00","","0","","","","0","0.0","0","0","0","0","1","12.5","0","","0","0.000","0","","0","","0","","0","0","0.0","0","39.6","9.1","-7.3","100.0","","","","0.00","","0.0","1.5","0.1","0.15","1.5"
"318","Justin Watson","HST","WR","3","2025","4","100.0","0.0","0","0.0","0","0.0","0.0","","0","","0","0.0","0.0","","0.00","","0","","","","0","0.0","0","0","0","0","0","0.0","0","","0","0.000","0","","0","","0","","0","0","0.0","0","0.0","","","100.0","","","","0.00","","0.0","0.0","0.0","0.00","0.0"
"319","Blake Whiteheart","CLV","TE","16","2025","2","100.0","0.0","0","0.0","0","0.0","0.0","","0","","0","0.0","0.0","","0.00","","0","","","","0","0.0","0","0","0","0","0","0.0","0","","0","0.000","0","","0","","0","","0","0","0.0","0","0.0","","","100.0","","","","0.00","","0.0","0.0","0.0","0.00","0.0"
"320","Grant Calcaterra","PHI","TE","15","2025","1","100.0","0.0","0","0.0","0","0.0","0.0","","0","","0","0.0","0.0","","0.00","","0","","","","0","0.0","0","0","0","0","0","0.0","0","","0","0.000","0","","0","","0","","0","0","0.0","0","0.0","","","100.0","","","","0.00","","0.0","0.0","0.0","0.00","0.0"
"321","Devin Culp","TB","TE","11","2025","2","100.0","0.0","0","0.0","0","0.0","0.0","","0","","0","0.0","0.0","","0.00","","0","","","","0","0.0","0","0","0","0","0","0.0","0","","0","0.000","0","","0","","0","","0","0","0.0","0","0.0","","","100.0","","","","0.00","","0.0","0.0","0.0","0.00","0.0"
"322","Maurice Alexander","CHI","WR","1","2025","1","100.0","0.0","0","0.0","0","0.0","0.0","","0","","0","0.0","0.0","","0.00","","0","","","","0","0.0","0","0","0","0","0","0.0","0","","0","0.000","0","","0","","0","","0","0","0.0","0","0.0","","","100.0","","","","0.00","","0.0","0.0","0.0","0.00","0.0"
"323","Cade Stover","HST","TE","9","2025","3","100.0","0.0","0","0.0","0","0.0","0.0","","0","","0","0.0","0.0","","0.00","","0","","","","0","0.0","0","0","0","0","0","0.0","0","","0","0.000","0","","0","","0","","0","0","0.0","0","0.0","","","100.0","","","","0.00","","0.0","0.0","0.0","0.00","0.0"
"324","David Martin-Robinson","TEN","TE","15","2025","3","75.0","0.0","0","0.0","0","0.0","0.0","","0","","0","0.0","0.0","","0.00","","0","","","","0","0.0","0","0","0","0","0","0.0","0","","0","0.000","0","","0","","0","","0","0","0.0","0","0.0","","","100.0","","","","0.00","","0.0","0.0","0.0","0.00","0.0"
"325","Tyler Higbee","LA","TE","10","2025","7","100.0","0.0","0","0.0","0","0.0","0.0","","0","","0","0.0","0.0","","0.00","","0","","","","0","0.0","0","0","0","0","0","0.0","0","","0","0.000","0","","0","","0","","0","0","0.0","0","0.0","","","100.0","","","","0.00","","0.0","0.0","0.0","0.00","0.0"
"326","Jake Bobo","SEA","WR","11","2025","3","60.0","0.0","0","0.0","0","0.0","0.0","","0","","0","0.0","0.0","","0.00","","0","","","","0","0.0","0","0","0","0","0","0.0","0","","0","0.000","0","","0","","0","","0","0","0.0","0","0.0","","","100.0","","","","0.00","","0.0","0.0","0.0","0.00","0.0"
"327","Steven Sims","ARZ","WR","3","2025","2","100.0","2.0","2","33.3","1","0.3","50.0","0.50","0","","0","0.0","0.0","","0.00","","0","","","","0","0.0","0","0","0","0","0","0.0","0","","0","0.000","1","100.0","1","100.0","0","","0","0","0.0","0","39.6","50.0","-5.3","100.0","","","","0.00","","0.0","1.4","0.5","0.69","1.4"
"328","Mason Kinsey","TEN","WR","10","2025","8","100.0","0.0","0","0.0","0","0.0","0.0","","0","","0","0.0","0.0","","0.00","","0","","","","0","0.0","0","0","0","0","0","0.0","0","","0","0.000","0","","0","","0","","0","0","0.0","0","0.0","","","100.0","","","","0.00","","0.0","0.0","0.0","0.00","0.0"
"329","Zavier Scott","MIN","RB","11","2025","4","100.0","0.0","0","0.0","0","0.0","0.0","","0","","0","0.0","0.0","","0.00","","0","","","","0","0.0","0","0","0","0","0","0.0","0","","0","0.000","0","","0","","0","","0","0","0.0","0","0.0","","","100.0","","","","0.00","","0.0","0.0","0.0","0.00","0.0"
"330","Javonte Williams","DAL","RB","16","2025","4","100.0","0.0","0","0.0","0","0.0","0.0","","0","","0","0.0","0.0","","0.00","","0","","","","0","0.0","0","0","0","0","0","0.0","0","","0","0.000","0","","0","","0","","0","0","0.0","0","0.0","","","100.0","","","","0.00","","0.0","0.0","0.0","0.00","0.0"
"331","Tyler Badie","DEN","RB","16","2025","1","100.0","0.0","0","0.0","0","0.0","0.0","","0","","0","0.0","0.0","","0.00","","0","","","","0","0.0","0","0","0","0","0","0.0","0","","0","0.000","0","","0","","0","","0","0","0.0","0","0.0","","","100.0","","","","0.00","","0.0","0.0","0.0","0.00","0.0"
"332","Jaylen Warren","PIT","RB","16","2025","1","100.0","0.0","0","0.0","0","0.0","0.0","","0","","0","0.0","0.0","","0.00","","0","","","","0","0.0","0","0","0","0","0","0.0","0","","0","0.000","0","","0","","0","","0","0","0.0","0","0.0","","","100.0","","","","0.00","","0.0","0.0","0.0","0.00","0.0"
"333","Eric Saubert","SEA","TE","11","2025","1","100.0","0.0","0","0.0","0","0.0","0.0","","0","","0","0.0","0.0","","0.00","","0","","","","0","0.0","0","0","0","0","0","0.0","0","","0","0.000","0","","0","","0","","0","0","0.0","0","0.0","","","100.0","","","","0.00","","0.0","0.0","0.0","0.00","0.0"
"334","Jayden Reed","GB","WR","7","2025","5","100.0","0.0","0","0.0","0","0.0","0.0","","0","","0","0.0","0.0","","0.00","","0","","","","0","0.0","0","0","0","0","0","0.0","0","","0","0.000","0","","0","","0","","0","0","0.0","0","0.0","","","100.0","","","","0.00","","0.0","0.0","0.0","0.00","0.0"
"335","David Njoku","CLV","TE","12","2025","8","72.7","7.0","7","19.4","1","0.1","14.3","0.13","0","","0","0.0","0.0","","0.00","","0","","","","0","0.0","0","0","0","0","1","25.0","0","","0","0.000","0","","0","","0","","0","0","0.0","0","0.0","16.7","-7.3","100.0","","","","0.00","","0.0","1.5","0.1","0.19","1.5"
"336","Cedrick Wilson","MIA","WR","10","2025","17","73.9","13.0","13","10.2","1","0.1","5.0","0.06","0","","0","0.0","0.0","","0.00","","0","","","","0","0.0","1","1","0","0","0","0.0","0","","0","0.000","0","","0","","0","","0","0","0.0","0","39.6","5.3","-8.9","100.0","","","","0.00","","0.0","2.8","0.3","0.16","2.8"
"337","Kylen Granson","PHI","TE","17","2025","1","100.0","10.0","10","100.0","1","0.1","100.0","1.00","0","","0","0.0","0.0","","0.00","","0","","","","0","0.0","0","0","0","0","1","100.0","0","","0","0.000","0","","0","","0","","0","0","0.0","0","39.6","100.0","-7.8","100.0","","","","0.00","","0.0","1.4","0.1","1.43","1.4"
"338","Colson Yankoff","WAS","TE","14","2025","1","100.0","0.0","0","0.0","0","0.0","0.0","","0","","0","0.0","0.0","","0.00","","0","","","","0","0.0","0","0","0","0","0","0.0","0","","0","0.000","0","","0","","0","","0","0","0.0","0","0.0","","","100.0","","","","0.00","","0.0","0.0","0.0","0.00","0.0"
"339","Elijah Arroyo","SEA","TE","13","2025","5","100.0","0.0","0","0.0","0","0.0","0.0","","0","","0","0.0","0.0","","0.00","","0","","","","0","0.0","0","0","0","0","0","0.0","0","","0","0.000","0","","0","","0","","0","0","0.0","0","0.0","","","100.0","","","","0.00","","0.0","0.0","0.0","0.00","0.0"
"340","Sal Cannella","CLV","TE","2","2025","1","50.0","0.0","0","0.0","0","0.0","0.0","","0","","0","0.0","0.0","","0.00","","0","","","","0","0.0","0","0","0","0","0","0.0","0","","0","0.000","0","","0","","0","","0","0","0.0","0","0.0","","","100.0","","","","0.00","","0.0","0.0","0.0","0.00","0.0"
"341","Brenden Bates","HST, CLV","TE","9","2025","1","100.0","0.0","0","0.0","0","0.0","0.0","","0","","0","0.0","0.0","","0.00","","0","","","","0","0.0","0","0","0","0","0","0.0","0","","0","0.000","0","","0","","0","","0","0","0.0","0","0.0","","","100.0","","","","0.00","","0.0","0.0","0.0","0.00","0.0"
"342","Brock Wright","DET","TE","11","2025","6","100.0","0.0","0","0.0","0","0.0","0.0","","0","","0","0.0","0.0","","0.00","","0","","","","0","0.0","0","0","0","0","0","0.0","0","","0","0.000","0","","0","","0","","0","0","0.0","0","0.0","","","100.0","","","","0.00","","0.0","0.0","0.0","0.00","0.0"
"343","Emanuel Wilson","GB","RB","17","2025","4","100.0","0.0","0","0.0","0","0.0","0.0","","0","","0","0.0","0.0","","0.00","","0","","","","0","0.0","0","0","0","0","0","0.0","0","","0","0.000","0","","0","","0","","0","0","0.0","0","0.0","","","100.0","","","","0.00","","0.0","0.0","0.0","0.00","0.0"
"344","Ronnie Bell","NO","WR","2","2025","5","100.0","30.0","60","71.4","2","1.0","50.0","0.40","0","","0","0.0","0.0","","0.00","","0","","","","0","0.0","1","1","0","2","2","66.7","0","","0","0.000","0","","0","","0","","0","0","0.0","0","39.6","50.0","-12.5","100.0","","","","0.00","","0.0","6.0","3.0","1.20","6.0"
"345","Quintin Morris","JAX","TE","13","2025","1","50.0","0.0","0","0.0","0","0.0","0.0","","0","","0","0.0","0.0","","0.00","","0","","","","0","0.0","0","0","0","0","0","0.0","0","","0","0.000","0","","0","","0","","0","0","0.0","0","0.0","","","100.0","","","","0.00","","0.0","0.0","0.0","0.00","0.0"
"346","Trey Benson","ARZ","RB","4","2025","5","100.0","0.0","0","0.0","0","0.0","0.0","","0","","0","0.0","0.0","","0.00","","0","","","","0","0.0","0","0","0","0","0","0.0","0","","0","0.000","0","","0","","0","","0","0","0.0","0","0.0","","","100.0","","","","0.00","","0.0","0.0","0.0","0.00","0.0"
"347","Jake Tonges","SF","TE","16","2025","4","100.0","0.0","0","0.0","0","0.0","0.0","","0","","0","0.0","0.0","","0.00","","0","","","","0","0.0","0","0","0","0","0","0.0","0","","0","0.000","0","","0","","0","","0","0","0.0","0","0.0","","","100.0","","","","0.00","","0.0","0.0","0.0","0.00","0.0"
"348","Josiah Deguara","ARZ","TE","12","2025","3","100.0","0.0","0","0.0","0","0.0","0.0","","0","","0","0.0","0.0","","0.00","","0","","","","0","0.0","0","0","0","0","0","0.0","0","","0","0.000","0","","0","","0","","0","0","0.0","0","0.0","","","100.0","","","","0.00","","0.0","0.0","0.0","0.00","0.0"
"349","Justice Hill","BLT","RB","10","2025","3","100.0","0.0","0","0.0","0","0.0","0.0","","0","","0","0.0","0.0","","0.00","","0","","","","0","0.0","0","0","0","0","0","0.0","0","","0","0.000","0","","0","","0","","0","0","0.0","0","0.0","","","100.0","","","","0.00","","0.0","0.0","0.0","0.00","0.0"
"350","Trayveon Williams","LAC, CLV","RB","6","2025","1","100.0","0.0","0","0.0","0","0.0","0.0","","0","","0","0.0","0.0","","0.00","","0","","","","0","0.0","0","0","0","0","0","0.0","0","","0","0.000","0","","0","","0","","0","0","0.0","0","0.0","","","100.0","","","","0.00","","0.0","0.0","0.0","0.00","0.0"
"351","Cam Skattebo","NYG","RB","8","2025","2","100.0","0.0","0","0.0","0","0.0","0.0","","0","","0","0.0","0.0","","0.00","","0","","","","0","0.0","0","0","0","0","0","0.0","0","","0","0.000","0","","0","","0","","0","0","0.0","0","0.0","","","100.0","","","","0.00","","0.0","0.0","0.0","0.00","0.0"
"352","Chase Brown","CIN","RB","17","2025","4","80.0","0.0","0","0.0","0","0.0","0.0","","0","","0","0.0","0.0","","0.00","","0","","","","0","0.0","0","0","0","0","0","0.0","0","","0","0.000","0","","0","","0","","0","0","0.0","0","0.0","","","100.0","","","","0.00","","0.0","0.0","0.0","0.00","0.0"
"353","Cam Akers","MIN, SEA","RB","4","2025","1","100.0","0.0","0","0.0","0","0.0","0.0","","0","","0","0.0","0.0","","0.00","","0","","","","0","0.0","0","0","0","0","0","0.0","0","","0","0.000","0","","0","","0","","0","0","0.0","0","0.0","","","100.0","","","","0.00","","0.0","0.0","0.0","0.00","0.0"
"354","Noah Fant","CIN","TE","15","2025","3","75.0","5.0","5","18.5","1","0.1","25.0","0.33","0","","0","0.0","0.0","","0.00","","0","","","","0","0.0","0","0","0","0","1","25.0","0","","0","0.000","0","","1","100.0","0","","1","0","0.0","0","39.6","25.0","-6.5","100.0","","","","0.00","","0.0","1.6","0.1","0.52","1.6"
"355","Charlie Kolar","BLT","TE","17","2025","1","100.0","0.0","0","0.0","0","0.0","0.0","","0","","0","0.0","0.0","","0.00","","0","","","","0","0.0","0","0","0","0","0","0.0","0","","0","0.000","0","","0","","0","","0","0","0.0","0","0.0","","","100.0","","","","0.00","","0.0","0.0","0.0","0.00","0.0"
"356","Sean Tucker","TB","RB","17","2025","2","66.7","0.0","0","0.0","0","0.0","0.0","","0","","0","0.0","0.0","","0.00","","0","","","","0","0.0","0","0","0","0","0","0.0","0","","0","0.000","0","","0","","0","","0","0","0.0","0","0.0","","","100.0","","","","0.00","","0.0","0.0","0.0","0.00","0.0"
"357","Trevor Etienne","CAR","RB","17","2025","2","100.0","0.0","0","0.0","0","0.0","0.0","","0","","0","0.0","0.0","","0.00","","0","","","","0","0.0","0","0","0","0","0","0.0","0","","0","0.000","0","","0","","0","","0","0","0.0","0","0.0","","","100.0","","","","0.00","","0.0","0.0","0.0","0.00","0.0"
"358","Lucas Krull","DEN","TE","3","2025","2","100.0","0.0","0","0.0","0","0.0","0.0","","0","","0","0.0","0.0","","0.00","","0","","","","0","0.0","0","0","0","0","0","0.0","0","","0","0.000","0","","0","","0","","0","0","0.0","0","0.0","","","100.0","","","","0.00","","0.0","0.0","0.0","0.00","0.0"
"359","Bryce Oliver","TEN","WR","3","2025","5","71.4","0.0","0","0.0","0","0.0","0.0","","0","","0","0.0","0.0","","0.00","","0","","","","0","0.0","0","0","0","0","0","0.0","0","","0","0.000","0","","0","","0","","0","0","0.0","0","0.0","","","100.0","","","","0.00","","0.0","0.0","0.0","0.00","0.0"
"360","Hunter Long","JAX","TE","9","2025","4","50.0","0.0","0","0.0","0","0.0","0.0","","0","","0","0.0","0.0","","0.00","","0","","","","0","0.0","0","0","0","0","0","0.0","0","","0","0.000","0","","0","","0","","0","0","0.0","0","0.0","","","100.0","","","","0.00","","0.0","0.0","0.0","0.00","0.0"
"361","Will Shipley","PHI","RB","15","2025","2","100.0","0.0","0","0.0","0","0.0","0.0","","0","","0","0.0","0.0","","0.00","","0","","","","0","0.0","0","0","0","0","0","0.0","0","","0","0.000","0","","0","","0","","0","0","0.0","0","0.0","","","100.0","","","","0.00","","0.0","0.0","0.0","0.00","0.0"
"362","LaJohntay Wester","BLT","WR","16","2025","2","66.7","0.0","0","0.0","0","0.0","0.0","","0","","0","0.0","0.0","","0.00","","0","","","","0","0.0","0","0","0","0","0","0.0","0","","0","0.000","0","","0","","0","","0","0","0.0","0","0.0","","","100.0","","","","0.00","","0.0","0.0","0.0","0.00","0.0"
"363","Aaron Jones","MIN","RB","12","2025","3","100.0","0.0","0","0.0","0","0.0","0.0","","0","","0","0.0","0.0","","0.00","","0","","","","0","0.0","0","0","0","0","0","0.0","0","","0","0.000","0","","0","","0","","0","0","0.0","0","0.0","","","100.0","","","","0.00","","0.0","0.0","0.0","0.00","0.0"
"364","Foster Moreau","NO","TE","11","2025","2","100.0","0.0","0","0.0","0","0.0","0.0","","0","","0","0.0","0.0","","0.00","","0","","","","0","0.0","0","0","0","0","0","0.0","0","","0","0.000","0","","0","","0","","0","0","0.0","0","0.0","","","100.0","","","","0.00","","0.0","0.0","0.0","0.00","0.0"
"365","Austin Trammell","JAX","WR","6","2025","6","100.0","0.0","0","0.0","0","0.0","0.0","","0","","0","0.0","0.0","","0.00","","0","","","","0","0.0","0","0","0","0","0","0.0","0","","0","0.000","0","","0","","0","","0","0","0.0","0","0.0","","","100.0","","","","0.00","","0.0","0.0","0.0","0.00","0.0"
"366","Bucky Irving","TB","RB","10","2025","10","100.0","0.0","0","0.0","0","0.0","0.0","","0","","0","0.0","0.0","","0.00","","0","","","","0","0.0","0","0","0","0","0","0.0","0","","0","0.000","0","","0","","0","","0","0","0.0","0","0.0","","","100.0","","","","0.00","","0.0","0.0","0.0","0.00","0.0"
"367","Dante Pettis","NO","WR","8","2025","4","80.0","0.0","0","0.0","0","0.0","0.0","","0","","0","0.0","0.0","","0.00","","0","","","","0","0.0","0","0","0","0","0","0.0","0","","0","0.000","0","","0","","0","","0","0","0.0","0","0.0","","","100.0","","","","0.00","","0.0","0.0","0.0","0.00","0.0"
"368","Trent Sherfield","DEN, ARZ","WR","12","2025","10","71.4","0.0","0","0.0","0","0.0","0.0","","0","","0","0.0","0.0","","0.00","","0","","","","0","0.0","0","0","0","0","0","0.0","0","","0","0.000","0","","0","","0","","0","0","0.0","0","0.0","","","100.0","","","","0.00","","0.0","0.0","0.0","0.00","0.0"
"369","Josh Whyle","GB","TE","8","2025","3","75.0","0.0","0","0.0","0","0.0","0.0","","0","","0","0.0","0.0","","0.00","","0","","","","0","0.0","0","0","0","0","0","0.0","0","","0","0.000","0","","0","","0","","0","0","0.0","0","0.0","","","100.0","","","","0.00","","0.0","0.0","0.0","0.00","0.0"
"370","Travis Etienne","JAX","RB","17","2025","6","85.7","0.0","0","0.0","0","0.0","0.0","","0","","0","0.0","0.0","","0.00","","0","","","","0","0.0","0","0","0","0","0","0.0","0","","0","0.000","0","","0","","0","","0","0","0.0","0","0.0","","","100.0","","","","0.00","","0.0","0.0","0.0","0.00","0.0"
"371","Brittain Brown","CHI","RB","2","2025","1","100.0","0.0","0","0.0","0","0.0","0.0","","0","","0","0.0","0.0","","0.00","","0","","","","0","0.0","0","0","0","0","0","0.0","0","","0","0.000","0","","0","","0","","0","0","0.0","0","0.0","","","100.0","","","","0.00","","0.0","0.0","0.0","0.00","0.0"
"372","David Montgomery","DET","RB","17","2025","1","100.0","0.0","0","0.0","0","0.0","0.0","","0","","0","0.0","0.0","","0.00","","0","","","","0","0.0","0","0","0","0","0","0.0","0","","0","0.000","0","","0","","0","","0","0","0.0","0","0.0","","","100.0","","","","0.00","","0.0","0.0","0.0","0.00","0.0"
"373","Pat Freiermuth","PIT","TE","17","2025","13","86.7","0.0","0","0.0","0","0.0","0.0","","0","","0","0.0","0.0","","0.00","","0","","","","0","0.0","0","0","0","0","0","0.0","0","","0","0.000","0","","0","","0","","0","0","0.0","0","0.0","","","100.0","","","","0.00","","0.0","0.0","0.0","0.00","0.0"
"374","Andre Baccellia","ARZ","WR","5","2025","14","87.5","0.0","0","0.0","0","0.0","0.0","","0","","0","0.0","0.0","","0.00","","0","","","","0","0.0","0","0","0","0","0","0.0","0","","0","0.000","0","","0","","0","","0","0","0.0","0","0.0","","","100.0","","","","0.00","","0.0","0.0","0.0","0.00","0.0"
"375","John FitzPatrick","GB","TE","15","2025","3","100.0","0.0","0","0.0","0","0.0","0.0","","0","","0","0.0","0.0","","0.00","","0","","","","0","0.0","0","0","0","0","0","0.0","0","","0","0.000","0","","0","","0","","0","0","0.0","0","0.0","","","100.0","","","","0.00","","0.0","0.0","0.0","0.00","0.0"
"376","Jalen Royals","KC","WR","7","2025","8","100.0","0.0","0","0.0","0","0.0","0.0","","0","","0","0.0","0.0","","0.00","","0","","","","0","0.0","0","0","0","0","0","0.0","0","","0","0.000","0","","0","","0","","0","0","0.0","0","0.0","","","100.0","","","","0.00","","0.0","0.0","0.0","0.00","0.0"
"377","Andrew Ogletree","IND","TE","15","2025","2","66.7","0.0","0","0.0","0","0.0","0.0","","0","","0","0.0","0.0","","0.00","","0","","","","0","0.0","0","0","0","0","0","0.0","0","","0","0.000","0","","0","","0","","0","0","0.0","0","0.0","","","100.0","","","","0.00","","0.0","0.0","0.0","0.00","0.0"
"378","Brian Robinson","SF","RB","17","2025","2","100.0","0.0","0","0.0","0","0.0","0.0","","0","","0","0.0","0.0","","0.00","","0","","","","0","0.0","0","0","0","0","0","0.0","0","","0","0.000","0","","0","","0","","0","0","0.0","0","0.0","","","100.0","","","","0.00","","0.0","0.0","0.0","0.00","0.0"
"379","Stone Smartt","NYJ","TE","8","2025","2","66.7","0.0","0","0.0","0","0.0","0.0","","0","","0","0.0","0.0","","0.00","","0","","","","0","0.0","0","0","0","0","0","0.0","0","","0","0.000","0","","0","","0","","0","0","0.0","0","0.0","","","100.0","","","","0.00","","0.0","0.0","0.0","0.00","0.0"
"380","Davis Allen","LA","TE","17","2025","13","100.0","0.0","0","0.0","0","0.0","0.0","","0","","0","0.0","0.0","","0.00","","0","","","","0","0.0","0","0","0","0","0","0.0","0","","0","0.000","0","","0","","0","","0","0","0.0","0","0.0","","","100.0","","","","0.00","","0.0","0.0","0.0","0.00","0.0"
"381","Emari Demercado","ARZ","RB","13","2025","2","100.0","0.0","0","0.0","0","0.0","0.0","","0","","0","0.0","0.0","","0.00","","0","","","","0","0.0","0","0","0","0","0","0.0","0","","0","0.000","0","","0","","0","","0","0","0.0","0","0.0","","","100.0","","","","0.00","","0.0","0.0","0.0","0.00","0.0"
"382","Woody Marks","HST","RB","16","2025","2","50.0","-4.0","-4","36.4","1","0.1","33.3","0.50","0","","0","0.0","0.0","","0.00","","0","","","","0","0.0","0","0","0","0","1","33.3","0","","0","0.000","0","","0","","1","100.0","0","0","0.0","0","39.6","33.3","-5.6","100.0","","","","0.00","","0.0","1.7","0.1","0.83","1.7"
"383","Bhayshul Tuten","JAX","RB","15","2025","2","100.0","0.0","0","0.0","0","0.0","0.0","","0","","0","0.0","0.0","","0.00","","0","","","","0","0.0","0","0","0","0","0","0.0","0","","0","0.000","0","","0","","0","","0","0","0.0","0","0.0","","","100.0","","","","0.00","","0.0","0.0","0.0","0.00","0.0"
"384","Ja'Corey Brooks","WAS","WR","1","2025","1","50.0","0.0","0","0.0","0","0.0","0.0","","0","","0","0.0","0.0","","0.00","","0","","","","0","0.0","0","0","0","0","0","0.0","0","","0","0.000","0","","0","","0","","0","0","0.0","0","0.0","","","100.0","","","","0.00","","0.0","0.0","0.0","0.00","0.0"
"385","Mason Taylor","NYJ","TE","13","2025","21","91.3","11.0","22","32.4","2","0.2","11.1","0.10","0","","0","0.0","0.0","","0.00","","0","","","","0","0.0","0","0","0","0","1","11.1","0","","0","0.000","0","","1","50.0","0","","1","0","0.0","0","39.6","16.7","-8.5","100.0","","","","0.00","","0.0","3.2","0.2","0.15","3.2"
"386","Tip Reiman","ARZ","TE","4","2025","1","100.0","0.0","0","0.0","0","0.0","0.0","","0","","0","0.0","0.0","","0.00","","0","","","","0","0.0","0","0","0","0","0","0.0","0","","0","0.000","0","","0","","0","","0","0","0.0","0","0.0","","","100.0","","","","0.00","","0.0","0.0","0.0","0.00","0.0"
"387","Devin Duvernay","CHI","WR","17","2025","6","85.7","12.0","12","23.1","1","0.1","14.3","0.17","0","","0","0.0","0.0","","0.00","","0","","","","0","0.0","0","0","0","0","1","33.3","0","","0","0.000","0","","0","","0","","0","0","0.0","0","39.6","20.0","-9.0","100.0","","","","0.00","","0.0","1.6","0.1","0.27","1.6"
"388","Luke Schoonmaker","DAL","TE","17","2025","2","100.0","0.0","0","0.0","0","0.0","0.0","","0","","0","0.0","0.0","","0.00","","0","","","","0","0.0","0","0","0","0","0","0.0","0","","0","0.000","0","","0","","0","","0","0","0.0","0","0.0","","","100.0","","","","0.00","","0.0","0.0","0.0","0.00","0.0"
"389","Noah Gray","KC","TE","16","2025","7","100.0","0.0","0","0.0","0","0.0","0.0","","0","","0","0.0","0.0","","0.00","","0","","","","0","0.0","0","0","0","0","0","0.0","0","","0","0.000","0","","0","","0","","0","0","0.0","0","0.0","","","100.0","","","","0.00","","0.0","0.0","0.0","0.00","0.0"
"390","Gunnar Helm","TEN","TE","16","2025","7","87.5","0.0","0","0.0","0","0.0","0.0","","0","","0","0.0","0.0","","0.00","","0","","","","0","0.0","0","0","0","0","0","0.0","0","","0","0.000","0","","0","","0","","0","0","0.0","0","0.0","","","100.0","","","","0.00","","0.0","0.0","0.0","0.00","0.0"
"391","Durham Smythe","CHI","TE","17","2025","4","100.0","4.0","4","18.2","1","0.1","25.0","0.25","0","","0","0.0","0.0","","0.00","","0","","","","0","0.0","0","0","0","0","1","33.3","0","","0","0.000","0","","1","100.0","0","","1","0","0.0","0","39.6","25.0","-6.1","100.0","","","","0.00","","0.0","1.5","0.1","0.37","1.5"
"392","Kameron Johnson","TB","WR","17","2025","7","77.8","0.0","0","0.0","0","0.0","0.0","","0","","0","0.0","0.0","","0.00","","0","","","","0","0.0","0","0","0","0","0","0.0","0","","0","0.000","0","","0","","0","","0","0","0.0","0","0.0","","","100.0","","","","0.00","","0.0","0.0","0.0","0.00","0.0"
"393","Isiah Pacheco","KC","RB","13","2025","3","100.0","0.0","0","0.0","0","0.0","0.0","","0","","0","0.0","0.0","","0.00","","0","","","","0","0.0","0","0","0","0","0","0.0","0","","0","0.000","0","","0","","0","","0","0","0.0","0","0.0","","","100.0","","","","0.00","","0.0","0.0","0.0","0.00","0.0"
"394","Tucker Fisk","LAC","TE","10","2025","2","100.0","0.0","0","0.0","0","0.0","0.0","","0","","0","0.0","0.0","","0.00","","0","","","","0","0.0","0","0","0","0","0","0.0","0","","0","0.000","0","","0","","0","","0","0","0.0","0","0.0","","","100.0","","","","0.00","","0.0","0.0","0.0","0.00","0.0"
"395","Tucker Kraft","GB","TE","8","2025","6","100.0","8.0","8","25.8","1","0.1","20.0","0.17","0","","0","0.0","0.0","","0.00","","0","","","","0","0.0","0","0","0","0","1","20.0","0","","0","0.000","0","","0","","0","","0","0","0.0","0","39.6","20.0","-7.7","100.0","","","","0.00","","0.0","1.3","0.2","0.22","1.3"
"396","Kyren Williams","LA","RB","17","2025","1","50.0","0.0","0","0.0","0","0.0","0.0","","0","","0","0.0","0.0","","0.00","","0","","","","0","0.0","0","0","0","0","0","0.0","0","","0","0.000","0","","0","","0","","0","0","0.0","0","0.0","","","100.0","","","","0.00","","0.0","0.0","0.0","0.00","0.0"
"397","Tank Bigsby","JAX, PHI","RB","16","2025","2","100.0","0.0","0","0.0","0","0.0","0.0","","0","","0","0.0","0.0","","0.00","","0","","","","0","0.0","0","0","0","0","0","0.0","0","","0","0.000","0","","0","","0","","0","0","0.0","0","0.0","","","100.0","","","","0.00","","0.0","0.0","0.0","0.00","0.0"
"398","Julian Hill","MIA","TE","14","2025","2","100.0","0.0","0","0.0","0","0.0","0.0","","0","","0","0.0","0.0","","0.00","","0","","","","0","0.0","0","0","0","0","0","0.0","0","","0","0.000","0","","0","","0","","0","0","0.0","0","0.0","","","100.0","","","","0.00","","0.0","0.0","0.0","0.00","0.0"
"399","Alvin Kamara","NO","RB","11","2025","4","100.0","0.0","0","0.0","0","0.0","0.0","","0","","0","0.0","0.0","","0.00","","0","","","","0","0.0","0","0","0","0","0","0.0","0","","0","0.000","0","","0","","0","","0","0","0.0","0","0.0","","","100.0","","","","0.00","","0.0","0.0","0.0","0.00","0.0"
"400","Savion Williams","GB","WR","12","2025","6","100.0","0.0","0","0.0","0","0.0","0.0","","0","","0","0.0","0.0","","0.00","","0","","","","0","0.0","0","0","0","0","0","0.0","0","","0","0.000","0","","0","","0","","0","0","0.0","0","0.0","","","100.0","","","","0.00","","0.0","0.0","0.0","0.00","0.0"
"401","Tim Jones","MIN, JAX","WR","4","2025","1","100.0","0.0","0","0.0","0","0.0","0.0","","0","","0","0.0","0.0","","0.00","","0","","","","0","0.0","0","0","0","0","0","0.0","0","","0","0.000","0","","0","","0","","0","0","0.0","0","0.0","","","100.0","","","","0.00","","0.0","0.0","0.0","0.00","0.0"
"402","Ja'Tavion Sanders","CAR","TE","13","2025","10","76.9","7.0","7","10.9","1","0.1","11.1","0.10","0","","0","0.0","0.0","","0.00","","0","","","","0","0.0","0","0","0","0","1","14.3","0","","0","0.000","1","100.0","1","100.0","0","","0","0","0.0","0","39.6","11.1","-7.3","100.0","","","","0.00","","0.0","1.5","0.1","0.15","1.5"
"403","Ben Sinnott","WAS","TE","16","2025","1","100.0","0.0","0","0.0","0","0.0","0.0","","0","","0","0.0","0.0","","0.00","","0","","","","0","0.0","0","0","0","0","0","0.0","0","","0","0.000","0","","0","","0","","0","0","0.0","0","0.0","","","100.0","","","","0.00","","0.0","0.0","0.0","0.00","0.0"
"404","Brevyn Spann-Ford","DAL","TE","17","2025","1","100.0","0.0","0","0.0","0","0.0","0.0","","0","","0","0.0","0.0","","0.00","","0","","","","0","0.0","0","0","0","0","0","0.0","0","","0","0.000","0","","0","","0","","0","0","0.0","0","0.0","","","100.0","","","","0.00","","0.0","0.0","0.0","0.00","0.0"
"405","Charlie Woerner","ATL","TE","17","2025","2","50.0","0.0","0","0.0","0","0.0","0.0","","0","","0","0.0","0.0","","0.00","","0","","","","0","0.0","0","0","0","0","0","0.0","0","","0","0.000","0","","0","","0","","0","0","0.0","0","0.0","","","100.0","","","","0.00","","0.0","0.0","0.0","0.00","0.0"
"406","Luke Farrell","SF","TE","17","2025","3","75.0","0.0","0","0.0","0","0.0","0.0","","0","","0","0.0","0.0","","0.00","","0","","","","0","0.0","0","0","0","0","0","0.0","0","","0","0.000","0","","0","","0","","0","0","0.0","0","0.0","","","100.0","","","","0.00","","0.0","0.0","0.0","0.00","0.0"